GW Watershed Name,Iwm basin names,GW Village Name,iwm village names
PKM-C-GKM-DORNALA,PKM_C-57-DORNALA-MB,Aambapuram,Ambapuram
PKM_C_Musi_Donakonda,PKM_C-59-DONAKONDA-MB,Abbayapalem,Abbaya Palem
PKM_C_Romperu_Parchuru,PKM_C-56-PARCHURU-MB,Adusumilli,Adusumalle
PKM-C-GKM-DORNALA,PKM_C-57-DORNALA-MB,Ainamukkala,Ayinamukkala
Pkm_C-Gkm_Racherla,PKM_C-57-RACHERLA-MB,Akaveedu,Akaveedu-1
PKM-C-GKM-PEDDARAVEEDU,PKM_C-57-PEDDARAVEEDU-MB,Akkacheruvu,Akkacheruvu
PKM_C_Musi_Podili,PKM_C-59-PODILI-MB,Akkacheruvu,Akka Cheruvu
PKM_C_GKM_Darsi,PKM_C-57-DARSI-MB,Akkamambapuram,Akkamamba Puram
PKM-D-KRISHNA-PALUTLA,PKM_D-44-PALUTLA-MB,Alatam,Allatam
PKM_C_Musi_Donakonda,PKM_C-59-DONAKONDA-MB,Alavalapadu,Alavalapadu
PKM_C_Romperu_J.Panguluru,PKM_C-56-J.PANGALURU-MB,Alavalapadu,Alavalapadu-1
PKM_C_Sagileru_Allinagaram,PKM_C-70-ALLINAGARAM-MB,Allinagaram,Allinagaram
PKM-C-GKM-Y.PALEM,PKM_C-57-YERRAGONDAPALEM-MB,Allipalem(RF),Alli Palem
PKM_C_G&M_Kothapatnam,PKM_C-58-KOTHAPATNAM-MB,Aluru,Allur-2
PKM_C_G&M_Kothapatnam,PKM_C-58-KOTHAPATNAM-MB,Aluru,Allur-2
PKM-C-GKM-Boyalapalli,PKM_C-57-BOYALAPALLI-MB,Amanigudipadu,Ammani Gudi Padu
PKM-C-MUSI-K.K.MITLA,PKM_C-59-KKMITLA-MB,Ambapuram,Ambapuram-1
PKM_C_MN_C.S.Puram,PKM_C-61-C.S.PURAM-MB,Ambavaram,Ambavaram-1
PKM_C_SAGILERU_GIDDALURU,PKM_C-70-GIDDALUR-MB,Ambavaram,Ambavaram
PKM_C_GKM_Korisapadu,PKM_C-57-KORISAPADU-MB,Ammanabrolu,Ammana Brolu
PKM-C-MN-ULAVAPADU,PKM_C-61-ULAVAPADU-MB,Ammavaripalem,Ammavari Palem
PKM_C_Musi_Podili,PKM_C-59-PODILI-MB,Amudalapalli,Amudala Palle
PKM_C_Musi_Kondepi,PKM_C-59-KONDEPI-MB,Anakarlapudi,Anakarlapudi
PKM_C_GKM_Addanki,PKM_C-57-ADDANKI-MB,Anamanamuru,Anamanamur
PKM_C_PL_H.M.Padu,PKM_C-60-H.M.PADU-MB,Anandapuram,Annada Puram
PKM-C-MN-KANDUKUR,PKM_C-61-KANDUKURU-MB,Anandapuram,Anandapuram-1
PKM-C-MN-KANDUKUR,PKM_C-61-KANDUKURU-MB,Anantasagaram,Anantha Sagaram
Pkm_C-Gkm_Racherla,PKM_C-57-RACHERLA-MB,Ananthapalli,Anantha Palle
PKM_C_Romperu_Parchuru,PKM_C-56-PARCHURU-MB,Ananthavaram,Ananthavaram-6
PKM_C_Musi_Kondepi,PKM_C-59-KONDEPI-MB,Ananthavaram,Ananthavaram-2
PKM-C-GKM-RUDRASAMUDRAM,PKM_C-57-RUDRASAMUDRAM-MB,Anantvaram,Ananthavaram-1
PKM_C_MN_C.S.Puram,PKM_C-61-C.S.PURAM-MB,Anikepalli,Anikalla Palle
PKM_C_Musi_Kondepi,PKM_C-59-KONDEPI-MB,Ankepalli,Ankepalle
PKM_C_GKM_Korisapadu,PKM_C-57-KORISAPADU-MB,Annangi,Annangi
PKM-C-GKM-PULLALACHERUVU,PKM_C-57-PULLACHERUVU-MB,Annasamudram,Annasamudram
PKM_C_Musi_Donakonda,PKM_C-59-DONAKONDA-MB,Annavaram,Anna Varam
PKM_C_Musi_Podili,PKM_C-59-PODILI-MB,Annavaram,Anna Varam-1
PKM-C-MN-GUDLURU,PKM_C-61-GUDLUR-MB,Anneboinapalli,Anneboinapalle
PKM_C_MN_Pamuru,PKM_C-61-PAMURU-MB,Anumalakonda,Anumalakonda
Pkm_C-Gkm_Racherla,PKM_C-57-RACHERLA-MB,Anumalapalli,Anumula Palle
PKM_C_Musi_Donakonda,PKM_C-59-DONAKONDA-MB,Aravallipadu,Aravallipadu
PKM_C_MN_C.S.Puram,PKM_C-61-C.S.PURAM-MB,Arivemula,Arivemula
PKM_C-GKM_ARDHAVEEDU,PKM_C-57-ARTHAVEEDU-MB,Arthaveedu,Ardhaveedu-1
PKM-C-MUSI-K.K.MITLA,PKM_C-59-KKMITLA-MB,Aswarayunipalem,Aswarayuni Palem
PKM-C-MN-KANDUKUR,PKM_C-61-KANDUKURU-MB,Atmakuru,Atmakur-1
PKM-c-Romperu-Karamchedu,PKM_C-56-KARAMCHEDU-MB,Audipudi,Audi Pudi
PKM-C-GKM-CUMBUM,PKM_C-57-CUMBUM-MB,Aurangabad,Auranga Bad
PKM_C_GKM_Mundlamuru,PKM_C-57-MUNDLAMURU-MB,Avisanavaripalem,Avisanavaripalem
PKM-C-GKM-RUDRASAMUDRAM,PKM_C-57-RUDRASAMUDRAM-MB,Avulamanda,Avulamanda
PKM-C-GKM-PULLALACHERUVU,PKM_C-57-PULLACHERUVU-MB,Ayyagaripalli,Ayyagari Palle
PKM_C_MN_Pamuru,PKM_C-61-PAMURU-MB,Ayyannakota,Ayyannakota
PKM-C-PL-KANIGIRI,PKM_C-60-KANIGIRI-MB,Ayyannapalem,Ayyanapalem
PKM-C-PL-JARUGUMALLI,PKM_C-60-JARUGUMILLI-MB,Ayyaparajupalem,Ayyaparaju Palem
PKM_C-GKM_ARDHAVEEDU,PKM_C-57-ARTHAVEEDU-MB,Ayyavaripalli,Ayyavari Palle
PKM-C-MN-KANDUKUR,PKM_C-61-KANDUKURU-MB,Ayyavaripalli,Ayyavaripalle
PKM_C_MN_Pamuru,PKM_C-61-PAMURU-MB,Ayyavaripalli,Ayyavaripalle-1
PKM-C-MUSI-CHILAKAPADU,PKM_C-59-CHILAKAPADU-MB,B.Machavaram(Madduluru),Bhatla Machavaram
PKM-C-MUSI-CHILAKAPADU,PKM_C-59-CHILAKAPADU-MB,B.Machavaram(Madduluru),Bhatla Machavaram
PKM_C_GKM_B.PETA,PKM_C-57-B.PETA-MB,B.pet,Bestawaripeta
PKM_C_Musi_Podili,PKM_C-59-PODILI-MB,Bachchalakurapadu,Batchalakurapadu
PKM-C-MN-ULAVAPADU,PKM_C-61-ULAVAPADU-MB,Baddipudi,Baddepudi
PKM-C-MN-GUDLURU,PKM_C-61-GUDLUR-MB,Baddipudi,Baddepudi
PKM-C-GKM-CUMBUM,PKM_C-57-CUMBUM-MB,Badekhanpet,Badekhanpeta
PKM_C_Sagileru_Komarolu,PKM_C-70-KOMAROLU-MB,Badinenipalli,Badineni Palle
PKM-C-PL-KANIGIRI,PKM_C-60-KANIGIRI-MB,Baduguleru,Baduguleru
PKM-C-GKM-DORNALA,PKM_C-57-DORNALA-MB,Badveedu,Badveedu
PKM-D-KRISHNA-PALUTLA,PKM_D-44-PALUTLA-MB,Baipenta,Bai Penta
PKM_C_Musi_Donakonda,PKM_C-59-DONAKONDA-MB,Balapuram,Bala Puram
PKM-C-PL-BALLIPALLI,PKM_C-60-BALLIPALLI-MB,Balavenkatapuram,Balavenkata Puram
PKM_C_MN_Pamuru,PKM_C-61-PAMURU-MB,Balijapalem,Balijapalem
PKM_D_LK_Garinipenta,PKM_D-44_GARNIPENTA-MB,Ballagondipenta,Billagondi Penta
PKM-C-PL-VELIGANDLA,PKM_C-60-VELIGANDLA-MB,Ballavaram,Ballavaram
PKM_C_Romperu_Ballikurava,PKM_C-56-BALLIKURVA-MB,Ballikurava ,Ballikurava
PKM_C_Romperu_Ballikurava,PKM_C-56-BALLIKURVA-MB,Ballikurava ,Ballikurava
PKM-C-PL-BALLIPALLI,PKM_C-60-BALLIPALLI-MB,Ballipalli,Balli Palle
PKM_C_Musi_Donakonda,PKM_C-59-DONAKONDA-MB,Bandalapaya,Bandellapaya
PKM_C_Musi_Donakonda,PKM_C-59-DONAKONDA-MB,BandiVeligandla,Bandiveligandla
PKM-C-G&M-CHEEMAKUTHY,PKM_C-58-CHIMAKURTHY-MB,Bandlamudi,Bandlamudi
PKM-C-G&M-CHEEMAKUTHY,PKM_C-58-CHIMAKURTHY-MB,Bandlamudi,Bandlamudi
PKM_C_GKM_Mundlamuru,PKM_C-57-MUNDLAMURU-MB,Basavapuram,Basava Puram
PKM-C-MUSI-K.K.MITLA,PKM_C-59-KKMITLA-MB,Basavapuram,Basava Puram-1
PKM-C-GKM-KONAPALLI,PKM_C-57-KONAPALLI-MB,Basinepalli,Basine Palle
PKM-C-MN-GUDLURU,PKM_C-61-GUDLUR-MB,Basireddypalem,Basireddy Palem
PKM-C-GKM-RUDRASAMUDRAM,PKM_C-57-RUDRASAMUDRAM-MB,Battipadu,Battepadu-1
PKM-C-PL-P.C.PALLI,PKM_C-60-PC PALLY-MB,Battupalli,Battupalle
PKM_C_Romperu_J.Panguluru,PKM_C-56-J.PANGALURU-MB,Bayatamanjuluru,Bytamanjulur
PKM_C_GKM_Kurichedu,PKM_C-57-KURICHEDU-MB,Bayyavaram,Bayya Varam
PKM_C_Sagileru_Komarolu,PKM_C-70-KOMAROLU-MB,Bedusupalli,Bedusu Palle
PKM_C_GKM_Darsi,PKM_C-57-DARSI-MB,Bellamkondavaripalem,Bellamkondavari Palem
PKM_C_ROMPERU_INKOLLU,PKM_C-56-INKOLLU-MB,Bheemavaram,Bhimavaram-1
PKM_C_GKM_Edara,PKM_C-57-EDARA-MB,Bhimavaram,Bheemavaram-16
PKM-C-MN-ULAVAPADU,PKM_C-61-ULAVAPADU-MB,Bhimavaram,Bheemavaram-2
PKM_C_GKM_B.PETA,PKM_C-57-B.PETA-MB,Bhoopanaguntla,Bhupana Guntla
PKM-C-GKM-RUDRASAMUDRAM,PKM_C-57-RUDRASAMUDRAM-MB,Bhumanapalli,Bhumanapalle
PKM-C-GKM-CUMBUM,PKM_C-57-CUMBUM-MB,Bhupathipalli,Bhupathi Palle
PKM-C-MN-KANDUKUR,PKM_C-61-KANDUKURU-MB,Binginapalli,Bingini Palle
PKM_C_Romperu_Parchuru,PKM_C-56-PARCHURU-MB,Bobbepalli,Bobbe Palle
PKM_C_Musi_Donakonda,PKM_C-59-DONAKONDA-MB,Bodanampadu,Bodanampadu
PKM-C-MUSI-K.K.MITLA,PKM_C-59-KKMITLA-MB,Bodapadu,Boda Padu
PKM-C-MN-L.Samudram,PKM_C-61-L.SAMUDRAM-MB,Bodavada,Bodavada
PKM_C_Romperu_Parchuru,PKM_C-56-PARCHURU-MB,Bodavada mandaGunta,Bodawadamandagunta
PKM_C_MN_C.S.Puram,PKM_C-61-C.S.PURAM-MB,Bodavuladinne,Bodavula Dinne
PKM-C-MUSI-CHILAKAPADU,PKM_C-59-CHILAKAPADU-MB,Boddikurapadu,Boddikura Padu
PKM-C-MUSI-CHILAKAPADU,PKM_C-59-CHILAKAPADU-MB,Boddikurapadu,Boddikura Padu
PKM_C_GKM_Addanki,PKM_C-57-ADDANKI-MB,Bodduvaripalem  (Medrametla),Bodduvani Palem
PKM_C_SAGILERU_GIDDALURU,PKM_C-70-GIDDALUR-MB,Bogada,Bogada
Pkm_C_PL_Ponnalulu,PKM_C-60-PONNALULU-MB,Boganampadu,Boganampadu
PKM_C-GKM_ARDHAVEEDU,PKM_C-57-ARTHAVEEDU-MB,Bogulu,Bogolu
PKM_C_Romperu_J.Panguluru,PKM_C-56-J.PANGALURU-MB,Bollapalli,Bolla Palle
PKM_C-GKM_ARDHAVEEDU,PKM_C-57-ARTHAVEEDU-MB,Bollupalli,Bollu Palle
PKM_C_GKM_Addanki,PKM_C-57-ADDANKI-MB,Bommanampadu,Bommanampadu
PKM-C-PL-KANIGIRI,PKM_C-60-KANIGIRI-MB,Bommireddypalli,Bommireddi Palle
PKM-C-GKM-CUMBUM,PKM_C-57-CUMBUM-MB,Bondalapadu,Bondala Padu
PKM-C-PL-VELIGANDLA,PKM_C-60-VELIGANDLA-MB,Bontaguntapalli,Bonthagunta Palle
PKM_C_MN_C.S.Puram,PKM_C-61-C.S.PURAM-MB,Bonthavaripalli,Bontha Vari Palle
PKM_C_MN_Pamuru,PKM_C-61-PAMURU-MB,Botlaguduru,Botla Gudur
PKM_C_GKM_Edara,PKM_C-57-EDARA-MB,Botlapalli,Bhatla Palle
PKM-C-GKM-Boyalapalli,PKM_C-57-BOYALAPALLI-MB,Boyalapalli,Boyala Palle
PKM_C_MN_C.S.Puram,PKM_C-61-C.S.PURAM-MB,Boyamadugula,Boyamadugula
PKM-C-GKM-DORNALA,PKM_C-57-DORNALA-MB,Boyanagumpala,Boyada Gumpula
PKM_C_Sagileru_Komarolu,PKM_C-70-KOMAROLU-MB,Brahmanapalli,Brahmana Palle
PKM_C_GKM_Darsi,PKM_C-57-DARSI-MB,Brundavanam,Brundavanam
PKM-C-MUSI-K.K.MITLA,PKM_C-59-KKMITLA-MB,Budamkayalapadu,Budamkayala Padu
PKM-C-MUSI-CHILAKAPADU,PKM_C-59-CHILAKAPADU-MB,Budavada,Budavada-1
PKM-C-MUSI-CHILAKAPADU,PKM_C-59-CHILAKAPADU-MB,Budavada,Budavada-1
PKM_C_Romperu_J.Panguluru,PKM_C-56-J.PANGALURU-MB,Budavada,Budavada
PKM_C_Musi_Donakonda,PKM_C-59-DONAKONDA-MB,Bukkapuram,Bukka Puram
PKM_C_MN_Pamuru,PKM_C-61-PAMURU-MB,Bukkapuram,Bukkapuram-3
PKM-C-MUSI-K.K.MITLA,PKM_C-59-KKMITLA-MB,Buradapaelm,Burada Palem
PKM-D-KRISHNA-PALUTLA,PKM_D-44-PALUTLA-MB,Burugundla,Buru Gundala
PKM-C-MUSI-CHILAKAPADU,PKM_C-59-CHILAKAPADU-MB,Busarlapalli,Bhusura Palle
PKM-C-MUSI-CHILAKAPADU,PKM_C-59-CHILAKAPADU-MB,Busarlapalli,Bhusura Palle
PKM_C_Musi_Kondepi,PKM_C-59-KONDEPI-MB,C.A.B.Kandrika,C G Anantha Bhotla Vari Khandrika
PKM_C_Musi_Kondepi,PKM_C-59-KONDEPI-MB,C.G.C.Kandrika,C G Chamarthivarikhandrika
PKM_C_Musi_Kondepi,PKM_C-59-KONDEPI-MB,C.M.Kandrika,C G Mamidalavarikhandrika
PKM_C_MN_C.S.Puram,PKM_C-61-C.S.PURAM-MB,C.S.Puram,Chandra Sekhara Puram
PKM-C-PL-P.C.PALLI,PKM_C-60-PC PALLY-MB,Ch.varimadugu,Chinavari Madugu
PKM_C_GKM_Korisapadu,PKM_C-57-KORISAPADU-MB,Chadalawada,Chadalawada
PKM-C-MN-ULAVAPADU,PKM_C-61-ULAVAPADU-MB,Chagollu,Chagallu-1
PKM-C-MN-ULAVAPADU,PKM_C-61-ULAVAPADU-MB,Chakicherla,Chaki Cherla
PKM-C-PL-KANIGIRI,PKM_C-60-KANIGIRI-MB,Chakirala,Chakirala
PKM_C_GKM_Addanki,PKM_C-57-ADDANKI-MB,Chakrayapalem,Chakraya Palem
PKM_C_Musi_Donakonda,PKM_C-59-DONAKONDA-MB,Chalivendra,Chalivendra
PKM-C-PL-KANIGIRI,PKM_C-60-KANIGIRI-MB,Challagirigala,Challagirigala
PKM_C_Musi_Donakonda,PKM_C-59-DONAKONDA-MB,Chandaluru,Chandaluru
PKM_C_Romperu_J.Panguluru,PKM_C-56-J.PANGALURU-MB,Chandaluru,Chandalur
PKM-C-GKM-RUDRASAMUDRAM,PKM_C-57-RUDRASAMUDRAM-MB,Chandavaram,Chandavaram-1
PKM-C-G&M-CHEEMAKUTHY,PKM_C-58-CHIMAKURTHY-MB,Chandrapadu,Chandrapadu
PKM-C-G&M-CHEEMAKUTHY,PKM_C-58-CHIMAKURTHY-MB,Chandrapadu,Chandrapadu
PKM-C-GKM-KAVALAKUNTLA,PKM_C-57-KAVALAKUNTLA-MB,Chapalamadugu,Chapala Madugu
PKM-C-PL-JARUGUMALLI,PKM_C-60-JARUGUMILLI-MB,Chathukapadu,Chatukupadu
PKM-C-GKM-DORNALA,PKM_C-57-DORNALA-MB,Chatlamitta,Chatla Mitta
PKM_C_SAGILERU_GIDDALURU,PKM_C-70-GIDDALUR-MB,Chattireddypalli,Chatti Reddy Palle
PKM-C-G&M-CHEEMAKUTHY,PKM_C-58-CHIMAKURTHY-MB,Cheemakurthy,Chimakurthi-1
PKM-C-G&M-CHEEMAKUTHY,PKM_C-58-CHIMAKURTHY-MB,Cheemakurthy,Chimakurthi-1
PKM-C-G&M-CHEEMAKUTHY,PKM_C-58-CHIMAKURTHY-MB,Chejerla,Chejerla-1
PKM-C-G&M-CHEEMAKUTHY,PKM_C-58-CHIMAKURTHY-MB,Chejerla,Chejerla-1
PKM-C-G&M-CHEEMAKUTHY,PKM_C-58-CHIMAKURTHY-MB,Chekurapadu,Chekura Padu
PKM-C-G&M-CHEEMAKUTHY,PKM_C-58-CHIMAKURTHY-MB,Chekurapadu,Chekura Padu
PKM-C-PL-KANIGIRI,PKM_C-60-KANIGIRI-MB,Chennakesavapuram,Chennakesavapuram
PKM-C-GKM-MARRIVEMULA,PKM_C-57-MARRIVEMULA-MB,Chennapalem,Chennapalem
PKM_C_MN_C.S.Puram,PKM_C-61-C.S.PURAM-MB,Chennapanayudipalli,Chennapanayuni Palle
PKM_C_GKM_Markapuram(NC),PKM_C-57-MARKAPURAM-MB,Chennareddypalli,Chenna Reddi Palle
Pkm_C_PL_Ponnalulu,PKM_C-60-PONNALULU-MB,Chennipadu,Chennipadu
PKM_C_Romperu_Parchuru,PKM_C-56-PARCHURU-MB,Chennubotlapalem,Chennubhotla Palem
PKM_C_Romperu_Ballikurava,PKM_C-56-BALLIKURVA-MB,Chennupalli,Chennupalle-1
PKM_C_Romperu_Ballikurava,PKM_C-56-BALLIKURVA-MB,Chennupalli,Chennupalle-1
PKM_C_Romperu_Parchuru,PKM_C-56-PARCHURU-MB,Cherukuru,Cherukuru-1
Pkm_C_PL_Ponnalulu,PKM_C-60-PONNALULU-MB,Cherukuru,Cherukuru
PKM_C_GKM_Darsi,PKM_C-57-DARSI-MB,Cheruvukommupalem,Cheruvu Komma Palem
PKM-C-GKM-ONGOLE,PKM_C-58-ONGOLE-MB,Cheruvukommupalem,Cheruvu Kommu Palem
PKM_C_GKM_Korisapadu,PKM_C-57-KORISAPADU-MB,Chervanuppalapadu,Cheervanuppala Padu
PKM-C-MN-ULAVAPADU,PKM_C-61-ULAVAPADU-MB,Chevuru,Chevuru
PKM-C-GKM-DORNALA,PKM_C-57-DORNALA-MB,Chilakacherla(RF),Chilaka Cherla Gudem
PKM-C-MUSI-CHILAKAPADU,PKM_C-59-CHILAKAPADU-MB,Chilakapadu,Chilakapadu
PKM-C-MUSI-CHILAKAPADU,PKM_C-59-CHILAKAPADU-MB,Chilakapadu,Chilakapadu
PKM_C_MN_Pamuru,PKM_C-61-PAMURU-MB,Chilakapadu,Chilakapadu-1
PKM_C_Musi_Kondepi,PKM_C-59-KONDEPI-MB,Chilamkuru,Chilamkuru
PKM_C_MN_Pamuru,PKM_C-61-PAMURU-MB,Chilankuru,Chilamkur
PKM-C-MN-L.Samudram,PKM_C-61-L.SAMUDRAM-MB,Chimalapenta,Cheemalapenta
PKM_C_Musi_Kondepi,PKM_C-59-KONDEPI-MB,Chimata,Chimata
PKM_C_GKM_Addanki,PKM_C-57-ADDANKI-MB,China Kothapalli,Chinakotha Palle
PKM-C-MUSI-CHILAKAPADU,PKM_C-59-CHILAKAPADU-MB,China Uyyalavada,China Uyyalawada
PKM-C-MUSI-CHILAKAPADU,PKM_C-59-CHILAKAPADU-MB,China Uyyalavada,China Uyyalawada
PKM-C-PL-KANIGIRI,PKM_C-60-KANIGIRI-MB,Chinaalavalapadu,Chinaalavala Padu
PKM-C-GKM-DORNALA,PKM_C-57-DORNALA-MB,Chinadornala,China Dornala
PKM-C-PL-KANIGIRI,PKM_C-60-KANIGIRI-MB,Chinaeerlapadu,China Irlapadu
PKM_C_Romperu_J.Panguluru,PKM_C-56-J.PANGALURU-MB,Chinaganjam,Chinaganjam-1
PKM_C_PL_H.M.Padu,PKM_C-60-H.M.PADU-MB,Chinagollapalli,Chinagolla Palle
PKM_C_PL_H.M.Padu,PKM_C-60-H.M.PADU-MB,Chinamanagundam,Chinamanagundam
PKM_C_Musi_Podili,PKM_C-59-PODILI-MB,Chinarikatla,Chinarikatla-1
PKM_C_GKM_B.PETA,PKM_C-57-B.PETA-MB,Chinna Cumbum,China Cumbum
PKM-C-MN-GUDLURU,PKM_C-61-GUDLUR-MB,Chinna latrapi,Chinala Trapi
PKM-C-MN-GUDLURU,PKM_C-61-GUDLUR-MB,Chinna Pavani,Chinapavani
Pkm_C-Gkm_Racherla,PKM_C-57-RACHERLA-MB,Chinnaganipalli,Chinnagani Palle
PKM_C_Musi_Kondepi,PKM_C-59-KONDEPI-MB,Chinnakandlagunta,Chinakandla Gunta
PKM-C-GKM-DORNALA,PKM_C-57-DORNALA-MB,Chinnamanthanala(RF),China Manthanala
PKM-C-GKM-KONAPALLI,PKM_C-57-KONAPALLI-MB,Chinnaobenenipall,China Obeneni Palle
PKM-D-KRISHNA-PEDDARUTLA,PKM_D-44-PEDDARUTLA-MB,Chinnarutla,China Arutla
PKM_C_GKM_Mundlamuru,PKM_C-57-MUNDLAMURU-MB,Chinnaullagallu,Chinnavullagallu
PKM_C_Musi_Kondepi,PKM_C-59-KONDEPI-MB,Chinnavenkannapalem(50%),China Venkana Palem
PKM_C_Musi_Podili,PKM_C-59-PODILI-MB,Chintagumpalli,Chintagum Palle
PKM-C-PL-P.C.PALLI,PKM_C-60-PC PALLY-MB,Chintagumpalli,Chinthagum Palle-1
PKM-C-MUSI-K.K.MITLA,PKM_C-59-KKMITLA-MB,Chintagunta,Chinta Gunta
PKM-C-GKM-CUMBUM,PKM_C-57-CUMBUM-MB,Chintakunta,Chintakunta-1
PKM_C_MN_C.S.Puram,PKM_C-61-C.S.PURAM-MB,Chintalapalem,Chintala Palem
PKM_C_Sagileru_Komarolu,PKM_C-70-KOMAROLU-MB,Chintalapalli,Chinthala Palle
PKM_C_GKM_Mundlamuru,PKM_C-57-MUNDLAMURU-MB,Chintalapudi,Chintalapudi-1
PKM_C_Romperu_J.Panguluru,PKM_C-56-J.PANGALURU-MB,Chinthagumpalli,Chinthagum Palle
PKM-C-GKM-DORNALA,PKM_C-57-DORNALA-MB,Chinthala(RF),Chinthala
PKM-C-GKM-CUMBUM,PKM_C-57-CUMBUM-MB,Chinthalapalem,Chinthala Palem
PKM_C_MN_Pamuru,PKM_C-61-PAMURU-MB,Chinthalapalem,Chinthalapalem
PKM_C_MN_Pamuru,PKM_C-61-PAMURU-MB,Chinthalapudi,Chinthapudi
PKM_C_Romperu_Chirala,PKM_C-56-CHEERALA-MB,CHIRALA ,Chirala (Rural)
PKM-C-PL-BALLIPALLI,PKM_C-60-BALLIPALLI-MB,Chirladinne,Chirla Dinne
PKM-C-PL-JARUGUMALLI,PKM_C-60-JARUGUMILLI-MB,Chirukurapadu,Chirrikura Padu
PKM-C-PL-BALLIPALLI,PKM_C-60-BALLIPALLI-MB,Chodavaram,Chodavaram-2
PKM_C_Musi_Kondepi,PKM_C-59-KONDEPI-MB,Chodavaram,Chodavaram-1
Pkm_C-Gkm_Racherla,PKM_C-57-RACHERLA-MB,Chollaveedu,Chollaveedu
PKM-C-GKM-PULLALACHERUVU,PKM_C-57-PULLACHERUVU-MB,Chotapacherla,Chowtapa Charla
PKM-C-MN-KANDUKUR,PKM_C-61-KANDUKURU-MB,Chowtapalem,Chouta Palem
PKM-C-GKM-PULLALACHERUVU,PKM_C-57-PULLACHERUVU-MB,Chowtapalli,Chowtapalle
PKM-C-MN-KANDUKUR,PKM_C-61-KANDUKURU-MB,Chundi,Chundi
PKM-C-GKM-CUMBUM,PKM_C-57-CUMBUM-MB,Cumbum,Cumbum-1
PKM-C-GKM-PEDDARAVEEDU,PKM_C-57-PEDDARAVEEDU-MB,Cumbumpadu,Cumbampadu
PKM-C-GKM-Y.PALEM,PKM_C-57-YERRAGONDAPALEM-MB,Daddanala(RF),Daddanala
PKM_C_GKM_B.PETA,PKM_C-57-B.PETA-MB,Daddawada,Daddawada
PKM_C_MN_Pamuru,PKM_C-61-PAMURU-MB,Dadireddypalli,Dadireddi Pallle
PKM-c-Romperu-Karamchedu,PKM_C-56-KARAMCHEDU-MB,Daggupadu,Daggubadu
PKM_C_GKM_Darsi,PKM_C-57-DARSI-MB,Darsi,Darsi-1
PKM_C_Romperu_Parchuru,PKM_C-56-PARCHURU-MB,Darsi,Darsiagraharam
PKM_C_MN_C.S.Puram,PKM_C-61-C.S.PURAM-MB,Darsiguntapeta,Darsigunta Peta-1
PKM_C_MN_C.S.Puram,PKM_C-61-C.S.PURAM-MB,Darsithimmakkapalli,Darsi Thimmakka Palle
PKM-D-KRISHNA-PEDDARUTLA,PKM_D-44-PEDDARUTLA-MB,Darubailu,Dara Bayalu
PKM_C_PL_H.M.Padu,PKM_C-60-H.M.PADU-MB,Dasallapalli,Dasalla Palle-1
PKM-C-MUSI-K.K.MITLA,PKM_C-59-KKMITLA-MB,Dasallapalli,Dasalla Palle
PKM-C-PL-JARUGUMALLI,PKM_C-60-JARUGUMILLI-MB,Davagudur,Davagudur
PKM_C_GKM_Kurichedu,PKM_C-57-KURICHEDU-MB,Dekanakonda,Dekanakonda
PKM_C_GKM_Darsi,PKM_C-57-DARSI-MB,Denuvukonda,Dhenuva Konda
PKM-C-GKM-KONAPALLI,PKM_C-57-KONAPALLI-MB,Devakamarri(RF),Devaki Marri
PKM-C-GKM-PEDDARAVEEDU,PKM_C-57-PEDDARAVEEDU-MB,Devarajugattu,Devarajugattu
PKM-C-G&M-CHEEMAKUTHY,PKM_C-58-CHIMAKURTHY-MB,Devarampadu,Devaram Padu
PKM-C-G&M-CHEEMAKUTHY,PKM_C-58-CHIMAKURTHY-MB,Devarampadu,Devaram Padu
PKM-C-MUSI-CHILAKAPADU,PKM_C-59-CHILAKAPADU-MB,Devarapalem,Devarapalem
PKM-C-MUSI-CHILAKAPADU,PKM_C-59-CHILAKAPADU-MB,Devarapalem,Devarapalem
PKM_C_Romperu_Parchuru,PKM_C-56-PARCHURU-MB,Devarapalli,Devara Palle
PKM_C_GKM_Mundlamuru,PKM_C-57-MUNDLAMURU-MB,Devavaram,Devavaram
PKM_C_GKM_B.PETA,PKM_C-57-B.PETA-MB,D-gurvayapalli,Dadanaguruvai Palle
PKM-C-MN-GUDLURU,PKM_C-61-GUDLUR-MB,Dharakanipadu,Darakanipadu
PKM_C_GKM_Addanki,PKM_C-57-ADDANKI-MB,Dharmavaram,Dharmavaram-8
PKM_C_Musi_Kondepi,PKM_C-59-KONDEPI-MB,Dharmavaram,Dharamavaram
PKM-C-PL-KANIGIRI,PKM_C-60-KANIGIRI-MB,Dirisavancha,Dirisavancha
PKM_C_GKM_B.PETA,PKM_C-57-B.PETA-MB,D-krishnapuram,Dathara Krishnapuram
PKM-C-G&M-CHEEMAKUTHY,PKM_C-58-CHIMAKURTHY-MB,Doddavaram ,Doddavaram
PKM-C-G&M-CHEEMAKUTHY,PKM_C-58-CHIMAKURTHY-MB,Doddavaram ,Doddavaram
PKM-C-G&M-CHEEMAKUTHY,PKM_C-58-CHIMAKURTHY-MB,Doddavarappadu,Doddavarappadu
PKM-C-G&M-CHEEMAKUTHY,PKM_C-58-CHIMAKURTHY-MB,Doddavarappadu,Doddavarappadu
PKM_C_PL_H.M.Padu,PKM_C-60-H.M.PADU-MB,Doddichintala,Doddi Chintala
PKM_C-GKM_ARDHAVEEDU,PKM_C-57-ARTHAVEEDU-MB,Donakonda,Donakonda-1
PKM_C_Musi_Donakonda,PKM_C-59-DONAKONDA-MB,DONAKONDA (Badapuram),Bada Puram
PKM_C_Musi_Podili,PKM_C-59-PODILI-MB,Dondaleru,Dondleru
PKM-C-MN-KANDUKUR,PKM_C-61-KANDUKURU-MB,Dondapadu,Donda Padu
PKM-C-MN-KANDUKUR,PKM_C-61-KANDUKURU-MB,Doppalampadu,Dappalampadu
PKM-C-GKM-DORNALA,PKM_C-57-DORNALA-MB,Dornala,Dornala-1
PKM-D-KRISHNA-PEDDARUTLA,PKM_D-44-PEDDARUTLA-MB,DORNALA-R.F.,Dornala-1
PKM_C_GKM_Darsi,PKM_C-57-DARSI-MB,Dosakayalapadu,Dosakayalapadu
PKM_C_ROMPERU_INKOLLU,PKM_C-56-INKOLLU-MB,Dronadula,Dronadula
PKM_C_MN_Pamuru,PKM_C-61-PAMURU-MB,Dubagunta,Dubagunta-1
PKM_C_Romperu_J.Panguluru,PKM_C-56-J.PANGALURU-MB,Duddukuru,Duddukur
PKM_C_GKM_Tripuranthakam,PKM_C-57-TRIPURANTHKAM-MB,Dupadu,Dupadu-2
PKM_C_GKM_Tripuranthakam,PKM_C-57-TRIPURANTHKAM-MB,Duvvali,Duvvali
PKM_C_GKM_Korisapadu,PKM_C-57-KORISAPADU-MB,Dyvalaravuru,Dyvala Ravuru
PKM_C_GKM_Darsi,PKM_C-57-DARSI-MB,E.Veerayapalem,East Veeraya Palem
PKM-C-MN-Tiragalladinne,PKM_C-61-TIRAGALADENNE-MB,East Kodigudlapadu,East Kodigudlapadu
PKM_C_GKM_Edara,PKM_C-57-EDARA-MB,Edara,Edara-1
PKM_C_Romperu_J.Panguluru,PKM_C-56-J.PANGALURU-MB,Edumudi,Edumudi
PKM-C-MUSI-K.K.MITLA,PKM_C-59-KKMITLA-MB,Edurrallapadu,Vedurralla Padu
PKM_C_MN_C.S.Puram,PKM_C-61-C.S.PURAM-MB,Ekunampuram,Yekunam Puram
PKM_C_Ogeru_S.Maguluru,PKM_C-55-S.MAGULURU-MB,Elchuru,Elchur
PKM_C_Musi_Kondepi,PKM_C-59-KONDEPI-MB,Eluru,Yeluru
PKM-C-G&M-CHEEMAKUTHY,PKM_C-58-CHIMAKURTHY-MB,Endluru,Endluru
PKM-C-G&M-CHEEMAKUTHY,PKM_C-58-CHIMAKURTHY-MB,Endluru,Endluru
PKM-C-MUSI-CHILAKAPADU,PKM_C-59-CHILAKAPADU-MB,Enikapadu,Yenikapadu
PKM-C-MUSI-CHILAKAPADU,PKM_C-59-CHILAKAPADU-MB,Enikapadu,Yenikapadu
Pkm_C-Gkm_Racherla,PKM_C-57-RACHERLA-MB,Errabalem,Yerrabalem-2
PKM_C-GKM_ARDHAVEEDU,PKM_C-57-ARTHAVEEDU-MB,Erragunta,Yerraguntla-1
PKM_C_G&M_Kothapatnam,PKM_C-58-KOTHAPATNAM-MB,Ethamukkala,Ethamukkala
PKM_C_G&M_Kothapatnam,PKM_C-58-KOTHAPATNAM-MB,Ethamukkala,Ethamukkala
PKM_C_GKM_Markapuram(NC),PKM_C-57-MARKAPURAM-MB,Fatehpuram,Pathe Puram
PKM_C_Sagileru_Komarolu,PKM_C-70-KOMAROLU-MB,forest&hilly area,Forest-32
PKM_C_Musi_Kondepi,PKM_C-59-KONDEPI-MB,G.Agraharam,Gosukonda Agraharam
PKM_C_Musi_Kondepi,PKM_C-59-KONDEPI-MB,G.D.Kandrika,G Dharbakulavarikhandrika
PKM-C-MUSI-CHILAKAPADU,PKM_C-59-CHILAKAPADU-MB,G.kattubadi,Gosuvandla Kattubadi
PKM-C-MUSI-CHILAKAPADU,PKM_C-59-CHILAKAPADU-MB,G.kattubadi,Gosuvandla Kattubadi
PKM-C-MUSI-CHILAKAPADU,PKM_C-59-CHILAKAPADU-MB,G.Lakshmipuram,Gunduvari Laxmipuram
PKM-C-MUSI-CHILAKAPADU,PKM_C-59-CHILAKAPADU-MB,G.Lakshmipuram,Gunduvari Laxmipuram
PKM-C-PL-KANIGIRI,PKM_C-60-KANIGIRI-MB,G.Mekapadu,G.Meka Padu
PKM_C_Sagileru_Komarolu,PKM_C-70-KOMAROLU-MB,G.Moranaipalli,Guduru Moravai Palle
PKM-C-PL-VELIGANDLA,PKM_C-60-VELIGANDLA-MB,G.Sitaramapuram,Gandla Seetharam Puram
PKM_C_SAGILERU_GIDDALURU,PKM_C-70-GIDDALUR-MB,Gadikota,Gadikota
PKM-C-G&M-CHEEMAKUTHY,PKM_C-58-CHIMAKURTHY-MB,Gadiyapudi,Gadiyapudi
PKM-C-G&M-CHEEMAKUTHY,PKM_C-58-CHIMAKURTHY-MB,Gadiyapudi,Gadiyapudi
PKM-C-MUSI-K.K.MITLA,PKM_C-59-KKMITLA-MB,Gajjalakonda,Gajjala Konda
PKM-C-GKM-KONAPALLI,PKM_C-57-KONAPALLI-MB,Galijerugulla,Galijerugulla
PKM-C-GKM-PULLALACHERUVU,PKM_C-57-PULLACHERUVU-MB,Ganapavaram,Ganapavaram-3
PKM-C-PL-VELIGANDLA,PKM_C-60-VELIGANDLA-MB,Ganesunipalli,Ganesuni Palle
PKM_C_Musi_Donakonda,PKM_C-59-DONAKONDA-MB,Ganeswarapuram,Ganeswara Puram
PKM_C_Musi_Donakonda,PKM_C-59-DONAKONDA-MB,Gangadonakonda,Gangadona Konda
PKM-C-GKM-Boyalapalli,PKM_C-57-BOYALAPALLI-MB,Gangapalem,Ganga Palem
PKM-C-MN-L.Samudram,PKM_C-61-L.SAMUDRAM-MB,Gangapalem,Gangapalem
PKM_C_Romperu_J.Panguluru,PKM_C-56-J.PANGALURU-MB,Gangavaram,Ganga Varam
PKM_C_Musi_Kondepi,PKM_C-59-KONDEPI-MB,Gangipalem,Ganjipalem
PKM-C-MUSI-K.K.MITLA,PKM_C-59-KKMITLA-MB,Ganimanapadu,Ganivani Padu
PKM_C_Romperu_Parchuru,PKM_C-56-PARCHURU-MB,Gannavaram,Gannavaram-1
PKM-C-PL-VELIGANDLA,PKM_C-60-VELIGANDLA-MB,Gannavaram,Ganna Varam
PKM-C-GKM-CUMBUM,PKM_C-57-CUMBUM-MB,Gannepalli,Gannepalle
PKM-C-MUSI-K.K.MITLA,PKM_C-59-KKMITLA-MB,Ganugapenta,Ganugapenta
PKM-C-PL-KANIGIRI,PKM_C-60-KANIGIRI-MB,Ganugupenta,Ganuga Penta
PKM-C-GKM-PULLALACHERUVU,PKM_C-57-PULLACHERUVU-MB,Garapenta(RF),Garapenta
PKM-C-MUSI-K.K.MITLA,PKM_C-59-KKMITLA-MB,Garimenapenta,Garimana Penta
PKM-C-MUSI-K.K.MITLA,PKM_C-59-KKMITLA-MB,Garladenne,Garladinne-2
PKM-C-G&M-CHEEMAKUTHY,PKM_C-58-CHIMAKURTHY-MB,Garlapadu,Garlapadu
PKM-C-G&M-CHEEMAKUTHY,PKM_C-58-CHIMAKURTHY-MB,Garlapadu,Garlapadu
PKM-C-PL-KANIGIRI,PKM_C-60-KANIGIRI-MB,Garlapeta,Garla Peta
PKM_C_Romperu_Parchuru,PKM_C-56-PARCHURU-MB,Garnepudi,Garnepudi
PKM_D_LK_Garinipenta,PKM_D-44_GARNIPENTA-MB,Garnipenta,Garini Penta
PKM_C_Romperu_Chirala,PKM_C-56-CHEERALA-MB,Gavinivaripalem,Gavinivari Palem
PKM_C_SAGILERU_GIDDALURU,PKM_C-70-GIDDALUR-MB,Giddalur,Giddaluru-1
PKM-C-GKM-PEDDARAVEEDU,PKM_C-57-PEDDARAVEEDU-MB,Gobbur,Gobburu
PKM_C_GKM_Markapuram(NC),PKM_C-57-MARKAPURAM-MB,Goguladinne,Goguladinne
PKM-C-PL-KANIGIRI,PKM_C-60-KANIGIRI-MB,Gogulapally,Chowta Gogula Palle
PKM_C_GKM_Tripuranthakam,PKM_C-57-TRIPURANTHKAM-MB,Gollapalli,Golla Palle-1
PKM_C_GKM_Markapuram(NC),PKM_C-57-MARKAPURAM-MB,Gollapalli,Golla Palle
PKM_C_Romperu_Parchuru,PKM_C-56-PARCHURU-MB,Gollapudi,Gollapudi-1
PKM-C-GKM-Boyalapalli,PKM_C-57-BOYALAPALLI-MB,Gollavidipi,Gollavidipi-1
PKM_C_Romperu_J.Panguluru,PKM_C-56-J.PANGALURU-MB,Gonasapudi,Gonasapudi
PKM-C-MUSI-CHILAKAPADU,PKM_C-59-CHILAKAPADU-MB,Gonuguntla,Gonugunta
PKM-C-MUSI-CHILAKAPADU,PKM_C-59-CHILAKAPADU-MB,Gonuguntla,Gonugunta
PKM_C_GKM_Addanki,PKM_C-57-ADDANKI-MB,Gopalapuram,Gopalapuram-1
PKM_C_Ogeru_S.Maguluru,PKM_C-55-S.MAGULURU-MB,Gopapuram Agraharam,Gopapuram
PKM_C_GKM_Addanki,PKM_C-57-ADDANKI-MB,Gorrepadu,Gorre Padu
PKM_C_GKM_Markapuram(NC),PKM_C-57-MARKAPURAM-MB,Goruguntalapadu,Gorugunthala Padu
PKM-C-PL-P.C.PALLI,PKM_C-60-PC PALLY-MB,Gosigundla,Gosigundala
PKM-C-PL-KANIGIRI,PKM_C-60-KANIGIRI-MB,Gosulaveedu,Gosulaveedu
PKM_C_PL_H.M.Padu,PKM_C-60-H.M.PADU-MB,Gotlagattu,Gotlagattu-1
PKM-C-GKM-PEDDARAVEEDU,PKM_C-57-PEDDARAVEEDU-MB,Gottipadia,Gottipadia
PKM-C-G&M-CHEEMAKUTHY,PKM_C-58-CHIMAKURTHY-MB,Gudimendlapadu,Gudimella Padu
PKM-C-G&M-CHEEMAKUTHY,PKM_C-58-CHIMAKURTHY-MB,Gudimendlapadu,Gudimella Padu
PKM_C_GKM_B.PETA,PKM_C-57-B.PETA-MB,Gudimetta,Gudimetla
PKM_C_Musi_Donakonda,PKM_C-59-DONAKONDA-MB,Gudipadu,Gudipadu-1
PKM-C-PL-KANIGIRI,PKM_C-60-KANIGIRI-MB,Gudipadu,Gudipadu-3
PKM-C-MN-GUDLURU,PKM_C-61-GUDLUR-MB,Gudlapalem,Gundlapalem
PKM-C-MN-GUDLURU,PKM_C-61-GUDLUR-MB,Gudluru,Gudluru-1
PKM-C-MUSI-CHILAKAPADU,PKM_C-59-CHILAKAPADU-MB,Gummalampadu,Gummalam Padu
PKM-C-MUSI-CHILAKAPADU,PKM_C-59-CHILAKAPADU-MB,Gummalampadu,Gummalam Padu
PKM_C_MN_Pamuru,PKM_C-61-PAMURU-MB,Gummalampadu,Gummalampadu
PKM_C_GKM_Korisapadu,PKM_C-57-KORISAPADU-MB,Gundlapalli,Gundla Palle
PKM_C_Musi_Kondepi,PKM_C-59-KONDEPI-MB,Gundlasamudram,Gundla Samudram
PKM_C_MN_C.S.Puram,PKM_C-61-C.S.PURAM-MB,Gunthachennampalli,Guntachennam Palle
PKM_C_Romperu_Ballikurava,PKM_C-56-BALLIKURVA-MB,Guntupalli,Guntupalle-1
PKM_C_Romperu_Ballikurava,PKM_C-56-BALLIKURVA-MB,Guntupalli,Guntupalle-1
PKM_C_MN_Pamuru,PKM_C-61-PAMURU-MB,Guntupally,Guntu Palle
PKM-C-PL-BALLIPALLI,PKM_C-60-BALLIPALLI-MB,Guravajipeta,Guravajipeta-1
PKM-C-G&M-CHEEMAKUTHY,PKM_C-58-CHIMAKURTHY-MB,Guravareddipalem,Guruvareddy Palem
PKM-C-G&M-CHEEMAKUTHY,PKM_C-58-CHIMAKURTHY-MB,Guravareddipalem,Guruvareddy Palem
PKM-C-GKM-Boyalapalli,PKM_C-57-BOYALAPALLI-MB,Gurijapalli,Gurije Palle
PKM_C_Ogeru_S.Maguluru,PKM_C-55-S.MAGULURU-MB,Gurizepalli,Gurijepalle
PKM-C-MUSI-K.K.MITLA,PKM_C-59-KKMITLA-MB,Gurralamadugu,Gurrala Madugu
PKM_C_Musi_Kondepi,PKM_C-59-KONDEPI-MB,Gurrapadiya,Gurrappadia
PKM-C-GKM-Boyalapalli,PKM_C-57-BOYALAPALLI-MB,Gurrapusala,Gurrapusala
PKM-C-PL-VELIGANDLA,PKM_C-60-VELIGANDLA-MB,Gurugupadu,Gurugupadu
PKM-D-KRISHNA-PALUTLA,PKM_D-44-PALUTLA-MB,Guttalacheruvu,Guttalacheruvu
PKM_C_PL_H.M.Padu,PKM_C-60-H.M.PADU-MB,H.M.PADU,Hanumanthunipadu-1
PKM-C-GKM-CUMBUM,PKM_C-57-CUMBUM-MB,Hajarat gudem,Hazarat Gudem
PKM-C-PL-KANIGIRI,PKM_C-60-KANIGIRI-MB,Hajeespuram,Hazis Puram
PKM_C_PL_H.M.Padu,PKM_C-60-H.M.PADU-MB,Hanumanthapuram,Hanumantha Puram
PKM_C_PL_H.M.Padu,PKM_C-60-H.M.PADU-MB,Hazipuram,Hazee Puram
PKM-C-PL-VELIGANDLA,PKM_C-60-VELIGANDLA-MB,Hussainpuram,Hussain Puram
PKM-C-PL-JARUGUMALLI,PKM_C-60-JARUGUMILLI-MB,I.M.Kandrika,Ilavaram Mamidala Vari Khandrika
PKM-C-GKM-PULLALACHERUVU,PKM_C-57-PULLACHERUVU-MB,I.T.Varam,Isukatripuravaram
PKM_C_Sagileru_Komarolu,PKM_C-70-KOMAROLU-MB,Idamakallu,Edamakallu
PKM_C_ROMPERU_INKOLLU,PKM_C-56-INKOLLU-MB,Idupulapadu,Idupulapadu
PKM-C-GKM-PEDDARAVEEDU,PKM_C-57-PEDDARAVEEDU-MB,Idupur,Idupur
PKM-C-MUSI-K.K.MITLA,PKM_C-59-KKMITLA-MB,Igalapadu,Egalapadu
PKM-C-G&M-CHEEMAKUTHY,PKM_C-58-CHIMAKURTHY-MB,Ilapavuluru,Ilapavuluru
PKM-C-G&M-CHEEMAKUTHY,PKM_C-58-CHIMAKURTHY-MB,Ilapavuluru,Ilapavuluru
PKM_C_Musi_Kondepi,PKM_C-59-KONDEPI-MB,Ilavara,Ilavera
PKM-C-PL-VELIGANDLA,PKM_C-60-VELIGANDLA-MB,Immadicheruvu,Immadi Cheruvu
PKM_C_Romperu_Parchuru,PKM_C-56-PARCHURU-MB,Inagallu,Inagallu
PKM-C-G&M-CHEEMAKUTHY,PKM_C-58-CHIMAKURTHY-MB,Inamanamellur,Inamanamellur
PKM-C-G&M-CHEEMAKUTHY,PKM_C-58-CHIMAKURTHY-MB,Inamanamellur,Inamanamellur
PKM_C_Musi_Donakonda,PKM_C-59-DONAKONDA-MB,Indlacheruvu,Indla Cheruvu
PKM_C_MN_Pamuru,PKM_C-61-PAMURU-MB,Inimerla,Inimerla
PKM_C_ROMPERU_INKOLLU,PKM_C-56-INKOLLU-MB,Inkollu    ,Inkollu-1
PKM-C-MN-KANDUKUR,PKM_C-61-KANDUKURU-MB,Ippagunta,Ippagunta
PKM_C_Romperu_Chirala,PKM_C-56-CHEERALA-MB,Ipurupalem,Ipuru Palem (Rural)
PKM_C_Musi_Podili,PKM_C-59-PODILI-MB,Irasalagundam,Irasalagundam
PKM_C_SAGILERU_GIDDALURU,PKM_C-70-GIDDALUR-MB,Isukagundam,Isukagundam Gudem
PKM-C-PL-S.KONDA,PKM_C-60-S.KONDA-MB,J.G.Kandrika,J.G.Khandrika
PKM-C-PL-VELIGANDLA,PKM_C-60-VELIGANDLA-MB,J.Narasayapalli,Jangam Narasaya Palle
Pkm_C-Gkm_Racherla,PKM_C-57-RACHERLA-MB,J.P.Cheruvu,Jallivani Pullala Cheruvu
PKM_C_Romperu_J.Panguluru,PKM_C-56-J.PANGALURU-MB,J.Pangulur,Janakavaram Panguluru
PKM-C-MN-L.Samudram,PKM_C-61-L.SAMUDRAM-MB,J.R.Kandrika,Jagamreddi Khandrika
PKM-C-GKM-RUDRASAMUDRAM,PKM_C-57-RUDRASAMUDRAM-MB,Jagannadapuram,Jagannadhapuram-2
PKM_C_GKM_Markapuram(NC),PKM_C-57-MARKAPURAM-MB,Jagannadhapuram,Jagannadha Puram-1
PKM_C_Romperu_Parchuru,PKM_C-56-PARCHURU-MB,Jagarlamudi,Jagarlamudi
PKM_C_Musi_Podili,PKM_C-59-PODILI-MB,Jahulapuram,Jafala Puram
PKM-C-PL-BALLIPALLI,PKM_C-60-BALLIPALLI-MB,Jammalamadaka,Jammalamadaka
PKM-C-GKM-PEDDARAVEEDU,PKM_C-57-PEDDARAVEEDU-MB,Jammanapalli,Jammana Palle
PKM_C_Musi_Donakonda,PKM_C-59-DONAKONDA-MB,Jammigumpala,Jammigumpala  @  K.S.Palem
PKM_C_GKM_Edara,PKM_C-57-EDARA-MB,Jammulamadaka,Jammalamadaka-1
PKM_C_Musi_Donakonda,PKM_C-59-DONAKONDA-MB,Jamukaladinne,Jamukuladinne
PKM_C_Romperu_Parchuru,PKM_C-56-PARCHURU-MB,Jangameswarapuram,Jangamaheswarapuram
PKM-C-GKM-CUMBUM,PKM_C-57-CUMBUM-MB,Jangamguntla,Jangamguntla
PKM-C-MUSI-K.K.MITLA,PKM_C-59-KKMITLA-MB,Jangamreddypalli,Jangamreddi Palle
PKM-C-PL-JARUGUMALLI,PKM_C-60-JARUGUMILLI-MB,Jarugumalli,Zarugumilli-1
PKM-C-PL-JARUGUMALLI,PKM_C-60-JARUGUMILLI-MB,Jayavaram,Jayavaram
PKM-C-PL-S.KONDA,PKM_C-60-S.KONDA-MB,Jillelamudi,Jillelamudi
PKM_C_GKM_B.PETA,PKM_C-57-B.PETA-MB,J-Krishnapuram,Jaggambotla Krishnapuram
PKM_C_Romperu_Parchuru,PKM_C-56-PARCHURU-MB,Jonnathali,Jonna Thali Agraharam
PKM_C_Musi_Kondepi,PKM_C-59-KONDEPI-MB,Juvvigunta,Juvvi Gunta
PKM-C-G&M-CHEEMAKUTHY,PKM_C-58-CHIMAKURTHY-MB,K.Agraharam,Kandurivari Agraharam
PKM-C-G&M-CHEEMAKUTHY,PKM_C-58-CHIMAKURTHY-MB,K.Agraharam,Kandurivari Agraharam
PKM-C-PL-VELIGANDLA,PKM_C-60-VELIGANDLA-MB,K.Agraharam,K.Kesavabotlavari Khandrika
PKM-C-PL-S.KONDA,PKM_C-60-S.KONDA-MB,K.Bitragunta,K.Bitragunta-1
PKM_C_Musi_Kondepi,PKM_C-59-KONDEPI-MB,K.G.Kandrika,Kondapi Gadiyaram Vari Khandrika
PKM-C-PL-VELIGANDLA,PKM_C-60-VELIGANDLA-MB,K.K.B.Kandrika,K.Kesavabotlavari Khandrika
PKM-C-MUSI-K.K.MITLA,PKM_C-59-KKMITLA-MB,K.K.Mitla,Konakanamitla-1
PKM-C-MN-ULAVAPADU,PKM_C-61-ULAVAPADU-MB,K.Rajupalem alis Ulavapadu,K.Rajupalem
PKM-C-MN-ULAVAPADU,PKM_C-61-ULAVAPADU-MB,K.S.R.Kandrika,Krishnapuram-3
PKM-C-MN-KANDUKUR,PKM_C-61-KANDUKURU-MB,K.V.Kandrika,Nekunam Puram K.Kandrika
PKM_C_Romperu_J.Panguluru,PKM_C-56-J.PANGALURU-MB,Kadavakuduru,Kadavakuduru-1
PKM-C-GKM-CUMBUM,PKM_C-57-CUMBUM-MB,Kagitalagudem,Kagitalagudem
PKM-C-PL-JARUGUMALLI,PKM_C-60-JARUGUMILLI-MB,K-Agraharam,Kamepalle Agraharam
PKM-C-GKM-CUMBUM,PKM_C-57-CUMBUM-MB,Kakarla,Kakarla
PKM_C_Musi_Kondepi,PKM_C-59-KONDEPI-MB,Kakarla,Kakarla-1
PKM-C-MN-KANDUKUR,PKM_C-61-KANDUKURU-MB,Kakuturu,Kakutur
PKM-C-GKM-PEDDARAVEEDU,PKM_C-57-PEDDARAVEEDU-MB,Kalabheemunipadu,Kolabhimunipadu
PKM-C-PL-KANIGIRI,PKM_C-60-KANIGIRI-MB,Kalagatla,Kalagatla
PKM-C-GKM-PEDDARAVEEDU,PKM_C-57-PEDDARAVEEDU-MB,Kalanuthala,Kalanuthala
PKM_C_GKM_Addanki,PKM_C-57-ADDANKI-MB,Kalavakuru,Kalavakuru
PKM-C-MUSI-K.K.MITLA,PKM_C-59-KKMITLA-MB,Kalavalapalli,Kalavala Palle
PKM-C-MN-L.Samudram,PKM_C-61-L.SAMUDRAM-MB,Kalavalla,Kalavalla
PKM-C-PL-S.KONDA,PKM_C-60-S.KONDA-MB,kalikavaya,Kalikivaya
PKM-C-GKM-RUDRASAMUDRAM,PKM_C-57-RUDRASAMUDRAM-MB,kalluru,Kallur-6
PKM-C-MUSI-K.K.MITLA,PKM_C-59-KKMITLA-MB,Kalujuvvalapadu,Kaluzuwwalapadu
PKM_C_MN_Pamuru,PKM_C-61-PAMURU-MB,kambaladinne,Kambaladinne-1
PKM_C_Musi_Podili,PKM_C-59-PODILI-MB,Kambalapadu,Kambhalapadu
PKM_C_GKM_Edara,PKM_C-57-EDARA-MB,Kambhampadu,Khambham Padu (East)
PKM_C_MN_Pamuru,PKM_C-61-PAMURU-MB,Kambhampadu,Kambham Padu
PKM_C_Ogeru_S.Maguluru,PKM_C-55-S.MAGULURU-MB,Kamepalli,Kamepalle-1
PKM-C-PL-JARUGUMALLI,PKM_C-60-JARUGUMILLI-MB,Kamepalli,Kamepalle Agraharam
PKM-C-MN-KANDUKUR,PKM_C-61-KANDUKURU-MB,Kancharagunta,Kancharagunta
PKM_C_SAGILERU_GIDDALURU,PKM_C-70-GIDDALUR-MB,Kanchipalli,Kanchi Palle
PKM-C-PL-KANIGIRI,PKM_C-60-KANIGIRI-MB,Kanchipuram,Kanchipuram
PKM-C-MUSI-K.K.MITLA,PKM_C-59-KKMITLA-MB,Kandallapalli,Kandalla Palle
PKM_C_Romperu_N.G.Padu,PKM_C-56-NG PADU-MB,Kandlagunta,Kandlagunta
PKM-C-MN-KANDUKUR,PKM_C-61-KANDUKURU-MB,Kandukuru,Kandukur-1
PKM-C-GKM-CUMBUM,PKM_C-57-CUMBUM-MB,Kandulapuram,Kandula Puram
PKM-C-MUSI-CHILAKAPADU,PKM_C-59-CHILAKAPADU-MB,Kanduluru,Kandulur
PKM-C-MUSI-CHILAKAPADU,PKM_C-59-CHILAKAPADU-MB,Kanduluru,Kandulur
PKM-C-PL-KANIGIRI,PKM_C-60-KANIGIRI-MB,Kanigiri,Kanigiri (U)
PKM_C_GKM_Tripuranthakam,PKM_C-57-TRIPURANTHKAM-MB,Kankanalapalli,Kankanala Palle
PKM-C-PL-VELIGANDLA,PKM_C-60-VELIGANDLA-MB,Kankanampadu,Kankanam Padu
PKM-C-PL-S.KONDA,PKM_C-60-S.KONDA-MB,Kanumalla,Kanumalla
PKM_C_Romperu_N.G.Padu,PKM_C-56-NG PADU-MB,Kanuparthi,Kanuparthi
PKM-c-Romperu-Karamchedu,PKM_C-56-KARAMCHEDU-MB,Karamchedu,Karamchedu-1
PKM-C-G&M-CHEEMAKUTHY,PKM_C-58-CHIMAKURTHY-MB,Karavadi ,Karavadi
PKM-C-G&M-CHEEMAKUTHY,PKM_C-58-CHIMAKURTHY-MB,Karavadi ,Karavadi
PKM-C-MN-ULAVAPADU,PKM_C-61-ULAVAPADU-MB,Karedu,Karedu-1
PKM-C-MN-Tiragalladinne,PKM_C-61-TIRAGALADENNE-MB,Karollapadu,Karrollapadu
PKM-C-MUSI-CHILAKAPADU,PKM_C-59-CHILAKAPADU-MB,Karumanchi,Karumanchi-1
PKM-C-MUSI-CHILAKAPADU,PKM_C-59-CHILAKAPADU-MB,Karumanchi,Karumanchi-1
PKM_C_GKM_Markapuram(NC),PKM_C-57-MARKAPURAM-MB,Karumanupalli,Karumani Palle
PKM-C-GKM-RUDRASAMUDRAM,PKM_C-57-RUDRASAMUDRAM-MB,Kasipuram,West Kasipuram
PKM_C_GKM_Addanki,PKM_C-57-ADDANKI-MB,Kasyapuram,Kasyapuram
PKM-C-GKM-DORNALA,PKM_C-57-DORNALA-MB,Katakanipalli,Kata Kani Palle
PKM-C-MUSI-K.K.MITLA,PKM_C-59-KKMITLA-MB,Katragunta,Katragunta
PKM_C_MN_Pamuru,PKM_C-61-PAMURU-MB,Kattakindipalli,Kattakinda Palli
PKM-C-GKM-Boyalapalli,PKM_C-57-BOYALAPALLI-MB,Katuruvaripalli,Kataruvani Palle
PKM-C-GKM-KAVALAKUNTLA,PKM_C-57-KAVALAKUNTLA-MB,Kavalakuntla,Kavala Kuntla
PKM_C_GKM_Mundlamuru,PKM_C-57-MUNDLAMURU-MB,Kellampalli,Kellam Palle
PKM_C_Musi_Kondepi,PKM_C-59-KONDEPI-MB,Kellampalli,Kellam Palle-1
PKM-C-MUSI-K.K.MITLA,PKM_C-59-KKMITLA-MB,Kesavabotlapalem,Kesavabhotla Palem
PKM-c-Romperu-Karamchedu,PKM_C-56-KARAMCHEDU-MB,Kesavarappadu,Kesavarappadu
PKM_C_GKM_Markapuram(NC),PKM_C-57-MARKAPURAM-MB,Kethagudipi,Kethagudipi
PKM_C_GKM_Korisapadu,PKM_C-57-KORISAPADU-MB,Kirthipadu,Keerthi Padu
PKM-C-GKM-RUDRASAMUDRAM,PKM_C-57-RUDRASAMUDRAM-MB,kocherlakota,Kotcherla Kota
PKM-c-Romperu-Karamchedu,PKM_C-56-KARAMCHEDU-MB,Kodavalivaripalem,Kodavalivari Palem
PKM-C-PL-KANIGIRI,PKM_C-60-KANIGIRI-MB,Kodigudlapadu,Kodigudla Padu (West)
PKM-C-G&M-CHEEMAKUTHY,PKM_C-58-CHIMAKURTHY-MB,Kolachinakota,Kolachanakota
PKM-C-G&M-CHEEMAKUTHY,PKM_C-58-CHIMAKURTHY-MB,Kolachinakota,Kolachanakota
PKM_C_ROMPERU_INKOLLU,PKM_C-56-INKOLLU-MB,KOLALAPUDI,Kolala Pudi
PKM-C-GKM-Y.PALEM,PKM_C-57-YERRAGONDAPALEM-MB,Kolukula,Kolukula-1
PKM_C_Sagileru_Komarolu,PKM_C-70-KOMAROLU-MB,Komarole,Komarolu-2
PKM-C-GKM-KAVALAKUNTLA,PKM_C-57-KAVALAKUNTLA-MB,Komarolu,Komarolu-3
PKM_C_MN_Pamuru,PKM_C-61-PAMURU-MB,Komatigunta,Komatigunta
PKM_C_Ogeru_S.Maguluru,PKM_C-55-S.MAGULURU-MB,Kommalapadu,Kommala Padu
PKM_C_SAGILERU_GIDDALURU,PKM_C-70-GIDDALUR-MB,Kommanur,Kommunuru
PKM_C_GKM_Edara,PKM_C-57-EDARA-MB,Kommavaram,Kommavaram
PKM-C-MUSI-CHILAKAPADU,PKM_C-59-CHILAKAPADU-MB,Konaganivaripalem,Konagani Vari Palem
PKM-C-MUSI-CHILAKAPADU,PKM_C-59-CHILAKAPADU-MB,Konaganivaripalem,Konagani Vari Palem
PKM_C_Romperu_Parchuru,PKM_C-56-PARCHURU-MB,Konanki,Konanki-2
PKM-C-GKM-KONAPALLI,PKM_C-57-KONAPALLI-MB,Konapalli,Kona Palle
PKM_C_MN_C.S.Puram,PKM_C-61-C.S.PURAM-MB,Kondaboyinapalli,Kondabaina Palle
PKM_C_Romperu_J.Panguluru,PKM_C-56-J.PANGALURU-MB,Kondamanjuluru,Konda Manjulur
PKM-C-MN-KANDUKUR,PKM_C-61-KANDUKURU-MB,Kondamudusupalem,Kondamudusu Palem
PKM_C_Romperu_J.Panguluru,PKM_C-56-J.PANGALURU-MB,Kondamuru,Kondamur
PKM-C-MN-KANDUKUR,PKM_C-61-KANDUKURU-MB,Kondareddypalem,Kondareddipalem
PKM_C_PL_H.M.Padu,PKM_C-60-H.M.PADU-MB,Kondareddypalli,Kondareddi Palle
PKM-C-MUSI-K.K.MITLA,PKM_C-59-KKMITLA-MB,Kondareddypalli,Konda Reddi Palle
PKM-C-MN-KANDUKUR,PKM_C-61-KANDUKURU-MB,Kondasamudram,Kondasamudram
PKM_C_Musi_Podili,PKM_C-59-PODILI-MB,Kondayapalem,Kondaya Palem
PKM_C_Musi_Kondepi,PKM_C-59-KONDEPI-MB,Kondepi,Kondapi-1
PKM-C-PL-S.KONDA,PKM_C-60-S.KONDA-MB,KondiKandukuru,Kondikandukur
PKM_C_SAGILERU_GIDDALURU,PKM_C-70-GIDDALUR-MB,Kongalaveedu,Kongala Veedu
PKM_C_Romperu_Ballikurava,PKM_C-56-BALLIKURVA-MB,Konidena,Konidena
PKM_C_Romperu_Ballikurava,PKM_C-56-BALLIKURVA-MB,Konidena,Konidena
PKM-C-MUSI-CHILAKAPADU,PKM_C-59-CHILAKAPADU-MB,Konijedu,Konijedu
PKM-C-MUSI-CHILAKAPADU,PKM_C-59-CHILAKAPADU-MB,Konijedu,Konijedu
PKM_C_Romperu_J.Panguluru,PKM_C-56-J.PANGALURU-MB,Koniki,Koniki
PKM_C_Ogeru_S.Maguluru,PKM_C-55-S.MAGULURU-MB,Kopparam,Kopparam
PKM_C_Ogeru_S.Maguluru,PKM_C-55-S.MAGULURU-MB,Kopparapalem,Koppera Padu
PKM_C_GKM_Addanki,PKM_C-57-ADDANKI-MB,Kopperapadu,Koppera Padu
PKM-C-GKM-ONGOLE,PKM_C-58-ONGOLE-MB,Koppolu,Koppolu (Rural)
PKM_C_GKM_Korisapadu,PKM_C-57-KORISAPADU-MB,Korisapadu ,Korisapadu-1
PKM_C_Musi_Donakonda,PKM_C-59-DONAKONDA-MB,Korlamadugu,Korlamadugu
PKM-C-PL-VELIGANDLA,PKM_C-60-VELIGANDLA-MB,Kotalapalli,Kotala Palle
PKM_C_Romperu_J.Panguluru,PKM_C-56-J.PANGALURU-MB,Kotapadu,Kotapadu-1
PKM-C-PL-KANIGIRI,PKM_C-60-KANIGIRI-MB,Kotapadu,Kotapadu-2
PKM_C_SAGILERU_GIDDALURU,PKM_C-70-GIDDALUR-MB,Kothakota,Kotha Kota
PKM_C_GKM_Korisapadu,PKM_C-57-KORISAPADU-MB,Kothakota,Kothakota-2
PKM-C-GKM-ONGOLE,PKM_C-58-ONGOLE-MB,Kothamamidipalem,Kothamamidipalem (Rural)
PKM_C_MN_C.S.Puram,PKM_C-61-C.S.PURAM-MB,Kothapalli,Kotha Palle
PKM-C-GKM-PEDDARAVEEDU,PKM_C-57-PEDDARAVEEDU-MB,Kothapalli,S.Kotha Palle
PKM_C_G&M_Kothapatnam,PKM_C-58-KOTHAPATNAM-MB,Kothapatnam ,Alluru Kotha Patnam
PKM_C_G&M_Kothapatnam,PKM_C-58-KOTHAPATNAM-MB,Kothapatnam ,Alluru Kotha Patnam
PKM-C-MN-GUDLURU,PKM_C-61-GUDLUR-MB,Kothapet,Kothapeta-2
PKM_C_Romperu_Vetapalem ,PKM_C-56-VETAPALEM-MB,Kothapeta,Kotha Peta (Rural)
PKM_C_GKM_Edara,PKM_C-57-EDARA-MB,Koticalapudi,Kotikalapudi
PKM_C_PL_H.M.Padu,PKM_C-60-H.M.PADU-MB,Kotitippala,Kotathippala
PKM_C_Musi_Donakonda,PKM_C-59-DONAKONDA-MB,Kottapalli,Kothapalle-1
PKM_C_MN_C.S.Puram,PKM_C-61-C.S.PURAM-MB,Kovelampadu,Kovilam Padu
PKM-C-PL-S.KONDA,PKM_C-60-S.KONDA-MB,Kovvuru,Kovur-1
PKM_C_Sagileru_Komarolu,PKM_C-70-KOMAROLU-MB,Krishnampalli,Kristam Palle
PKM_C_Musi_Donakonda,PKM_C-59-DONAKONDA-MB,Krishnapuram,Krishna Puram
PKM-C-MN-ULAVAPADU,PKM_C-61-ULAVAPADU-MB,Krishnapuram,Krishnapuram-3
PKM-C-PL-BALLIPALLI,PKM_C-60-BALLIPALLI-MB,Krishnapuram,Krishna Puram-1
PKM_C_GKM_Markapuram(NC),PKM_C-57-MARKAPURAM-MB,Krishnapuram,Krishnapuram-2
PKM_C_SAGILERU_GIDDALURU,PKM_C-70-GIDDALUR-MB,Kristnamsettipalli,Kristam Setti Palle
PKM_C_Musi_Kondepi,PKM_C-59-KONDEPI-MB,Kuchipudi,Kuchipudi
PKM_C_GKM_Addanki,PKM_C-57-ADDANKI-MB,Kukatlapalli,Kukatla Palle
PKM-C-MUSI-K.K.MITLA,PKM_C-59-KKMITLA-MB,Kunchipalli,Kunchepalle
PKM_C_GKM_Kunduru,PKM_C-57-KUNDURU-MB,Kunduru(E),Kunduru (East)
PKM_C_GKM_Kunduru,PKM_C-57-KUNDURU-MB,Kunduru(W),Kunduru (West)
PKM-c-Romperu-Karamchedu,PKM_C-56-KARAMCHEDU-MB,Kunkalamarru,Kunkalamarru
PKM_C_GKM_Mundlamuru,PKM_C-57-MUNDLAMURU-MB,Kunkupadu,Kunkupadu-1
PKM_C_GKM_Kurichedu,PKM_C-57-KURICHEDU-MB,Kurichedu,Kurichedu-1
PKM_C_PL_H.M.Padu,PKM_C-60-H.M.PADU-MB,Kutagundla,Kutagundla
PKM_C_Musi_Donakonda,PKM_C-59-DONAKONDA-MB,L.N.Puram,Lakshmi Narayana Puram
PKM_C_GKM_Darsi,PKM_C-57-DARSI-MB,Lakkavaram,Lakkavaram
PKM_C_Romperu_Parchuru,PKM_C-56-PARCHURU-MB,Lakkavaram,Lakkavaram Agraharam
PKM-C-MUSI-K.K.MITLA,PKM_C-59-KKMITLA-MB,Lakshmakkapalli,Lakshmakka Palle
PKM-C-MN-KANDUKUR,PKM_C-61-KANDUKURU-MB,Lakshmakkapalli,Lakshmakka Palle-1
PKM-C-G&M-CHEEMAKUTHY,PKM_C-58-CHIMAKURTHY-MB,Lakshmipuram,Lakshmi Puram-1
PKM-C-G&M-CHEEMAKUTHY,PKM_C-58-CHIMAKURTHY-MB,Lakshmipuram,Lakshmi Puram-1
PKM_C_Musi_Kondepi,PKM_C-59-KONDEPI-MB,Lakshmipuram,Lakshmi Puram
PKM_C_Musi_Donakonda,PKM_C-59-DONAKONDA-MB,Lakshmnarayanaipuram,Lakshmi Narayana Puram-1
PKM-C-GKM-Boyalapalli,PKM_C-57-BOYALAPALLI-MB,Lalapuram,Lalapuram
PKM-C-GKM-CUMBUM,PKM_C-57-CUMBUM-MB,Lanjakota,Lanja Kota
PKM_C_Musi_Donakonda,PKM_C-59-DONAKONDA-MB,Lankojipalli,Lankojana Palle
PKM_C_GKM_Tripuranthakam,PKM_C-57-TRIPURANTHKAM-MB,Lellapalli,Lella Palle
PKM-C-G&M-CHEEMAKUTHY,PKM_C-58-CHIMAKURTHY-MB,Lingamguntla,Lingamgunta
PKM-C-G&M-CHEEMAKUTHY,PKM_C-58-CHIMAKURTHY-MB,Lingamguntla,Lingamgunta
Pkm_C_PL_Ponnalulu,PKM_C-60-PONNALULU-MB,Lingamguntla,Lingam Gunta
PKM-C-GKM-DORNALA,PKM_C-57-DORNALA-MB,Lingamvaripalle,Lingamvani Palle
PKM_C-GKM_ARDHAVEEDU,PKM_C-57-ARTHAVEEDU-MB,Lingapuram,Linga Puram
PKM_C-GKM_ARDHAVEEDU,PKM_C-57-ARTHAVEEDU-MB,Lingapuram Kandrika,Lingapuram Khandrika
PKM_C_Sagileru_Komarolu,PKM_C-70-KOMAROLU-MB,Lingareddypalli,Lingareddi Palle
PKM-C-MN-L.Samudram,PKM_C-61-L.SAMUDRAM-MB,LingaSamudram,Lingasamudram-1
PKM-C-PL-KANIGIRI,PKM_C-60-KANIGIRI-MB,Lingojipuram,Lingojipuram
PKM-C-PL-S.KONDA,PKM_C-60-S.KONDA-MB,M.K.Kandrika,Muppalakesaramvarikandrika
PKM-C-GKM-KONAPALLI,PKM_C-57-KONAPALLI-MB,M.P.Cheruvu,Madhana Pullala Cheruvu
PKM_C_MN_C.S.Puram,PKM_C-61-C.S.PURAM-MB,M.Venganapalli,Medanulu Vengana Palle
PKM_C_Romperu_N.G.Padu,PKM_C-56-NG PADU-MB,Machavaram,Machavaram-1
PKM-C-MN-KANDUKUR,PKM_C-61-KANDUKURU-MB,Machavaram,Machavaram-2
PKM_C_Musi_Podili,PKM_C-59-PODILI-MB,Madalavaripalem,Madalavari Palem
PKM-C-GKM-Y.PALEM,PKM_C-57-YERRAGONDAPALEM-MB,Madamachalama(RF),Madam Chalama
PKM_C_G&M_Kothapatnam,PKM_C-58-KOTHAPATNAM-MB,Madanuru,Madanur
PKM_C_G&M_Kothapatnam,PKM_C-58-KOTHAPATNAM-MB,Madanuru,Madanur
PKM-C-G&M-CHEEMAKUTHY,PKM_C-58-CHIMAKURTHY-MB,Maddipadu ,Maddipadu-1
PKM-C-G&M-CHEEMAKUTHY,PKM_C-58-CHIMAKURTHY-MB,Maddipadu ,Maddipadu-1
PKM_C_Romperu_J.Panguluru,PKM_C-56-J.PANGALURU-MB,Maddirala Muppalla,Maddirala Muppalla
PKM-C-G&M-CHEEMAKUTHY,PKM_C-58-CHIMAKURTHY-MB,Maddiralapadu,Maddirala Muppalla
PKM-C-G&M-CHEEMAKUTHY,PKM_C-58-CHIMAKURTHY-MB,Maddiralapadu,Maddirala Muppalla
PKM-C-MN-KANDUKUR,PKM_C-61-KANDUKURU-MB,Madhanagopalapuram,Madanagopalapuram
PKM_C_GKM_Darsi,PKM_C-57-DARSI-MB,Madhava varam,Madhavaram-1
PKM_C_GKM_Tripuranthakam,PKM_C-57-TRIPURANTHKAM-MB,Madhavanipalle,Madhavani Palle
PKM_C_GKM_B.PETA,PKM_C-57-B.PETA-MB,Madhavapuram,Madhava Puram
PKM-C-GKM-CUMBUM,PKM_C-57-CUMBUM-MB,Maguturu,Magutur
PKM-C-MN-KANDUKUR,PKM_C-61-KANDUKURU-MB,Mahadevapuram,Mahadevapuram-1
PKM_C_SAGILERU_GIDDALURU,PKM_C-70-GIDDALUR-MB,Malakondapentagudam,Malakondapentagudem
PKM_C_MN_Pamuru,PKM_C-61-PAMURU-MB,Malakondapuram,Malakondapuram
PKM-C-MN-L.Samudram,PKM_C-61-L.SAMUDRAM-MB,Malakondarayunipalem,Mala Konda Rayunipalem
PKM_C_MN_C.S.Puram,PKM_C-61-C.S.PURAM-MB,Malameedipalli,Malameedi Palle
Pkm_C_PL_Ponnalulu,PKM_C-60-PONNALULU-MB,Malepadu,Malepadu
PKM_C_GKM_Mundlamuru,PKM_C-57-MUNDLAMURU-MB,Malkapuram,Malkapuram
PKM-C-GKM-RUDRASAMUDRAM,PKM_C-57-RUDRASAMUDRAM-MB,Mallampet,Mallam Peta
PKM-C-G&M-CHEEMAKUTHY,PKM_C-58-CHIMAKURTHY-MB,Mallavaram,Mallavaram
PKM-C-G&M-CHEEMAKUTHY,PKM_C-58-CHIMAKURTHY-MB,Mallavaram,Mallavaram
PKM_C_Musi_Podili,PKM_C-59-PODILI-MB,Mallavaram,Mallavaram-1
PKM-C-MUSI-CHILAKAPADU,PKM_C-59-CHILAKAPADU-MB,Mallavarappadu,Mallavar Padu
PKM-C-MUSI-CHILAKAPADU,PKM_C-59-CHILAKAPADU-MB,Mallavarappadu,Mallavar Padu
PKM_C_GKM_Kurichedu,PKM_C-57-KURICHEDU-MB,Mallayapalem,Mallaya Palem
PKM-C-GKM-ONGOLE,PKM_C-58-ONGOLE-MB,Malleswarapuram ,Malleshwarapuram
PKM-C-GKM-CUMBUM,PKM_C-57-CUMBUM-MB,Malyavanthunipadu,Malyavanthuni Padu
PKM_C_PL_H.M.Padu,PKM_C-60-H.M.PADU-MB,Manamadugu,Manamadugu
PKM-C-G&M-CHEEMAKUTHY,PKM_C-58-CHIMAKURTHY-MB,Manchikalapadu,Manchikalapadu
PKM-C-G&M-CHEEMAKUTHY,PKM_C-58-CHIMAKURTHY-MB,Manchikalapadu,Manchikalapadu
PKM-C-GKM-PULLALACHERUVU,PKM_C-57-PULLACHERUVU-MB,Manepalli,Mane Palle
PKM-C-GKM-ONGOLE,PKM_C-58-ONGOLE-MB,Mangaladripuram,Mangaladri Puram
PKM-C-MUSI-K.K.MITLA,PKM_C-59-KKMITLA-MB,Mangalakunta,Mangala Kunta
PKM-C-GKM-ONGOLE,PKM_C-58-ONGOLE-MB,Mangamuru,Mangamuru
Pkm_C_PL_Ponnalulu,PKM_C-60-PONNALULU-MB,Manginapadu,Manginapadu
PKM-C-GKM-RUDRASAMUDRAM,PKM_C-57-RUDRASAMUDRAM-MB,Manginapudi,Manginapudi-1
PKM_C_GKM_Addanki,PKM_C-57-ADDANKI-MB,Manikeswaram,Mani Keswaram
PKM_C_GKM_Darsi,PKM_C-57-DARSI-MB,Mannepalli,Mannepalle
PKM-C-MN-ULAVAPADU,PKM_C-61-ULAVAPADU-MB,Mannetikota,Manneti Kota-1
PKM-C-PL-BALLIPALLI,PKM_C-60-BALLIPALLI-MB,Marapaguntla,Marapagunta
PKM_C_GKM_Edara,PKM_C-57-EDARA-MB,Marella,Marella
PKM-C-PL-P.C.PALLI,PKM_C-60-PC PALLY-MB,Marella,Marella-1
PKM_C_GKM_Markapuram(NC),PKM_C-57-MARKAPURAM-MB,Markapur,Markapur (Rural)
PKM-C-MUSI-CHILAKAPADU,PKM_C-59-CHILAKAPADU-MB,Marlapadu,Marlapadu
PKM-C-MUSI-CHILAKAPADU,PKM_C-59-CHILAKAPADU-MB,Marlapadu,Marlapadu
PKM-C-MUSI-K.K.MITLA,PKM_C-59-KKMITLA-MB,Marripalem,Marri Palem
PKM-C-GKM-DORNALA,PKM_C-57-DORNALA-MB,Marripalem(RF),Marripalem-2
PKM_C_Musi_Kondepi,PKM_C-59-KONDEPI-MB,Marripudi,Marripudi-1
PKM-C-GKM-MARRIVEMULA,PKM_C-57-MARRIVEMULA-MB,Marrivemula,Marrivemula
PKM_C_Romperu_Parchuru,PKM_C-56-PARCHURU-MB,MARTURU ,Martur-1
PKM_C_PL_H.M.Padu,PKM_C-60-H.M.PADU-MB,Masayapeta,Masaya Peta
PKM_C_Romperu_N.G.Padu,PKM_C-56-NG PADU-MB,Mattigunta,Mattigunta
PKM-C-MUSI-CHILAKAPADU,PKM_C-59-CHILAKAPADU-MB,Mattipadu(Vemulapadu),Matti Padu
PKM-C-MUSI-CHILAKAPADU,PKM_C-59-CHILAKAPADU-MB,Mattipadu(Vemulapadu),Matti Padu
PKM-C-GKM-PULLALACHERUVU,PKM_C-57-PULLACHERUVU-MB,Medapi,Medapi
PKM_C_GKM_Markapuram(NC),PKM_C-57-MARKAPURAM-MB,Meerjapet,Meerja Peta
PKM-C-GKM-Y.PALEM,PKM_C-57-YERRAGONDAPALEM-MB,Millampalli,Millampalle
PKM-C-G&M-CHEEMAKUTHY,PKM_C-58-CHIMAKURTHY-MB,Minampadu,Mynampadu
PKM-C-G&M-CHEEMAKUTHY,PKM_C-58-CHIMAKURTHY-MB,Minampadu,Mynampadu
PKM_C_GKM_Tripuranthakam,PKM_C-57-TRIPURANTHKAM-MB,Miriyampalli,Miriam Palle
PKM_C_GKM_Tripuranthakam,PKM_C-57-TRIPURANTHKAM-MB,Mittapalem,Mittapalem-3
PKM-C-MN-ULAVAPADU,PKM_C-61-ULAVAPADU-MB,Mocharla,Mocherla
PKM_C_SAGILERU_GIDDALURU,PKM_C-70-GIDDALUR-MB,Modampalli,Modam Palle
PKM_C_GKM_Mundlamuru,PKM_C-57-MUNDLAMURU-MB,Modepalli,Modepalle
PKM-C-MN-L.Samudram,PKM_C-61-L.SAMUDRAM-MB,Mogilicherla,Mogilicherla
PKM-C-PL-VELIGANDLA,PKM_C-60-VELIGANDLA-MB,Mogulluru,Mogallur
PKM_C_PL_H.M.Padu,PKM_C-60-H.M.PADU-MB,Mohammadapuram,Mohammada Puram
PKM_C_GKM_Darsi,PKM_C-57-DARSI-MB,Mohiddinpuram,Mohiddin Puram
PKM_C_GKM_B.PETA,PKM_C-57-B.PETA-MB,Mokshagundam,Moksha Gundum
PKM-C-MN-KANDUKUR,PKM_C-61-KANDUKURU-MB,Mopadu,Mopadu
PKM_C_MN_Pamuru,PKM_C-61-PAMURU-MB,Mopadu,Mopadu-1
PKM_C_MN_Pamuru,PKM_C-61-PAMURU-MB,Motravulapadu,Motravulapadu
PKM_C_Sagileru_Komarolu,PKM_C-70-KOMAROLU-MB,Mottupalli,Mottu Palle
PKM_C_Romperu_J.Panguluru,PKM_C-56-J.PANGALURU-MB,Motupalli,Motu Palle
PKM-C-PL-P.C.PALLI,PKM_C-60-PC PALLY-MB,Muddapadu,Muddapadu
PKM_C_Musi_Podili,PKM_C-59-PODILI-MB,Mugachintala,Muga Chinthala
PKM_C_Musi_Kondepi,PKM_C-59-KONDEPI-MB,Mugachintala,Mugachintala
PKM-C-GKM-Boyalapalli,PKM_C-57-BOYALAPALLI-MB,Muktampuram,Muktumpuram
PKM_C_Romperu_Ballikurava,PKM_C-56-BALLIKURVA-MB,Muktheswaram,Mukteswaram-1
PKM_C_Romperu_Ballikurava,PKM_C-56-BALLIKURVA-MB,Muktheswaram,Mukteswaram-1
PKM-C-MN-L.Samudram,PKM_C-61-L.SAMUDRAM-MB,Muktheswaram,Mukteswaram
PKM-C-G&M-CHEEMAKUTHY,PKM_C-58-CHIMAKURTHY-MB,Mukthinuthalapadu,Mukthinutala Padu (Rural)
PKM-C-G&M-CHEEMAKUTHY,PKM_C-58-CHIMAKURTHY-MB,Mukthinuthalapadu,Mukthinutala Padu (Rural)
PKM-C-PL-S.KONDA,PKM_C-60-S.KONDA-MB,Mulaguntapadu,Mulaguntapadu
PKM-C-MUSI-K.K.MITLA,PKM_C-59-KKMITLA-MB,Mummaipalem,Mummayapalem
PKM-C-MUSI-K.K.MITLA,PKM_C-59-KKMITLA-MB,Munagapadu,Munagapadu
PKM_C_GKM_Mundlamuru,PKM_C-57-MUNDLAMURU-MB,Mundlamur ,Mundlamuru-1
PKM_C_MN_C.S.Puram,PKM_C-61-C.S.PURAM-MB,Mundlapadu,Mundlapadu
PKM_C_SAGILERU_GIDDALURU,PKM_C-70-GIDDALUR-MB,Mundlapadu,Mundla Padu
PKM-C-PL-S.KONDA,PKM_C-60-S.KONDA-MB,Muppala,Muppalla-1
PKM_C_PL_H.M.Padu,PKM_C-60-H.M.PADU-MB,Muppalapadu,Muppala Padu
PKM_C_Romperu_J.Panguluru,PKM_C-56-J.PANGALURU-MB,Muppavaram,Muppavaram
PKM_C_Musi_Kondepi,PKM_C-59-KONDEPI-MB,Muppavaram,Muppavaram-1
PKM-C-GKM-KAVALAKUNTLA,PKM_C-57-KAVALAKUNTLA-MB,Murikimallapenta(RF),Murikimallapenta
PKM-C-PL-P.C.PALLI,PKM_C-60-PC PALLY-MB,Murugummi,Murugammi
PKM-C-GKM-RUDRASAMUDRAM,PKM_C-57-RUDRASAMUDRAM-MB,Mustlagangavaram,Mustla Gangavaram
PKM_C_MN_Pamuru,PKM_C-61-PAMURU-MB,Musunuru,Musunoor
PKM-C-GKM-MARRIVEMULA,PKM_C-57-MARRIVEMULA-MB,Mutukula,Mutukula-1
PKM-C-MN-GUDLURU,PKM_C-61-GUDLUR-MB,Mutyalampadu,Mutyalapadu
PKM-C-MUSI-CHILAKAPADU,PKM_C-59-CHILAKAPADU-MB,Mylavaram,Mylavaram-1
PKM-C-MUSI-CHILAKAPADU,PKM_C-59-CHILAKAPADU-MB,Mylavaram,Mylavaram-1
PKM_C_GKM_Addanki,PKM_C-57-ADDANKI-MB,Mylavaram,Mylavaram-4
PKM-C-PL-JARUGUMALLI,PKM_C-60-JARUGUMILLI-MB,N.M.V.Kandrika,N.M.V. Khandrika
PKM-C-PL-JARUGUMALLI,PKM_C-60-JARUGUMILLI-MB,N.N.Kandrika,Narasimhanayani Khandrika
PKM_C_GKM_Mundlamuru,PKM_C-57-MUNDLAMURU-MB,N.V. Kandrika,Nadimpallivari Khandrika
PKM-C-PL-S.KONDA,PKM_C-60-S.KONDA-MB,N.V.V.Kandrika,N.V.V. Khandrika
PKM-C-GKM-CUMBUM,PKM_C-57-CUMBUM-MB,Nadimpalli,Nadim Palle
PKM_C_GKM_Darsi,PKM_C-57-DARSI-MB,Nagambotlapalem,Nagambhotla Palem
PKM-C-MUSI-K.K.MITLA,PKM_C-59-KKMITLA-MB,Nagampalli,Nagampalle
PKM_C_ROMPERU_INKOLLU,PKM_C-56-INKOLLU-MB,Nagandla,Nagandla
PKM_C_GKM_Markapuram(NC),PKM_C-57-MARKAPURAM-MB,Nagandlamudipi,Nagendla Mudupu
PKM_C_Musi_Podili,PKM_C-59-PODILI-MB,Nagarajukunta,Nagaraju Gunta
PKM_C_Romperu_Parchuru,PKM_C-56-PARCHURU-MB,Nagarajupalli,Nagaraju Palle
PKM-C-PL-BALLIPALLI,PKM_C-60-BALLIPALLI-MB,Nagireddipalle,Nagireddy Palle
PKM_C_GKM_B.PETA,PKM_C-57-B.PETA-MB,Nagireddypalli,Nagireddipalle
PKM_C_MN_Pamuru,PKM_C-61-PAMURU-MB,Nagulavaram,Nagulavaram-1
PKM_C_Romperu_N.G.Padu,PKM_C-56-NG PADU-MB,Naguluppalapadu,Naguluppala Padu
PKM-D-KRISHNA-PALUTLA,PKM_D-44-PALUTLA-MB,Naidakkacherla,Naidakka Cherla
PKM-C-GKM-RUDRASAMUDRAM,PKM_C-57-RUDRASAMUDRAM-MB,Naidupalem,West Naidupalem
PKM-C-MN-KANDUKUR,PKM_C-61-KANDUKURU-MB,Naladalapuru,Naladalapur
PKM-C-MN-Pedda Rajupalem,PKM_C-61-PEDDARAJUPALEM-MB,Nalajanampadu,Nalajanam Padu
PKM_C_PL_H.M.Padu,PKM_C-60-H.M.PADU-MB,Nallagandla,Nallagandla
PKM_C_Sagileru_Komarolu,PKM_C-70-KOMAROLU-MB,Nallaguntla,Nallaguntla-1
PKM-C-GKM-DORNALA,PKM_C-57-DORNALA-MB,Nallaguntla,Nallaguntla
PKM-C-GKM-DORNALA,PKM_C-57-DORNALA-MB,Nallaguntlagudam(RF),Nalla Guntla Gudem
PKM_C_MN_C.S.Puram,PKM_C-61-C.S.PURAM-MB,Nallamadugula,Nallamadugula
PKM_C_GKM_Kurichedu,PKM_C-57-KURICHEDU-MB,Namassivayapuram,Namassivaya Puram
PKM_C_PL_H.M.Padu,PKM_C-60-H.M.PADU-MB,Nandanavanam,Nandanavanam
PKM-C-PL-S.KONDA,PKM_C-60-S.KONDA-MB,Nandanavanam,Nandanavanam-1
PKM-C-G&M-CHEEMAKUTHY,PKM_C-58-CHIMAKURTHY-MB,Nandipadu,Nandipadu
PKM-C-G&M-CHEEMAKUTHY,PKM_C-58-CHIMAKURTHY-MB,Nandipadu,Nandipadu
PKM_C_Musi_Podili,PKM_C-59-PODILI-MB,Nandipalem,Nandi Palem
PKM_C_GKM_Mundlamuru,PKM_C-57-MUNDLAMURU-MB,Nannurupadu,Nannurupadu
PKM-C-GKM-ONGOLE,PKM_C-58-ONGOLE-MB,Narasapuram,Narasa Puram
PKM-C-GKM-MARRIVEMULA,PKM_C-57-MARRIVEMULA-MB,Narasapuram,Narasa Puram-1
PKM_C_Musi_Donakonda,PKM_C-59-DONAKONDA-MB,Narasimhanayunipalli,Narasimhanayuni Palem
PKM_C_GKM_Addanki,PKM_C-57-ADDANKI-MB,Narasimhapuram,Narasimha Puram
PKM-C-MN-L.Samudram,PKM_C-61-L.SAMUDRAM-MB,Narasimhapuram,Narasimhapuram
PKM_C_GKM_Markapuram(NC),PKM_C-57-MARKAPURAM-MB,Narasimhapuram,Narasimha Puram-1
PKM_C_SAGILERU_GIDDALURU,PKM_C-70-GIDDALUR-MB,Narasimhunipalli,Narasimhuni Palle
PKM-C-PL-JARUGUMALLI,PKM_C-60-JARUGUMILLI-MB,Narasingolu,Narasingolu
PKM_C_SAGILERU_GIDDALURU,PKM_C-70-GIDDALUR-MB,Narava,Narava
PKM-D-KRISHNA-PALUTLA,PKM_D-44-PALUTLA-MB,Narutadikala,Naruthadikala
PKM_C_MN_Pamuru,PKM_C-61-PAMURU-MB,Nasikatrayambakam,Nasikatrayambakam
PKM-C-MN-KANDUKUR,PKM_C-61-KANDUKURU-MB,Navabpalem,Nawabpalem
PKM-C-MN-GUDLURU,PKM_C-61-GUDLUR-MB,Nayudupalem,Nayudupalem
PKM_C_Romperu_Vetapalem ,PKM_C-56-VETAPALEM-MB,Nayunipalli,Nayani Palli (Rural)
PKM_C_PL_H.M.Padu,PKM_C-60-H.M.PADU-MB,Neelakantapuram,Neelakanta Puram
PKM-D-KRISHNA-PEDDARUTLA,PKM_D-44-PEDDARUTLA-MB,Nekkanti,Nekkanti
PKM-C-G&M-CHEEMAKUTHY,PKM_C-58-CHIMAKURTHY-MB,Nekunambad,Nekunambadu
PKM-C-G&M-CHEEMAKUTHY,PKM_C-58-CHIMAKURTHY-MB,Nekunambad,Nekunambadu
PKM_C_GKM_B.PETA,PKM_C-57-B.PETA-MB,Nekunambad,Nekunambad
PKM-C-G&M-CHEEMAKUTHY,PKM_C-58-CHIMAKURTHY-MB,Nelaturu,Nelatur
PKM-C-G&M-CHEEMAKUTHY,PKM_C-58-CHIMAKURTHY-MB,Nelaturu,Nelatur
PKM_C_Musi_Kondepi,PKM_C-59-KONDEPI-MB,Nennurupadu,Nennurupadu
PKM-C-PL-P.C.PALLI,PKM_C-60-PC PALLY-MB,Neredupalli,Neredu Palle
PKM-C-MUSI-CHILAKAPADU,PKM_C-59-CHILAKAPADU-MB,Nidamaluru,M.Nidamalur
PKM-C-MUSI-CHILAKAPADU,PKM_C-59-CHILAKAPADU-MB,Nidamaluru,M.Nidamalur
PKM_C_GKM_Korisapadu,PKM_C-57-KORISAPADU-MB,Nidamanuru,Nidamanur
PKM-C-GKM-PEDDARAVEEDU,PKM_C-57-PEDDARAVEEDU-MB,Nikarampalli,Nikaram Palle
PKM-C-PL-KANIGIRI,PKM_C-60-KANIGIRI-MB,Nimmamaheswarapuram,Nimma Maheswarapuram
PKM_C_Musi_Podili,PKM_C-59-PODILI-MB,Nimmavaram,Nimmavaram
PKM-C-MUSI-CHILAKAPADU,PKM_C-59-CHILAKAPADU-MB,Nippatlapadu,Nippatlapadu
PKM-C-MUSI-CHILAKAPADU,PKM_C-59-CHILAKAPADU-MB,Nippatlapadu,Nippatlapadu
PKM_C_Musi_Kondepi,PKM_C-59-KONDEPI-MB,Nirmalapuram,Nirmanapuram
PKM_C_GKM_Addanki,PKM_C-57-ADDANKI-MB,North Addanki,Addanki (North) (U)
PKM_C_GKM_Edara,PKM_C-57-EDARA-MB,Nujellapalli,Nuzella Palle
PKM_C_Romperu_J.Panguluru,PKM_C-56-J.PANGALURU-MB,Nujellapalli,Nuzendla Palle
PKM-C-MN-KANDUKUR,PKM_C-61-KANDUKURU-MB,Nukavaram,Nukavaram
PKM_C_ROMPERU_INKOLLU,PKM_C-56-INKOLLU-MB,Nuthalapadu,Nuthalapadu
PKM-C-MUSI-K.K.MITLA,PKM_C-59-KKMITLA-MB,Obayapalli,Obaya Palle
PKM_C_Musi_Donakonda,PKM_C-59-DONAKONDA-MB,Obbapuram,Vabbapuram
PKM-C-GKM-DORNALA,PKM_C-57-DORNALA-MB,Obulakkalapalli,Obulakkapalle
PKM_C_Musi_Podili,PKM_C-59-PODILI-MB,Obulakkapalli,Obulakka Palle
PKM-C-MN-KANDUKUR,PKM_C-61-KANDUKURU-MB,Oguru,Ogur
PKM-C-GKM-ONGOLE,PKM_C-58-ONGOLE-MB,Ongole,Ongole-1
PKM-C-G&M-CHEEMAKUTHY,PKM_C-58-CHIMAKURTHY-MB,P. Naidupalem,Padamatinaidupalem
PKM-C-G&M-CHEEMAKUTHY,PKM_C-58-CHIMAKURTHY-MB,P. Naidupalem,Padamatinaidupalem
PKM-C-MN-KANDUKUR,PKM_C-61-KANDUKURU-MB,P.Agraharam,Parakonda Paduagraharam
Pkm_C_PL_Ponnalulu,PKM_C-60-PONNALULU-MB,P.B.puram,Pachavabala Gopalapuram
PKM-C-GKM-CUMBUM,PKM_C-57-CUMBUM-MB,P.Basireddypalli,Potti Basavai Palle
PKM-C-PL-P.C.PALLI,PKM_C-60-PC PALLY-MB,P.C.PALLI,Pedacherlo Palle
Pkm_C_PL_Ponnalulu,PKM_C-60-PONNALULU-MB,P.G.Kandrika,Ponnaluru Gudavari Khandrika
PKM-C-PL-JARUGUMALLI,PKM_C-60-JARUGUMILLI-MB,P.G.Kandrika,P.G. Khandrika
PKM-C-G&M-CHEEMAKUTHY,PKM_C-58-CHIMAKURTHY-MB,P.Gudipadu,Pidathalagudi Padu
PKM-C-G&M-CHEEMAKUTHY,PKM_C-58-CHIMAKURTHY-MB,P.Gudipadu,Pidathalagudi Padu
PKM_C_Romperu_J.Panguluru,PKM_C-56-J.PANGALURU-MB,P.Gudipadu,Pichikalagudipadu
PKM_C_Musi_Kondepi,PKM_C-59-KONDEPI-MB,P.K.Kandrika,Petlurumocharlavari Khandrika
PKM-C-MUSI-K.K.MITLA,PKM_C-59-KKMITLA-MB,P.Kambhampadu,West Kambhampadu
PKM_C_G&M_Kothapatnam,PKM_C-58-KOTHAPATNAM-MB,P.kandrika,Payakari Khandrika
PKM_C_G&M_Kothapatnam,PKM_C-58-KOTHAPATNAM-MB,P.kandrika,Payakari Khandrika
PKM_C_Musi_Kondepi,PKM_C-59-KONDEPI-MB,P.M.Kandrika_2,P.Mamidalavari Khandrika
PKM-C-PL-JARUGUMALLI,PKM_C-60-JARUGUMILLI-MB,P.M.kandrika-1,P.Mamidalavari Khandrika
PKM_C_Musi_Kondepi,PKM_C-59-KONDEPI-MB,P.N.Kandrika,Petlurumocharlavari Khandrika
PKM-C-PL-VELIGANDLA,PKM_C-60-VELIGANDLA-MB,P.nagulavaram,Panduva Nagula Varam
PKM-C-PL-KANIGIRI,PKM_C-60-KANIGIRI-MB,P.P.kandrika,Punugodu Khandrika
PKM-C-PL-VELIGANDLA,PKM_C-60-VELIGANDLA-MB,P.Rallapalli,Pulikuntla Ralla Palle
PKM-C-MUSI-CHILAKAPADU,PKM_C-59-CHILAKAPADU-MB,P.Takkellapadu,Padamati Thakkella Padu
PKM-C-MUSI-CHILAKAPADU,PKM_C-59-CHILAKAPADU-MB,P.Takkellapadu,Padamati Thakkella Padu
PKM_C_GKM_Kurichedu,PKM_C-57-KURICHEDU-MB,P.Veerayapalem,West Veeraya Palem
PKM_C_Musi_Donakonda,PKM_C-59-DONAKONDA-MB,P.Venkatapuram,Padamati Venkata Puram
PKM-C-PL-JARUGUMALLI,PKM_C-60-JARUGUMILLI-MB,Pachhava,Patcheva
PKM_C_Musi_Donakonda,PKM_C-59-DONAKONDA-MB,PadamaraGangavaram,Mustla Gangavaram
PKM-C-GKM-RUDRASAMUDRAM,PKM_C-57-RUDRASAMUDRAM-MB,Padamati laxmipuram,Padamati Venkata Puram
PKM_C_G&M_Kothapatnam,PKM_C-58-KOTHAPATNAM-MB,Padarthi,Padarthi
PKM_C_G&M_Kothapatnam,PKM_C-58-KOTHAPATNAM-MB,Padarthi,Padarthi
PKM-C-PL-S.KONDA,PKM_C-60-S.KONDA-MB,Pakala,Pakala-1
PKM_C_GKM_B.PETA,PKM_C-57-B.PETA-MB,Palakaveedu,Palakaveedu
PKM_C_Musi_Kondepi,PKM_C-59-KONDEPI-MB,Paletipadu,Paleti Padumacharlavari Khandrika
PKM-C-G&M-CHEEMAKUTHY,PKM_C-58-CHIMAKURTHY-MB,Pallamalli,Palla Malli
PKM-C-G&M-CHEEMAKUTHY,PKM_C-58-CHIMAKURTHY-MB,Pallamalli,Palla Malli
PKM-C-PL-S.KONDA,PKM_C-60-S.KONDA-MB,Palukuru,Palukur-2
PKM-C-MN-KANDUKUR,PKM_C-61-KANDUKURU-MB,Paluru,Palur
PKM-D-KRISHNA-PALUTLA,PKM_D-44-PALUTLA-MB,Palutla,Palutla
PKM_C_Romperu_N.G.Padu,PKM_C-56-NG PADU-MB,Pamidipadu,Pamidi Padu
PKM-C-MUSI-K.K.MITLA,PKM_C-59-KKMITLA-MB,Pamulapadu,Pamulapadu-2
PKM_C_MN_Pamuru,PKM_C-61-PAMURU-MB,Pamuru,Pamur-1
PKM_C_Romperu_Vetapalem ,PKM_C-56-VETAPALEM-MB,Pandillapalli,Pandilla Palle
PKM-C-PL-S.KONDA,PKM_C-60-S.KONDA-MB,Pandulapadu,Pandalapadu
PKM-C-PL-VELIGANDLA,PKM_C-60-VELIGANDLA-MB,Panduva,Panduva
PKM_C_Musi_Kondepi,PKM_C-59-KONDEPI-MB,Pannuru,Pannuru-1
PKM_C_GKM_B.PETA,PKM_C-57-B.PETA-MB,Papayapalli,Papayapalle
PKM_C-GKM_ARDHAVEEDU,PKM_C-57-ARTHAVEEDU-MB,Papinenipalli,Papineni Palle
PKM-C-MN-KANDUKUR,PKM_C-61-KANDUKURU-MB,Parakondapadu,Parakondapadu
PKM_C_Romperu_Parchuru,PKM_C-56-PARCHURU-MB,Parchur ,Parchur-1
PKM_C_GKM_Mundlamuru,PKM_C-57-MUNDLAMURU-MB,Pasupugallu,Pasupugallu
PKM_C_ROMPERU_INKOLLU,PKM_C-56-INKOLLU-MB,Pavuluru  ,Pavulur
PKM-C-PL-P.C.PALLI,PKM_C-60-PC PALLY-MB,Pd.Alavalapadu,Peda Alavala Padu
PKM-C-PL-BALLIPALLI,PKM_C-60-BALLIPALLI-MB,Pd.Gogulapalli,Pedagogulapalle
PKM-C-PL-P.C.PALLI,PKM_C-60-PC PALLY-MB,Pd.Irlapadu,Peda Irla Padu
PKM-C-PL-P.C.PALLI,PKM_C-60-PC PALLY-MB,Pd.varimadugu,Pedavari Madugu
PKM-C-GKM-DORNALA,PKM_C-57-DORNALA-MB,Pedabommalapuram,Peda Bommala Puram
PKM_C_Romperu_N.G.Padu,PKM_C-56-NG PADU-MB,Pedaganjam,Pedaganjam
PKM_C_PL_H.M.Padu,PKM_C-60-H.M.PADU-MB,Pedagollapalli,Pedagola Palle
PKM_C-GKM_ARDHAVEEDU,PKM_C-57-ARTHAVEEDU-MB,Pedakandukuru,Peda Kandukur
PKM-C-GKM-PEDDARAVEEDU,PKM_C-57-PEDDARAVEEDU-MB,Pedanagulavaram,Peda Nagulavaram
PKM_C_GKM_Markapuram(NC),PKM_C-57-MARKAPURAM-MB,Pedaobinenipalli,Peda Obeneni Palle
PKM_C_PL_H.M.Padu,PKM_C-60-H.M.PADU-MB,Pedavenkatarayapalli,Peddivenkataya Palle
PKM_C_GKM_Markapuram(NC),PKM_C-57-MARKAPURAM-MB,Pedayachavaram,Peda Yachavaram
PKM-C-MN-Pedda Rajupalem,PKM_C-61-PEDDARAJUPALEM-MB,Pedda Rajupalem,Pedaraju Palem
PKM-C-GKM-DORNALA,PKM_C-57-DORNALA-MB,Peddachama(RF),Pedachama
PKM_C_Musi_Kondepi,PKM_C-59-KONDEPI-MB,Peddakandlagunta,Pedakandlagunta
PKM-C-G&M-CHEEMAKUTHY,PKM_C-58-CHIMAKURTHY-MB,Peddakothapalli,Peda Kotha Palle
PKM-C-G&M-CHEEMAKUTHY,PKM_C-58-CHIMAKURTHY-MB,Peddakothapalli,Peda Kotha Palle
PKM-C-GKM-DORNALA,PKM_C-57-DORNALA-MB,Peddamanthanala(RF),Pedamanthanala
PKM_C_Musi_Donakonda,PKM_C-59-DONAKONDA-MB,Peddammapalem,Peddanna Palem
PKM-C-GKM-PEDDARAVEEDU,PKM_C-57-PEDDARAVEEDU-MB,Peddaraveedu,Peda Araveedu
PKM_C_GKM_Mundlamuru,PKM_C-57-MUNDLAMURU-MB,Peddaravipadu,Peddaravipadu
PKM-C-PL-KANIGIRI,PKM_C-60-KANIGIRI-MB,Peddarikatla,Pedarikatla
PKM-D-KRISHNA-PEDDARUTLA,PKM_D-44-PEDDARUTLA-MB,Peddarutla,Peda Arutla
PKM_C_GKM_Mundlamuru,PKM_C-57-MUNDLAMURU-MB,Peddaullagallu,Pedavullagallu
PKM_C_Musi_Donakonda,PKM_C-59-DONAKONDA-MB,Peddauyyalawada,Pedauyyalawada
PKM_C_GKM_Kurichedu,PKM_C-57-KURICHEDU-MB,Peddavaram,Peddavaram
PKM_C_GKM_Kurichedu,PKM_C-57-KURICHEDU-MB,Peerambotlapalem,Perambotla Palem
PKM-C-GKM-ONGOLE,PKM_C-58-ONGOLE-MB,Pelluru,Pelluru (Rural)
PKM-C-MN-L.Samudram,PKM_C-61-L.SAMUDRAM-MB,Pentralla,Pentrala-1
PKM_C_Musi_Kondepi,PKM_C-59-KONDEPI-MB,Peradepi,Peridepi
PKM_C_Romperu_Chirala,PKM_C-56-CHEERALA-MB,Perala,Perala
PKM-C-PL-KANIGIRI,PKM_C-60-KANIGIRI-MB,Peramgudipadu,Peramgudi Palle
PKM-C-G&M-CHEEMAKUTHY,PKM_C-58-CHIMAKURTHY-MB,Pernamitta,Pernametta (Rural)
PKM-C-G&M-CHEEMAKUTHY,PKM_C-58-CHIMAKURTHY-MB,Pernamitta,Pernametta (Rural)
PKM-C-PL-VELIGANDLA,PKM_C-60-VELIGANDLA-MB,Perugupall,Perugupalle
PKM_C_Musi_Kondepi,PKM_C-59-KONDEPI-MB,Petluru,Petluru
PKM-C-MUSI-CHILAKAPADU,PKM_C-59-CHILAKAPADU-MB,Pidathalapudi,Pidathalapudi
PKM-C-MUSI-CHILAKAPADU,PKM_C-59-CHILAKAPADU-MB,Pidathalapudi,Pidathalapudi
PKM-C-GKM-KONAPALLI,PKM_C-57-KONAPALLI-MB,Pitakayagulla,Pitikayagulla-1
PKM-C-PL-P.C.PALLI,PKM_C-60-PC PALLY-MB,Pitchiguntapalli,Pitchi Gunta Palle
PKM-C-MUSI-K.K.MITLA,PKM_C-59-KKMITLA-MB,Pochamukkalapalli,Pochamakka Palle
PKM_C_Musi_Podili,PKM_C-59-PODILI-MB,Podili,Podili-1
PKM_C_Sagileru_Komarolu,PKM_C-70-KOMAROLU-MB,Podilikondapalli,Podili Konda Palle
PKM-C-MN-KANDUKUR,PKM_C-61-KANDUKURU-MB,Pokuru,Nekunampuram   @   Pokur
PKM_C_GKM_Mundlamuru,PKM_C-57-MUNDLAMURU-MB,Polavaram,Polavaram-1
PKM-C-PL-KANIGIRI,PKM_C-60-KANIGIRI-MB,Polavaram,Polavaram-2
PKM-C-GKM-RUDRASAMUDRAM,PKM_C-57-RUDRASAMUDRAM-MB,Polepalli,Pole Palle
PKM-C-MN-KANDUKUR,PKM_C-61-KANDUKURU-MB,Polinenicheruvu,Polineni Cheruvu
PKM-C-MN-KANDUKUR,PKM_C-61-KANDUKURU-MB,Polinenipalem,Polineni Cheruvu
PKM_C_Romperu_Parchuru,PKM_C-56-PARCHURU-MB,Poluru,Poluru
PKM-C-MUSI-CHILAKAPADU,PKM_C-59-CHILAKAPADU-MB,Ponduru,Ponduru-1
PKM-C-MUSI-CHILAKAPADU,PKM_C-59-CHILAKAPADU-MB,Ponduru,Ponduru-1
PKM-D-KRISHNA-PALUTLA,PKM_D-44-PALUTLA-MB,Ponnalaboilu,Ponnala Bayalu
Pkm_C_PL_Ponnalulu,PKM_C-60-PONNALULU-MB,Ponnaluru,Ponnaluru-1
PKM_C_GKM_B.PETA,PKM_C-57-B.PETA-MB,Poosalapadu,Pusalapadu
PKM_C_GKM_B.PETA,PKM_C-57-B.PETA-MB,Porumamillapalli,Porumamilla Palle
PKM-C-MUSI-K.K.MITLA,PKM_C-59-KKMITLA-MB,Potalapadu,Pothalapadu
PKM-C-PL-P.C.PALLI,PKM_C-60-PC PALLY-MB,Potavaram,Pothavaram-3
PKM_C_GKM_Darsi,PKM_C-57-DARSI-MB,POTHAKAMURU,Potha Kamuru
PKM_C_GKM_Mundlamuru,PKM_C-57-MUNDLAMURU-MB,Pothavaram,Potha Kamuru
PKM_C_Romperu_N.G.Padu,PKM_C-56-NG PADU-MB,Pothavaram,Pothavaram-1
PKM_C_GKM_Markapuram(NC),PKM_C-57-MARKAPURAM-MB,Pothavaram,Pothavaram-2
PKM_C_Musi_Donakonda,PKM_C-59-DONAKONDA-MB,Potlapadu,Potlapadu-2
PKM-C-MN-ULAVAPADU,PKM_C-61-ULAVAPADU-MB,Potluru,Potluru
PKM-C-GKM-DORNALA,PKM_C-57-DORNALA-MB,Pragallapadu,Pragallapadu
PKM_C_Romperu_N.G.Padu,PKM_C-56-NG PADU-MB,Prasangalapadu,Prasangula Padu
PKM-C-MUSI-CHILAKAPADU,PKM_C-59-CHILAKAPADU-MB,Pulikonda,Pulikonda
PKM-C-MUSI-CHILAKAPADU,PKM_C-59-CHILAKAPADU-MB,Pulikonda,Pulikonda
PKM_C_GKM_Darsi,PKM_C-57-DARSI-MB,Pulipadu,Pulipadu
PKM-C-GKM-PULLALACHERUVU,PKM_C-57-PULLACHERUVU-MB,Pullalacheruvu,Pullalacheruvu-1
PKM_C_Sagileru_Komarolu,PKM_C-70-KOMAROLU-MB,Pullareddypalli,Pullareddi Palle
PKM_C_Romperu_Vetapalem ,PKM_C-56-VETAPALEM-MB,Pullaripalem,Pullari Palem
PKM-C-PL-KANIGIRI,PKM_C-60-KANIGIRI-MB,Punugodu,Punugodu
PKM_C_ROMPERU_INKOLLU,PKM_C-56-INKOLLU-MB,Punuru,Punuru
PKM-C-MN-GUDLURU,PKM_C-61-GUDLUR-MB,Puretipalli,Puretipalle
PKM_C_GKM_Edara,PKM_C-57-EDARA-MB,Purimetla,Purimetla
PKM_C_ROMPERU_INKOLLU,PKM_C-56-INKOLLU-MB,Pusapadu,Pusapadu
PKM-C-MN-Tiragalladinne,PKM_C-61-TIRAGALADENNE-MB,Puttamnaidupalle,Puttamnaidu Palle
PKM-C-GKM-KONAPALLI,PKM_C-57-KONAPALLI-MB,P-Venkatapuram,Pachala Venkata Puram
PKM-C-PL-JARUGUMALLI,PKM_C-60-JARUGUMILLI-MB,Pydipadu,Paidi Padu
PKM-C-GKM-PULLALACHERUVU,PKM_C-57-PULLACHERUVU-MB,R.F,Forest-222
PKM-C-GKM-PULLALACHERUVU,PKM_C-57-PULLACHERUVU-MB,R.F,Forest-219
PKM_C_MN_C.S.Puram,PKM_C-61-C.S.PURAM-MB,R.F,Forest-40
PKM_C_Sagileru_Allinagaram,PKM_C-70-ALLINAGARAM-MB,R.F,Forest-36
PKM_D_LK_Garinipenta,PKM_D-44_GARNIPENTA-MB,R.F,Forest-219
PKM_C_MN_Pamuru,PKM_C-61-PAMURU-MB,R.F,Pamur-1
PKM-D-KRISHNA-PEDDARUTLA,PKM_D-44-PEDDARUTLA-MB,R.F.,Forest-220
PKM_C_SAGILERU_GIDDALURU,PKM_C-70-GIDDALUR-MB,R.Forest ,Forest-5
PKM-C-MUSI-CHILAKAPADU,PKM_C-59-CHILAKAPADU-MB,R.L.Puram,Rajupalem -  Laxmipuram
PKM-C-MUSI-CHILAKAPADU,PKM_C-59-CHILAKAPADU-MB,R.L.Puram,Rajupalem -  Laxmipuram
PKM-C-PL-KANIGIRI,PKM_C-60-KANIGIRI-MB,Rachagundlapadu,Rachagundlapadu
PKM-C-GKM-KAVALAKUNTLA,PKM_C-57-KAVALAKUNTLA-MB,Rachakonda,Racha Konda
PKM_C_Romperu_N.G.Padu,PKM_C-56-NG PADU-MB,Rachapudi,Rachapudi
PKM_C_GKM_Korisapadu,PKM_C-57-KORISAPADU-MB,Rachavaripalem,Rachavari Palem
Pkm_C-Gkm_Racherla,PKM_C-57-RACHERLA-MB,Racherla,Racherla-1
PKM-C-MN-L.Samudram,PKM_C-61-L.SAMUDRAM-MB,Racheruvurajupalem,Racheruvurajupalem
PKM_C_Musi_Donakonda,PKM_C-59-DONAKONDA-MB,Ragamukkalapalli,Ragamakka Palle
PKM-C-MUSI-K.K.MITLA,PKM_C-59-KKMITLA-MB,Ragasamudram,Ragasamudram
PKM_C_Musi_Donakonda,PKM_C-59-DONAKONDA-MB,Rajampalli,Rajam Palle
Pkm_C_PL_Ponnalulu,PKM_C-60-PONNALULU-MB,Rajavulapadu,Rajolupadu
PKM_C_G&M_Kothapatnam,PKM_C-58-KOTHAPATNAM-MB,Rajupalem,Raju Palem-2
PKM_C_G&M_Kothapatnam,PKM_C-58-KOTHAPATNAM-MB,Rajupalem,Raju Palem-2
PKM_C_GKM_Tripuranthakam,PKM_C-57-TRIPURANTHKAM-MB,Rajupalem,Raju Palem-3
PKM_C_Romperu_Parchuru,PKM_C-56-PARCHURU-MB,Rajupalem,Rajupalem-9
PKM_C_Sagileru_Komarolu,PKM_C-70-KOMAROLU-MB,Rajupalem,Rajupalem-1
PKM_C_Musi_Kondepi,PKM_C-59-KONDEPI-MB,Rajupalem,Raju Palem-1
PKM-C-MN-RALLAPADU,PKM_C-61-RALLAPADU-MB,Rallapadu,Rallapadu
PKM_C_GKM_Darsi,PKM_C-57-DARSI-MB,Ramabhadrapuram,Ramabhadrapuram-1
PKM-C-MUSI-CHILAKAPADU,PKM_C-59-CHILAKAPADU-MB,Ramachandrapuram,Ramachandra Puram-1
PKM-C-MUSI-CHILAKAPADU,PKM_C-59-CHILAKAPADU-MB,Ramachandrapuram,Ramachandra Puram-1
PKM_C_Musi_Donakonda,PKM_C-59-DONAKONDA-MB,Ramachandrapuram,Ramachandra Puram
PKM-C-GKM-Boyalapalli,PKM_C-57-BOYALAPALLI-MB,Ramachandrapuram,Ramachandra Puram-2
PKM-C-PL-JARUGUMALLI,PKM_C-60-JARUGUMILLI-MB,Ramachandrapuram,Ramachandrapuram-2
PKM-C-MN-KANDUKUR,PKM_C-61-KANDUKURU-MB,Ramachandrapuram,Ramachandrapuram-3
PKM-C-PL-KANIGIRI,PKM_C-60-KANIGIRI-MB,Ramachandrapuram,Ramachandrapuram-1
PKM-C-PL-VELIGANDLA,PKM_C-60-VELIGANDLA-MB,Ramagopalapuram,Ramagopalapuram
PKM-C-PL-P.C.PALLI,PKM_C-60-PC PALLY-MB,Ramagovindapuram,Rama Govinda Puram
PKM_C_Romperu_Parchuru,PKM_C-56-PARCHURU-MB,Ramakuru,Ramakuru
PKM-C-PL-VELIGANDLA,PKM_C-60-VELIGANDLA-MB,Ramalingapuram,Ramalinga Puram
PKM-C-MN-KANDUKUR,PKM_C-61-KANDUKURU-MB,Ramalingapuram,Ramalingapuram
PKM_C_Romperu_Parchuru,PKM_C-56-PARCHURU-MB,Ramanayapalem,Ramanayapalem
PKM-C-GKM-RUDRASAMUDRAM,PKM_C-57-RUDRASAMUDRAM-MB,Ramapuram,Ramapuram-1
PKM_C_GKM_Tripuranthakam,PKM_C-57-TRIPURANTHKAM-MB,Ramasamudram,Ramasamudram-4
PKM_C_Sagileru_Komarolu,PKM_C-70-KOMAROLU-MB,Ramavaripalli,Ramavari Palle
PKM_C_Musi_Podili,PKM_C-59-PODILI-MB,Ramayakandrika,Ramayana Kandrika
PKM_C_GKM_Edara,PKM_C-57-EDARA-MB,Ramayapalem,Ramayapalem (U)
PKM_C_Musi_Kondepi,PKM_C-59-KONDEPI-MB,Ramayapalem,Ramayapalem
PKM_C_PL_H.M.Padu,PKM_C-60-H.M.PADU-MB,Ramayapalli,Ramaya Palle
PKM-C-MN-ULAVAPADU,PKM_C-61-ULAVAPADU-MB,Ramayapatnam,Ramayapatnam
PKM-C-MUSI-K.K.MITLA,PKM_C-59-KKMITLA-MB,Ramulaveedu,Ramulaveedu
PKM_C_MN_C.S.Puram,PKM_C-61-C.S.PURAM-MB,Ranganayunanipalli,Ranganayuni Palle
PKM-C-G&M-CHEEMAKUTHY,PKM_C-58-CHIMAKURTHY-MB,Rangasaipuram,Rangasai Puram
PKM-C-G&M-CHEEMAKUTHY,PKM_C-58-CHIMAKURTHY-MB,Rangasaipuram,Rangasai Puram
PKM_C_Romperu_N.G.Padu,PKM_C-56-NG PADU-MB,Raparla,Raparla
PKM_C_PL_H.M.Padu,PKM_C-60-H.M.PADU-MB,Rasidupuram,Raseedu Puram
PKM-C-PL-BALLIPALLI,PKM_C-60-BALLIPALLI-MB,Raviguntapalli,Raviguntapalle
PKM_C_Romperu_J.Panguluru,PKM_C-56-J.PANGALURU-MB,Ravinuthala,Ravinuthala-1
PKM-C-MUSI-CHILAKAPADU,PKM_C-59-CHILAKAPADU-MB,Ravipadu,China Ravipadu
PKM-C-MUSI-CHILAKAPADU,PKM_C-59-CHILAKAPADU-MB,Ravipadu,China Ravipadu
PKM-C-GKM-KONAPALLI,PKM_C-57-KONAPALLI-MB,Ravipadu,Ravipadu-1
Pkm_C_PL_Ponnalulu,PKM_C-60-PONNALULU-MB,Ravulakollu,Ravula Kollu
PKM-C-MN-ULAVAPADU,PKM_C-61-ULAVAPADU-MB,Ravuru,Ravur
PKM_C_GKM_Markapuram(NC),PKM_C-57-MARKAPURAM-MB,Rayavaram,Rayavaram-1
PKM-C-GKM-Y.PALEM,PKM_C-57-YERRAGONDAPALEM-MB,RAYAVARAM,Rayavaram-4
PKM_C_Sagileru_Komarolu,PKM_C-70-KOMAROLU-MB,Reddicherla,Reddicherla
PKM_C_MN_C.S.Puram,PKM_C-61-C.S.PURAM-MB,Regulachilaka,Regula Chilaka
PKM-C-MUSI-K.K.MITLA,PKM_C-59-KKMITLA-MB,Regumanupalli,Regumani Palle
PKM_C_Romperu_J.Panguluru,PKM_C-56-J.PANGALURU-MB,Renangivaram,Reningavaram
PKM-C-MN-L.Samudram,PKM_C-61-L.SAMUDRAM-MB,Renimadugu,Renimadugu
PKM-D-KRISHNA-PALUTLA,PKM_D-44-PALUTLA-MB,Resrve forest,Forest-220
PKM_C_GKM_Markapuram(NC),PKM_C-57-MARKAPURAM-MB,Retlapalli,Retla Palle
PKM_C_GKM_Tripuranthakam,PKM_C-57-TRIPURANTHKAM-MB,RF,Forest-226
PKM-C-GKM-MARRIVEMULA,PKM_C-57-MARRIVEMULA-MB,RF,Forest-219
PKM-C-GKM-Boyalapalli,PKM_C-57-BOYALAPALLI-MB,RF,Forest-225
PKM-C-GKM-KONAPALLI,PKM_C-57-KONAPALLI-MB,RF,Forest-19
PKM-C-GKM-KAVALAKUNTLA,PKM_C-57-KAVALAKUNTLA-MB,RF,Forest-222
PKM_C-GKM_ARDHAVEEDU,PKM_C-57-ARTHAVEEDU-MB,RF,Forest-197
PKM-C-PL-VELIGANDLA,PKM_C-60-VELIGANDLA-MB,RF,Forest-31
Pkm_C-Gkm_Racherla,PKM_C-57-RACHERLA-MB,RF,Forest-197
PKM-C-PL-BALLIPALLI,PKM_C-60-BALLIPALLI-MB,RF,Forest-19
PKM-C-GKM-PEDDARAVEEDU,PKM_C-57-PEDDARAVEEDU-MB,RF,Forest-2
PKM-C-GKM-CUMBUM,PKM_C-57-CUMBUM-MB,RF,Forest-11
PKM_C_GKM_Markapuram(NC),PKM_C-57-MARKAPURAM-MB,RF,Forest-15
PKM-C-GKM-DORNALA,PKM_C-57-DORNALA-MB,RF,Forest-399
PKM_C_GKM_B.PETA,PKM_C-57-B.PETA-MB,RF,Forest-23
PKM-C-GKM-Y.PALEM,PKM_C-57-YERRAGONDAPALEM-MB,Rf,Forest-225
PKM_C_GKM_Markapuram(NC),PKM_C-57-MARKAPURAM-MB,Rolagampadu,Rolagam Padu
PKM-C-GKM-DORNALA,PKM_C-57-DORNALA-MB,Rollapenta(RF),Rolla Penta
PKM-C-GKM-RUDRASAMUDRAM,PKM_C-57-RUDRASAMUDRAM-MB,Rudrasamudram,Rudra Samudram
PKM-C-G&M-CHEEMAKUTHY,PKM_C-58-CHIMAKURTHY-MB,Rudravaram,Rudravaram-2
PKM-C-G&M-CHEEMAKUTHY,PKM_C-58-CHIMAKURTHY-MB,Rudravaram,Rudravaram-2
PKM-C-GKM-Boyalapalli,PKM_C-57-BOYALAPALLI-MB,S.Boyalapalli,Boyala Palle
PKM_C_GKM_Addanki,PKM_C-57-ADDANKI-MB,S.L.Gudipadu,Sankaralingam Gudipadu
PKM-C-G&M-CHEEMAKUTHY,PKM_C-58-CHIMAKURTHY-MB,S.N.Padu (Gangavaram),Gangavaram-1
PKM-C-G&M-CHEEMAKUTHY,PKM_C-58-CHIMAKURTHY-MB,S.N.Padu (Gangavaram),Gangavaram-1
PKM-C-MUSI-CHILAKAPADU,PKM_C-59-CHILAKAPADU-MB,S.N.Puram,Sankaranarayanapuram
PKM-C-MUSI-CHILAKAPADU,PKM_C-59-CHILAKAPADU-MB,S.N.Puram,Sankaranarayanapuram
PKM_C_GKM_Tripuranthakam,PKM_C-57-TRIPURANTHKAM-MB,S.Narasingapuram,Narasingapuram
PKM-C-MN-KANDUKUR,PKM_C-61-KANDUKURU-MB,Sakhavaram,Sakhavaram
PKM-C-GKM-KONAPALLI,PKM_C-57-KONAPALLI-MB,Salakalveedu,Salakalaveedu
PKM_C_Musi_Podili,PKM_C-59-PODILI-MB,Salakanuthala,Salakanuthala
PKM-C-MUSI-K.K.MITLA,PKM_C-59-KKMITLA-MB,Salanutala,Salanuthala
PKM_C_Musi_Kondepi,PKM_C-59-KONDEPI-MB,Salluru,T.Salluru
PKM_C_GKM_Darsi,PKM_C-57-DARSI-MB,Samanthapudi,Samanthapudi
PKM-C-MN-KANDUKUR,PKM_C-61-KANDUKURU-MB,Sameerapalem,Sameerapalem
PKM-C-MN-KANDUKUR,PKM_C-61-KANDUKURU-MB,Sanampudi,Sanampudi
PKM-C-MUSI-K.K.MITLA,PKM_C-59-KKMITLA-MB,Sangapuram,Sangapuram
PKM-C-GKM-DORNALA,PKM_C-57-DORNALA-MB,Sanikavaram,Sanikavaram-1
PKM_C_SAGILERU_GIDDALURU,PKM_C-70-GIDDALUR-MB,Sanjeevaraopeta,Sanjeevarao Peta
PKM_C_GKM_Mundlamuru,PKM_C-57-MUNDLAMURU-MB,Sankarapuram,Sankarapuram
PKM_C_MN_Pamuru,PKM_C-61-PAMURU-MB,Sankarapuram,Sankara Puram
PKM-C-PL-KANIGIRI,PKM_C-60-KANIGIRI-MB,Sankavaram,Sankavaram
PKM_C_Musi_Kondepi,PKM_C-59-KONDEPI-MB,Sannamuru,Sannamur
PKM_C_ROMPERU_INKOLLU,PKM_C-56-INKOLLU-MB,Santaravuru ,Santharavuru
PKM_C_Ogeru_S.Maguluru,PKM_C-55-S.MAGULURU-MB,Santhamaguluru ,Santhamaguluru-1
PKM_C_GKM_Darsi,PKM_C-57-DARSI-MB,Sarvamitta,Sarvamitta
PKM-C-GKM-ONGOLE,PKM_C-58-ONGOLE-MB,Sarvareddypalem,Sarvereddy Palem
PKM-C-GKM-MARRIVEMULA,PKM_C-57-MARRIVEMULA-MB,Sathakodu,Satha Kodu
PKM_C_GKM_Darsi,PKM_C-57-DARSI-MB,Seetasagar,Seetha Sagaram
PKM-C-G&M-CHEEMAKUTHY,PKM_C-58-CHIMAKURTHY-MB,Seetharampuram,Rachavari Palem
PKM-C-G&M-CHEEMAKUTHY,PKM_C-58-CHIMAKURTHY-MB,Seetharampuram,Seetharampuram-1
PKM_C_Musi_Podili,PKM_C-59-PODILI-MB,Siddavaram,Siddavaram
PKM_C_MN_Pamuru,PKM_C-61-PAMURU-MB,Siddavaram,Siddavaram-1
PKM-C-GKM-RUDRASAMUDRAM,PKM_C-57-RUDRASAMUDRAM-MB,Siddayapalem,Siddayapalem
PKM-C-MN-KANDUKUR,PKM_C-61-KANDUKURU-MB,Singamanenipalli,Singamnenipalle
PKM_C_GKM_Darsi,PKM_C-57-DARSI-MB,Singanapalem,Singana Palem
PKM-C-PL-S.KONDA,PKM_C-60-S.KONDA-MB,Singarabhotlapalem,Singara Botla Palem
PKM-C-PL-S.KONDA,PKM_C-60-S.KONDA-MB,Singarayakonda,Singarayakonda-1
PKM_C_GKM_Markapuram(NC),PKM_C-57-MARKAPURAM-MB,Sitanagulavaram,Seetanagulavaram
PKM_C_GKM_Darsi,PKM_C-57-DARSI-MB,Siva ramapuram,Sivarampuram
PKM_C_GKM_Markapuram(NC),PKM_C-57-MARKAPURAM-MB,Sivarampuram,Sivaram Puram
PKM-C-PL-KANIGIRI,PKM_C-60-KANIGIRI-MB,Somanipalli,Somanapalle
PKM-C-PL-S.KONDA,PKM_C-60-S.KONDA-MB,Somarajupalli,Somarajupalle
PKM_C_GKM_Darsi,PKM_C-57-DARSI-MB,Somavarappadu,Somavrappadu
PKM-C-GKM-ONGOLE,PKM_C-58-ONGOLE-MB,Somavarappadu,Somavarappadu-1
PKM_C_GKM_B.PETA,PKM_C-57-B.PETA-MB,Somavarapupet,Somavarapeta
PKM_C_GKM_Korisapadu,PKM_C-57-KORISAPADU-MB,Somavarrappadu,Somavarappadu
PKM_C_GKM_B.PETA,PKM_C-57-B.PETA-MB,Somidevipalli,Somidevi Palle
PKM_C_GKM_Addanki,PKM_C-57-ADDANKI-MB,South Addanki,Addanki (South) (U)
PKM_C_Musi_Podili,PKM_C-59-PODILI-MB,Sudanagunta,Sudanagunta
PKM-C-GKM-Y.PALEM,PKM_C-57-YERRAGONDAPALEM-MB,Suddakuntapenta(RF),Suddakunta Penta
PKM-C-GKM-PEDDARAVEEDU,PKM_C-57-PEDDARAVEEDU-MB,Sunkesula,Sunkesula-1
PKM_C_Sagileru_Komarolu,PKM_C-70-KOMAROLU-MB,Suravaripalli,Suravari Palle
PKM-C-MUSI-CHILAKAPADU,PKM_C-59-CHILAKAPADU-MB,Surayapalem,Suraya Palem
PKM-C-MUSI-CHILAKAPADU,PKM_C-59-CHILAKAPADU-MB,Surayapalem,Suraya Palem
PKM_C_GKM_Markapuram(NC),PKM_C-57-MARKAPURAM-MB,Surepalli,Surepalle
PKM-c-Romperu-Karamchedu,PKM_C-56-KARAMCHEDU-MB,Swarna,Swarna
PKM-C-MN-ULAVAPADU,PKM_C-61-ULAVAPADU-MB,Swarnajipuram,Swarnajipuram
PKM_C_GKM_Darsi,PKM_C-57-DARSI-MB,T.choutapalem,East Choutapalem
PKM-C-G&M-CHEEMAKUTHY,PKM_C-58-CHIMAKURTHY-MB,T.Gudipadu,Torragudi Padu
PKM-C-G&M-CHEEMAKUTHY,PKM_C-58-CHIMAKURTHY-MB,T.Gudipadu,Torragudi Padu
PKM-C-GKM-Y.PALEM,PKM_C-57-YERRAGONDAPALEM-MB,T.R.Cheruvu(RF),Telugurayani Cheruvu
PKM-C-MN-L.Samudram,PKM_C-61-L.SAMUDRAM-MB,T.Rajupalem,Thurpurajupalem
PKM_C_GKM_Markapuram(NC),PKM_C-57-MARKAPURAM-MB,Tadivaripalli,Tadivari Palle
PKM_C_Romperu_J.Panguluru,PKM_C-56-J.PANGALURU-MB,Takkellapadu,Thurpu Thakkella Padu
PKM-C-PL-VELIGANDLA,PKM_C-60-VELIGANDLA-MB,Takkellapadu(k),Takkellapadu
PKM-C-PL-P.C.PALLI,PKM_C-60-PC PALLY-MB,Talakondapadu,Talakondapadu
PKM_C_Musi_Kondepi,PKM_C-59-KONDEPI-MB,Talamalla,Thalamalla
PKM-C-GKM-KONAPALLI,PKM_C-57-KONAPALLI-MB,Talaneelalu(RF),Talaneelamala
PKM-C-PL-KANIGIRI,PKM_C-60-KANIGIRI-MB,Tallur,Tallur-1
PKM_C_GKM_Darsi,PKM_C-57-DARSI-MB,TALLURU,Tallur
PKM_C_GKM_B.PETA,PKM_C-57-B.PETA-MB,Tamballapalli,Thamballa Palle
PKM_C_GKM_Mundlamuru,PKM_C-57-MUNDLAMURU-MB,Tanamchintala,Thanam Chinthala
PKM_C_Ogeru_S.Maguluru,PKM_C-55-S.MAGULURU-MB,Tangedumalli,Tangedu Malli
PKM-C-PL-JARUGUMALLI,PKM_C-60-JARUGUMILLI-MB,Tangella,Thangella
PKM-C-GKM-PEDDARAVEEDU,PKM_C-57-PEDDARAVEEDU-MB,Tangirallapalli,Thangirala Palle
PKM-C-PL-JARUGUMALLI,PKM_C-60-JARUGUMILLI-MB,Tangutur,Tangutur-1
PKM_C_GKM_Markapuram(NC),PKM_C-57-MARKAPURAM-MB,Tarlupadu,Tarlupadu
PKM_C_GKM_B.PETA,PKM_C-57-B.PETA-MB,Taticherla,Taticherla-1
PKM-C-MUSI-K.K.MITLA,PKM_C-59-KKMITLA-MB,Tellabadu,Tella Padu
PKM_C_GKM_Markapuram(NC),PKM_C-57-MARKAPURAM-MB,Tellapadu,Tellapadu
PKM_C_GKM_Mundlamuru,PKM_C-57-MUNDLAMURU-MB,Thammaluru,Thammaluru
PKM-C-MN-L.Samudram,PKM_C-61-L.SAMUDRAM-MB,Thimmareddypalem,Thimmareddy Palem
PKM_C_GKM_Mundlamuru,PKM_C-57-MUNDLAMURU-MB,Thimmayapalem,Thimmaya Palem
PKM-C-GKM-DORNALA,PKM_C-57-DORNALA-MB,Thokapalli,Thoka Palle
PKM-C-G&M-CHEEMAKUTHY,PKM_C-58-CHIMAKURTHY-MB,Throvagunta,Throvagunta-1
PKM-C-G&M-CHEEMAKUTHY,PKM_C-58-CHIMAKURTHY-MB,Throvagunta,Throvagunta-1
PKM_C_MN_C.S.Puram,PKM_C-61-C.S.PURAM-MB,Thummagunta,Thummagunta-2
PKM-C-PL-KANIGIRI,PKM_C-60-KANIGIRI-MB,Thummagunta,Thummagunta-1
PKM_C_Musi_Podili,PKM_C-59-PODILI-MB,Tigadurthipadu,Teegadurthipadu
PKM-C-GKM-Boyalapalli,PKM_C-57-BOYALAPALLI-MB,Timmannapalem,Thimmana Palem
Pkm_C-Gkm_Racherla,PKM_C-57-RACHERLA-MB,Timmapuram,Thimma Puram
PKM_C_PL_H.M.Padu,PKM_C-60-H.M.PADU-MB,Timmareddypalli,Thimmareddi Palle
PKM_C_ROMPERU_INKOLLU,PKM_C-56-INKOLLU-MB,Timmasamudram,Thimmasamudram
PKM_C_Musi_Kondepi,PKM_C-59-KONDEPI-MB,Tippaladevipalli,Thippala Devi Palle
PKM-C-GKM-CUMBUM,PKM_C-57-CUMBUM-MB,Tippayapalem,Thippaya Palem
PKM-C-MN-Tiragalladinne,PKM_C-61-TIRAGALADENNE-MB,Tiragandla Dinne,Tiragandla Dinne
PKM_C_GKM_Tripuranthakam,PKM_C-57-TRIPURANTHKAM-MB,Tripurantakam ,Tripuranthakam-1
PKM_C_GKM_B.PETA,PKM_C-57-B.PETA-MB,Tripurapuram,Tripura Puram
PKM-C-MUSI-CHILAKAPADU,PKM_C-59-CHILAKAPADU-MB,Tripurasundaripuram,Thripura Sundari Puram
PKM-C-MUSI-CHILAKAPADU,PKM_C-59-CHILAKAPADU-MB,Tripurasundaripuram,Thripura Sundari Puram
PKM_C_Musi_Kondepi,PKM_C-59-KONDEPI-MB,Tumadu,Thumadu
PKM_C_Musi_Podili,PKM_C-59-PODILI-MB,Tummagunta,Thummagunta
PKM-C-GKM-DORNALA,PKM_C-57-DORNALA-MB,Tummalabayalu(RF),Thummala Bayalu
PKM_C_GKM_Markapuram(NC),PKM_C-57-MARKAPURAM-MB,Tummalacheruvu,Thummala Cheruvu
PKM_C_Musi_Donakonda,PKM_C-59-DONAKONDA-MB,Tummedalapadu,Thummedalapadu
PKM-C-GKM-KONAPALLI,PKM_C-57-KONAPALLI-MB,Tungodu(RF),Thungodu
PKM-C-MN-L.Samudram,PKM_C-61-L.SAMUDRAM-MB,Tunugunta,Thunugunta
Pkm_C-Gkm_Racherla,PKM_C-57-RACHERLA-MB,Turimella,Thurimella
PKM_C_Romperu_J.Panguluru,PKM_C-56-J.PANGALURU-MB,Turpu Kopperapadu,Thurpu Koppera Padu
PKM-C-MUSI-CHILAKAPADU,PKM_C-59-CHILAKAPADU-MB,Turpu Naidupalem,Turupunaidupalem
PKM-C-MUSI-CHILAKAPADU,PKM_C-59-CHILAKAPADU-MB,Turpu Naidupalem,Turupunaidupalem
PKM-C-MUSI-K.K.MITLA,PKM_C-59-KKMITLA-MB,Tuvvapadu,Thuvva Padu
PKM-C-G&M-CHEEMAKUTHY,PKM_C-58-CHIMAKURTHY-MB,Ulichi,Ulichi-1
PKM-C-G&M-CHEEMAKUTHY,PKM_C-58-CHIMAKURTHY-MB,Ulichi,Ulichi-1
PKM_C_GKM_Mundlamuru,PKM_C-57-MUNDLAMURU-MB,Umamaheswarapuram,Umamaheswarapuram
PKM-C-PL-BALLIPALLI,PKM_C-60-BALLIPALLI-MB,Umamaheswarapuram,Umamaheswarapuram-1
PKM_C_PL_H.M.Padu,PKM_C-60-H.M.PADU-MB,Ummanapalli,Ummana Palle
PKM_C_GKM_Addanki,PKM_C-57-ADDANKI-MB,Upalapadu,Uppalapadu-14
PKM_C_PL_H.M.Padu,PKM_C-60-H.M.PADU-MB,Upendrapuram,Upendra Puram
Pkm_C_PL_Ponnalulu,PKM_C-60-PONNALULU-MB,Uppaladinna,Uppala Dinne
PKM-C-GKM-PULLALACHERUVU,PKM_C-57-PULLACHERUVU-MB,Uppaladinne(RF),Uppaladinne Penta
PKM_C_MN_C.S.Puram,PKM_C-61-C.S.PURAM-MB,Uppalapadu,Uppalapadu-2
PKM_C_Musi_Kondepi,PKM_C-59-KONDEPI-MB,Uppalapadu,Uppala Padu
PKM_C_Musi_Kondepi,PKM_C-59-KONDEPI-MB,Uppalapadu,K.Uppalapadu
PKM_C_Romperu_N.G.Padu,PKM_C-56-NG PADU-MB,Uppugonduru,Uppugundur
PKM_C_Romperu_Parchuru,PKM_C-56-PARCHURU-MB,Uppumaguluru,Uppumaguluru
PKM_C_Romperu_Parchuru,PKM_C-56-PARCHURU-MB,Upputuru,Upputur-1
PKM_C_SAGILERU_GIDDALURU,PKM_C-70-GIDDALUR-MB,Uyyalavada,Uyyala Wada
PKM-C-PL-S.KONDA,PKM_C-60-S.KONDA-MB,V.K.Kandrika,Vellaturikalidasuvarikhandrika
PKM-C-MN-L.Samudram,PKM_C-61-L.SAMUDRAM-MB,V.R.Kota,Veera Raghavuni Kota
PKM-C-MN-KANDUKUR,PKM_C-61-KANDUKURU-MB,v.v.palem,Voletivaripalem-1
PKM_C_Romperu_Chirala,PKM_C-56-CHEERALA-MB,Vada,Wada
PKM-C-MUSI-K.K.MITLA,PKM_C-59-KKMITLA-MB,Vaddimadugu,Vaddi Madugu
PKM_C_Musi_Donakonda,PKM_C-59-DONAKONDA-MB,Vaddipadu,Vaddipadu
PKM_C_MN_Pamuru,PKM_C-61-PAMURU-MB,Vaggampalli,Vaggampalle
PKM-C-MUSI-K.K.MITLA,PKM_C-59-KKMITLA-MB,Vagimadugu,Vagemadugu
PKM_C_GKM_Addanki,PKM_C-57-ADDANKI-MB,Vaidana,Vaidana
PKM_C_PL_H.M.Padu,PKM_C-60-H.M.PADU-MB,Valicherla,Valicherla
PKM_C_Romperu_Ballikurava,PKM_C-56-BALLIKURVA-MB,Vallapalli,Valla Palle
PKM_C_Romperu_Ballikurava,PKM_C-56-BALLIKURVA-MB,Vallapalli,Valla Palle
PKM_C_Romperu_Parchuru,PKM_C-56-PARCHURU-MB,Vallaparla,Valaparla
PKM_C_Musi_Kondepi,PKM_C-59-KONDEPI-MB,Vallaypalem,Vallaya Palem
PKM-C-GKM-ONGOLE,PKM_C-58-ONGOLE-MB,Valluru,Valluru
PKM-C-GKM-ONGOLE,PKM_C-58-ONGOLE-MB,Valluru kavali manyam,Valluru Kavalimanyam
PKM_C_GKM_B.PETA,PKM_C-57-B.PETA-MB,Vandutla,Ondutla
PKM-C-PL-BALLIPALLI,PKM_C-60-BALLIPALLI-MB,Vangapadu,Vangapadu
PKM-C-PL-KANIGIRI,PKM_C-60-KANIGIRI-MB,Vankamarripalem,Vankamarri Palem
PKM-C-PL-JARUGUMALLI,PKM_C-60-JARUGUMILLI-MB,Vardhinenipalem,Vardhineni Palem
PKM-C-GKM-ONGOLE,PKM_C-58-ONGOLE-MB,Vasepallipadu,Vasepallepadu
PKM_C_MN_C.S.Puram,PKM_C-61-C.S.PURAM-MB,Vatlabayalu,Vatla Bayulu
PKM-C-PL-JARUGUMALLI,PKM_C-60-JARUGUMILLI-MB,Vaviletipadu,Vavileti Padu
PKM-C-PL-VELIGANDLA,PKM_C-60-VELIGANDLA-MB,Vedullacheruvu,Vedulla Cheruvu
PKM_C_Musi_Podili,PKM_C-59-PODILI-MB,Veerabhadrapuram,Veerabhadra Puram
PKM_C_Romperu_Parchuru,PKM_C-56-PARCHURU-MB,Veerannapalem,Veeranna Palem-1
Pkm_C_PL_Ponnalulu,PKM_C-60-PONNALULU-MB,Veerannapalem,Veeranna Palem
PKM-C-MN-ULAVAPADU,PKM_C-61-ULAVAPADU-MB,Veerapalli,Veerepalle
PKM_C_PL_H.M.Padu,PKM_C-60-H.M.PADU-MB,Veeraramapuram,Veerarama Puram
PKM_C_Musi_Donakonda,PKM_C-59-DONAKONDA-MB,Veeravenkatapuram,Veera Venkata Puram
PKM-C-GKM-CUMBUM,PKM_C-57-CUMBUM-MB,Velagalapaya,Velagalapaya
PKM-C-PL-JARUGUMALLI,PKM_C-60-JARUGUMILLI-MB,Velagapudi,Velagapudi
PKM-C-MUSI-K.K.MITLA,PKM_C-59-KKMITLA-MB,Veligandla,Veligandla-1
PKM-C-PL-VELIGANDLA,PKM_C-60-VELIGANDLA-MB,Veligandla,Veligandla-2
PKM_C_Ogeru_S.Maguluru,PKM_C-55-S.MAGULURU-MB,Vellalacheruvu,Vellala Cheruvu
PKM-C-G&M-CHEEMAKUTHY,PKM_C-58-CHIMAKURTHY-MB,Vellampalli,Vellam Palle
PKM-C-G&M-CHEEMAKUTHY,PKM_C-58-CHIMAKURTHY-MB,Vellampalli,Vellam Palle
Pkm_C_PL_Ponnalulu,PKM_C-60-PONNALULU-MB,Vellaturu,Vellaturu-1
PKM_C_Romperu_Ballikurava,PKM_C-56-BALLIKURVA-MB,Vemavaram,Vemavaram-4
PKM_C_Romperu_Ballikurava,PKM_C-56-BALLIKURVA-MB,Vemavaram,Vemavaram-4
PKM-C-PL-KANIGIRI,PKM_C-60-KANIGIRI-MB,Vemavaram,Vema Varam
PKM_C_GKM_Mundlamuru,PKM_C-57-MUNDLAMURU-MB,Vempadu,Vempadu-1
Pkm_C_PL_Ponnalulu,PKM_C-60-PONNALULU-MB,Vempadu,Vempadu-2
PKM_C_GKM_Addanki,PKM_C-57-ADDANKI-MB,Vemparala,Vemparala
PKM_C_GKM_Mundlamuru,PKM_C-57-MUNDLAMURU-MB,Vemula,Vemula-1
PKM_C_GKM_Mundlamuru,PKM_C-57-MUNDLAMURU-MB,Vemulabanda,Vemulabanda
PKM-C-GKM-PEDDARAVEEDU,PKM_C-57-PEDDARAVEEDU-MB,Vemulakota,Vemula Kota
PKM_C_PL_H.M.Padu,PKM_C-60-H.M.PADU-MB,Vemulapadu,Vemula Padu
PKM-C-MN-L.Samudram,PKM_C-61-L.SAMUDRAM-MB,Vengalapuram,Vengalapuram-1
PKM-C-GKM-ONGOLE,PKM_C-58-ONGOLE-MB,Vengamukkapalem,Vengamukka Palem
PKM-C-MN-GUDLURU,PKM_C-61-GUDLUR-MB,Venkampeta,Venkam Peta
PKM-C-MN-KANDUKUR,PKM_C-61-KANDUKURU-MB,Venkannapalem,Pedavenkanna Palem
PKM_C_Musi_Donakonda,PKM_C-59-DONAKONDA-MB,Venkatachalampalli,Venkatachalam Palle
PKM-C-GKM-Y.PALEM,PKM_C-57-YERRAGONDAPALEM-MB,Venkatadripalem,Venkatadri Palem
PKM_C_Musi_Kondepi,PKM_C-59-KONDEPI-MB,Venkatakrishnapuram,Venkata Krishna Puram
PKM_C_Musi_Donakonda,PKM_C-59-DONAKONDA-MB,Venkatapuram,East Venkata Puram
PKM_C_MN_C.S.Puram,PKM_C-61-C.S.PURAM-MB,Venkatayacheruvu,Venkataya Cheruvu
PKM-C-G&M-CHEEMAKUTHY,PKM_C-58-CHIMAKURTHY-MB,Venkateswarapuram,Venkateswarapuram
PKM-C-G&M-CHEEMAKUTHY,PKM_C-58-CHIMAKURTHY-MB,Venkateswarapuram,Venkateswarapuram
PKM_C_Sagileru_Komarolu,PKM_C-70-KOMAROLU-MB,Vennampalli,Vennam Palle
PKM_C_Musi_Kondepi,PKM_C-59-KONDEPI-MB,Vennuru,Vennuru
Pkm_C-Gkm_Racherla,PKM_C-57-RACHERLA-MB,Venthurlapadu,Venthurla Padu
PKM-C-PL-P.C.PALLI,PKM_C-60-PC PALLY-MB,Vepagumpalli,Vepagum Palle
PKM_C_Romperu_Vetapalem ,PKM_C-56-VETAPALEM-MB,Vetapalem ,Vetapalem-1
PKM_C_Romperu_Parchuru,PKM_C-56-PARCHURU-MB,Vijanampadu,Vinjanampadu
PKM-C-PL-BALLIPALLI,PKM_C-60-BALLIPALLI-MB,Vijayagopalapuram,Vijaya Gopala Puram
PKM-C-PL-S.KONDA,PKM_C-60-S.KONDA-MB,Vikkiralapeta,Vikkiralapeta
PKM-C-MUSI-K.K.MITLA,PKM_C-59-KKMITLA-MB,Vinjavarthipadu,Vinjavarthi Padu
PKM_C_PL_H.M.Padu,PKM_C-60-H.M.PADU-MB,Viragareddypalli,Veeragareddi Palle
PKM-C-PL-BALLIPALLI,PKM_C-60-BALLIPALLI-MB,Viranchipuram,Viranchi Puram
PKM-C-PL-P.C.PALLI,PKM_C-60-PC PALLY-MB,Viswanadhapuram,Viswanadha Puram
PKM_C_GKM_Tripuranthakam,PKM_C-57-TRIPURANTHKAM-MB,Viswanathapuram,Viswanadhapuram-2
PKM-C-MN-L.Samudram,PKM_C-61-L.SAMUDRAM-MB,Viswanathapuram,Viswanadhapuram
PKM-C-PL-P.C.PALLI,PKM_C-60-PC PALLY-MB,Vithalapuram,Vittala Puram
PKM_C_GKM_Darsi,PKM_C-57-DARSI-MB,Vittalapuram,Vithalapuram
PKM-C-GKM-DORNALA,PKM_C-57-DORNALA-MB,Yadavalli,Yadavalli-1
PKM-C-PL-KANIGIRI,PKM_C-60-KANIGIRI-MB,Yadavalli,Yadavalli
PKM_C_GKM_B.PETA,PKM_C-57-B.PETA-MB,Yadavalli,Edavalli
PKM_C_Romperu_Parchuru,PKM_C-56-PARCHURU-MB,Yaddanapudi ,Yeddanapudi-1
PKM_C_Romperu_Parchuru,PKM_C-56-PARCHURU-MB,Yanamadala,Enamadala-1
PKM-C-GKM-KAVALAKUNTLA,PKM_C-57-KAVALAKUNTLA-MB,Yandrapalli,Yendra Palle
PKM-C-GKM-DORNALA,PKM_C-57-DORNALA-MB,Y-cherlopalli,Yeguva Cherlo Palle
PKM-C-MN-KANDUKUR,PKM_C-61-KANDUKURU-MB,Yedluripadu,Yeduluru Padu
PKM_C_Romperu_Parchuru,PKM_C-56-PARCHURU-MB,Yedubodu,Edubadu
PKM-C-G&M-CHEEMAKUTHY,PKM_C-58-CHIMAKURTHY-MB,Yedugundlapadu,Edugundlapadu
PKM-C-G&M-CHEEMAKUTHY,PKM_C-58-CHIMAKURTHY-MB,Yedugundlapadu,Edugundlapadu
PKM_C_GKM_Markapuram(NC),PKM_C-57-MARKAPURAM-MB,Yellapuram,Yella Puram
PKM_C_Musi_Donakonda,PKM_C-59-DONAKONDA-MB,Yerra Obanapalli,Yerrobana Palle
PKM-C-G&M-CHEEMAKUTHY,PKM_C-58-CHIMAKURTHY-MB,Yerragudipadu,Yerragudipadu
PKM-C-G&M-CHEEMAKUTHY,PKM_C-58-CHIMAKURTHY-MB,Yerragudipadu,Yerragudipadu
PKM-C-GKM-ONGOLE,PKM_C-58-ONGOLE-MB,Yerrajerla,Yerajerla
PKM_C_Musi_Donakonda,PKM_C-59-DONAKONDA-MB,Yerrapalem,Yerrabalem-1
PKM-C-GKM-Y.PALEM,PKM_C-57-YERRAGONDAPALEM-MB,Y-palem,Yerragonda Palem
PKM-C-PL-KANIGIRI,PKM_C-60-KANIGIRI-MB,Z.Mekapadu,Mekapadu (Z)
PKM-C-MN-KANDUKUR,PKM_C-61-KANDUKURU-MB,Z-uppalapadu,Z.Uppalapadu
PKM_C_Musi_Podili,PKM_C-59-PODILI-MB,Zuvvaleru,Zuvvaleru
