GW Watershed Name,Iwm basin names,GW Village Name,iwm village names
GNT-D-50-Macherla-Macherrla,GNT-D-50-MACHERLA-MACHRLA-MB,A.J.Madaka,Amani Jammala Madaka
GNT-C-54-Vemuru,GNT-C-54-VEMURU-MB,Abbanagudavalli,Abbanagudavalli
GNT-D-50-Kattela-Thulluru,GNT-D-50-KATTELA-THULLURU-MB,Abbarajupalem,Abbarajupalem
GNT-D-50-Challa-Challagundla,GNT-D-50-CHALLA-CHALLAGUNDLA-MB,Abbur,Abburu
GNT-C-54-Nizampatnam,GNT-C-54-NIZAMPATNAM-MB,Adavuladeevi(With Marshes),Adavuladeevi
GNT_C_54_Bhattiprollu,GNT-C-54-BHATTIPROLLU-MB,Addepalli,Addepalli
GNT-D-50-Dandi-Gurajala,GNT-D-50-DANDI-GURAJALA-MB,Adigopula,Adigoppula
GNT-C-55-Nallama-Pedanandipadu,GNT-C-55-NALLAMA-PEDANANDIPADU-MB,Adivi,Adivi
GNT-C-55-Pedda-2-Mangalagiri,GNT-C-55-PEDDA-2-MANGALAGIRI-MB,Agatavarappadu,Agatha Varappadu
GNT-C-57-Anga-Angalur,GNT-C-57-ANGA-ANGALUR-MB,Agnigundala,Agnigundala
GNT-C-57-Vola-Tangirala,GNT-C-57-VOLA-TANGIRALA-MB,Ainavolu,Inavolu
GNT-D-50-Pedda-1-Guntur,GNT-D-50-PEDD-1-GUNTUR-MB,Ainavolu,Ainavolu
GNT-D-50-Erra-2-Piduguralla,GNT-D-50- ERRA-2-PIDUGURALLA-MB,Akurajupalli,Akurajupalle
GNT-C-54-Tsunduru,GNT-C-54-TSUNDURU-MB,Alapadu,Alapadu
GNT-C-55-Boddu-Velpuru,GNT-C-55-BODDU-VELPUR-MB,Alawala,Alavala
GNT-C-54-Nagaram,GNT-C-54-NAGARAM-MB,Allaparru,Allaparru
GNT-C-54-P.V.Palem,GNT-C-54-P.V.PALEM-MB,Alluru,Allur-5
GNT-D-50-Naguleru-Dachepalle,GNT-D-50- NAGULERU-DACHAPALLI-MB,Alugumallipadu,Alugumallipadu
GNT_C_54_Amarthaluru,GNT-C-54-AMARTHALURU-MB,Amartaluru,Amruthalur-1
GNT-D-50-Atcham.-Atchampeta,GNT-D-50- ATCHAM-ATCHAMPETA-MB,Ambadipudi,Ambadipudi
GNT-D-50-Kondaveeti-Medikonduru,GNT-D-50-KONDAVEETI-MEDIKONDURU-MB,Aminabad,Aminabada
GNT-C-54-Nizampatnam,GNT-C-54-NIZAMPATNAM-MB,Amudalapalle(With Marshes),Amudalapalli
GNT-C-54-Kolluru,GNT-C-54-KOLLURU-MB,Ananthavaram,Ananthavaram-8
GNT-D-50-Kattela-Thulluru,GNT-D-50-KATTELA-THULLURU-MB,Ananthavaram,Ananthavaram-5
GNT_C_54_Bhattiprollu,GNT-C-54-BHATTIPROLLU-MB,Bhattiprolu,Addepalli
GNT-C-55-Konda-Vatticherukuru,GNT-C-55-KONDA-VATTICHERUKURU-MB,Ananthavarappadu,Ananthavarappadu
GNT-C-57-Vola-Tangirala,GNT-C-57-VOLA-TANGIRALA-MB,Andugulapadu,Andugulapadu
GNT-D-50-Lakshmi-Panidam,GNT-D-50-LAKSHMI-PANIDAM-MB,Andukuru,Andukuru
GNT-C-54-Tenali,GNT-C-54-TENALI-MB,Angalakuduru,Angalakuduru
GNT-C-57-Anga-Angalur,GNT-C-57-ANGA-ANGALUR-MB,Angaluru,Angalur
GNT-C-55-Konda-Vatticherukuru,GNT-C-55-KONDA-VATTICHERUKURU-MB,Ankireddypalem,Ankireddipalem (Rural)
GNT-C-55-Tummala-Edlapadu,GNT-C-55-TUMMALA-EDLAPADU-MB,Annaparru,Annaparru
GNT-C-54-Kollipara,GNT-C-54-KOLLIPARA-MB,Annavaram,Annavaram-10
GNT-C-55-Nallama-Pedanandipadu,GNT-C-55-NALLAMA-PEDANANDIPADU-MB,Annavaram,Annavaram-4
GNT-C-55-Ura-Rompicherla,GNT-C-55-URA-ROMPICHERLA-MB,Annavaram,Annavaram-3
GNT-C-55-Boddu-Velpuru,GNT-C-55-BODDU-VELPUR-MB,Annavarappadu,Annavarappadu-1
GNT-C-55-Pedda-2-Mangalagiri,GNT-C-55-PEDDA-2-MANGALAGIRI-MB,Anumarlapudi,Anumarlapudi
GNT-C-55-Nakka-Muppalla,GNT-C-55-NAKKA-MUPPALLA-MB,Appapuram,Appapuram
GNT_C_54_Bapatla,GNT-C-54-BAPATLA-MB,Appikatla,Appikatla
GNT-C-54-Repalle,GNT-C-54-REPALLI-MB,Aravapalli,Aravapalle
GNT-C-54-Ponnuru,GNT-C-54-PONNURU-MB,Aremanda,Aremanda
GNT-C-54-Cherukupalli,GNT-C-54-CHERUKUPALLI-MB,Arepalli,Arepalle-1
GNT-C-57-Cheja-Chejerla,GNT-C-57-CHEJA-CHEJARLA-MB,Arepalli,Arepalli Agraharam
GNT-C-54-Cherukupalli,GNT-C-54-CHERUKUPALLI-MB,Arumbaka,Arumbaka
GNT-C-54-Kollipara,GNT-C-54-KOLLIPARA-MB,Athota,Athota
GNT-C-54-Duggirala,GNT-C-54-DUGGIRALA-MB,Duggirala,Chiluvuru
GNT-C-55-Pedda-2-Mangalagiri,GNT-C-55-PEDDA-2-MANGALAGIRI-MB,Atmakur,Atmakur (Rural)
GNT-D-50-Macherla-Macherrla,GNT-D-50-MACHERLA-MACHRLA-MB,Atmakur,Atmakur-5
GNT-D-50-Eddu-Amaravathi,GNT-D-50-EDDU-AMARAVATHI-MB,Attalur,Attalur
GNT-D-50-Naguleru-Dachepalle,GNT-D-50- NAGULERU-DACHAPALLI-MB,Ayyannapalem,Ayyannapalem
GNT-C-54-Ponnuru,GNT-C-54-PONNURU-MB,B. Kodur,Brahmanakodur
GNT-C-54-Karlapalem,GNT-C-54-KARLAPAEM-MB,Karlapalem,Buddam
GNT-D-50-Lakshmi-Panidam,GNT-D-50-LAKSHMI-PANIDAM-MB,Balemarru,Balemarru
GNT-D-50-Erra-1-Rajupalem,GNT-D-50-ERRA-1-RAJUPALEM-MB,Balijepalle,Balijepalle
GNT-C-54-Vemuru,GNT-C-54-VEMURU-MB,Balijepally,Balijepalle-1
GNT-C-54-Cherukupalli,GNT-C-54-CHERUKUPALLI-MB,Balusulapalem,Balusulapalem
GNT-D-50 Mada-Pedakurapadu,GNT-D-50-MADDA-PEDAKURAPADU-MB,Balusupadu,Balusupadu-1
GNT-D-50-Pedda-1-Guntur,GNT-D-50-PEDD-1-GUNTUR-MB,Bandarupalle,Bandarupalle-2
GNT-C-55-Nallama-Pedanandipadu,GNT-C-55-NALLAMA-PEDANANDIPADU-MB,Bapatla East,Bapatla East (Rural)
GNT-C-55-Nallama-Pedanandipadu,GNT-C-55-NALLAMA-PEDANANDIPADU-MB,Bapatla West,Bapatla West (Rural)
GNT-D-50-Lakshmi-Panidam,GNT-D-50-LAKSHMI-PANIDAM-MB,Bayyavaram,Bayyavaram
GNT-D-50-Kondaveeti-Medikonduru,GNT-D-50-KONDAVEETI-MEDIKONDURU-MB,Bejatpuram,Bejatpuram
GNT-C-54-Kollipara,GNT-C-54-KOLLIPARA-MB,Kollipara,Annavaram-10
GNT-C-54-Repalle,GNT-C-54-REPALLI-MB,Bethapudi,Bethapudi-2
GNT-C-55-Isuka-2-Kondaveedu,GNT-C-55-ISSUKA-2-KONDAVEEDU-MB,Bethapudi,Bethapudi
GNT-C-55-Nakka-Muppalla,GNT-C-55-NAKKA-MUPPALLA-MB,Bhallukanudupalem,Bhallukanudupalem
GNT_C_54_Bapatla,GNT-C-54-BAPATLA-MB,Bharthipudi,Bharthipudi
GNT-D-50-Lakshmi-Panidam,GNT-D-50-LAKSHMI-PANIDAM-MB,Bhatlur,Bhatlur
GNT-D-50-Ralla-Machavaram,GNT-D-50- RALLA-MACHAVARAM-MB,Bhatrupalem,Bhatrupalem
GNT-D-50-Challa-Challagundla,GNT-D-50-CHALLA-CHALLAGUNDLA-MB,Bhimavaram,Bhimavaram-3
GNT-D-50-Eddu-Amaravathi,GNT-D-50-EDDU-AMARAVATHI-MB,Bhrugubanda,Bhrugubanda
GNT-C-54-Karlapalem,GNT-C-54-KARLAPAEM-MB,Bhuddam,Buddam
GNT-D-50-Erra-2-Piduguralla,GNT-D-50- ERRA-2-PIDUGURALLA-MB,Bodanam,Bodanam
GNT-C-54-Kolluru,GNT-C-54-KOLLURU-MB,Kollur,Ananthavaram-8
GNT_C_54_Amarthaluru,GNT-C-54-AMARTHALURU-MB,Bodapadu,Bodapadu
GNT-C-54-Kolluru,GNT-C-54-KOLLURU-MB,Boddulurupadu,Boddulurupadu
GNT-C-55-Nakka-Muppalla,GNT-C-55-NAKKA-MUPPALLA-MB,Bodipalem,Bodipalem
GNT-C-57-Pasupuleru-Vellaturu,GNT-C-57-PASUPU-VELLATURU-MB,Bollapalle ,Bollapalle-1
GNT-C-57-Pasupuleru-Vellaturu,GNT-C-57-PASUPU-VELLATURU-MB,Bollapalle Hill&Forst,Bollapalle-1
GNT-C-57-Anga-Angalur,GNT-C-57-ANGA-ANGALUR-MB,Bollapalle RF,Bollapalle-1
GNT-D-50-Remidicherla,GNT-D-50- REMIDI-REMIDICHERLA-MB,"Bollapalli,Guttikonda Hill&R.F",Forest-217
GNT-C-57-Kandaleru-1-Bollapalli-Part_Ongole,GNT-C-57-KANDLERU-1-BOLLAPALLI-PART_ONGOL-MB,Bollapally R.F,Forest-217
GNT-D-50-Naguleru-Dachepalle,GNT-D-50- NAGULERU-DACHAPALLI-MB,"Bollapally, Kakirala hill & forest",Forest-213
GNT-D-50-Challa-Challagundla,GNT-D-50-CHALLA-CHALLAGUNDLA-MB,Bollavaram,Bollavaram-3
GNT-C-57-Konkeru-Savalyapuram,GNT-C-57-KONKER-SAVALYAPURAM-MB,Bommarajupally,Bommarajupalle-1
GNT-C-54-Nagaram,GNT-C-54-NAGARAM-MB,Nagaram,Allaparru
GNT-C-54-Kollipara,GNT-C-54-KOLLIPARA-MB,Bommuvaripalem,Bommuvaripalem
GNT-C-55-Vogeru-Chilakaluripet_Part-Ongole,GNT-C-55-VOGERU-CHILAKALURIPET_PART-ONGO-MB,Boppudi,Boppudi
GNT-D-50-Kattela-Thulluru,GNT-D-50-KATTELA-THULLURU-MB,Borupalem,Borupalem
GNT-C-57-Konkeru-Savalyapuram,GNT-C-57-KONKER-SAVALYAPURAM-MB,Brahmanapalle,Brahmanapalle-18
GNT-C-55-Pedda-2-Mangalagiri,GNT-C-55-PEDDA-2-MANGALAGIRI-MB,Budampadu,Budampadu
GNT-C-54-Tenali,GNT-C-54-TENALI-MB,Burripalem,Burripalem
GNT-C-54-Nizampatnam,GNT-C-54-NIZAMPATNAM-MB,Nizampatnam,Adavuladeevi
GNT-C-54-Vemuru,GNT-C-54-VEMURU-MB,Chadalavada,Chadalawada-1
GNT-D-50-Challa-Challagundla,GNT-D-50-CHALLA-CHALLAGUNDLA-MB,Chagallu,Chagallu-3
GNT-D-50-Chintala-Taduvoy,GNT-D-50- CHINTA-TADUVOYA-MB,Challagariga,Challagariga-1
GNT-D-50-Challa-Challagundla,GNT-D-50-CHALLA-CHALLAGUNDLA-MB,Challagundla,Challagundla
GNT-C-55-Konda-Vatticherukuru,GNT-C-55-KONDA-VATTICHERUKURU-MB,Chamallamudi,Chamallamudi
GNT-D-50-Atcham.-Atchampeta,GNT-D-50- ATCHAM-ATCHAMPETA-MB,Chamarru,Chamarru
GNT-C-55-Nakka-Muppalla,GNT-C-55-NAKKA-MUPPALLA-MB,Chandavaram,Chandavaram
GNT-C-54-P.V.Palem,GNT-C-54-P.V.PALEM-MB,Chandole,Chandole
GNT-D-50-Dandi-Gurajala,GNT-D-50-DANDI-GURAJALA-MB,Charlagudipadu,Cherlagudi Padu
GNT-C-54-Repalle,GNT-C-54-REPALLI-MB,Chatragadda,Chatragadda
GNT-C-54-Vemuru,GNT-C-54-VEMURU-MB,Chavali,Chavali-1
GNT-C-55-Konda-Vatticherukuru,GNT-C-55-KONDA-VATTICHERUKURU-MB,Chebrolu,Chebrolu-1
GNT-D-50-Challa-Challagundla,GNT-D-50-CHALLA-CHALLAGUNDLA-MB,Cheemalamarri,Cheemalamarri
GNT-C-57-Cheja-Chejerla,GNT-C-57-CHEJA-CHEJARLA-MB,Chejerla,Chejerla-3
GNT-C-54-Kollipara,GNT-C-54-KOLLIPARA-MB,Chemudupadu,Chemudupadu
GNT-D-50-Ralla-Machavaram,GNT-D-50- RALLA-MACHAVARAM-MB,Chennayapalem,Chennayapalem-1
GNT-C-55-Nallama-Pedanandipadu,GNT-C-55-NALLAMA-PEDANANDIPADU-MB,Cheruvu,Cheruvu
GNT-D-50-Atcham.-Atchampeta,GNT-D-50- ATCHAM-ATCHAMPETA-MB,Chigurupadu,Chigurupadu-1
GNT-C-54-Kolluru,GNT-C-54-KOLLURU-MB,Chilumuru,Chilumuru
GNT-C-54-Ponnuru,GNT-C-54-PONNURU-MB,Ponnur,Aremanda
GNT-C-54-Duggirala,GNT-C-54-DUGGIRALA-MB,Chiluvuru,Chiluvuru
GNT-D-50-Ralla-Machavaram,GNT-D-50- RALLA-MACHAVARAM-MB,China Agraharam,China Agraharam
GNT-D-50-Julakallu-Kesanapalli,GNT-D-50-ZULAKALLU-KESANAPALLI-MB,Chinagarlpadu,Chinagarlapadu
GNT-C-55-Pedda-2-Mangalagiri,GNT-C-55-PEDDA-2-MANGALAGIRI-MB,Chinakakani,Chinakakani
GNT-D-50-Naguleru-Dachepalle,GNT-D-50- NAGULERU-DACHAPALLI-MB,Chinakodamagundla,China Kodamagundla
GNT-D-50 Mada-Pedakurapadu,GNT-D-50-MADDA-PEDAKURAPADU-MB,Chinamakkena,Chinamakkena
GNT-D-50-Pedda-1-Guntur,GNT-D-50-PEDD-1-GUNTUR-MB,Chinapalakaluru,China Palakaluru
GNT-C-54-Duggirala,GNT-C-54-DUGGIRALA-MB,Chinapalem,Chinapalem
GNT-C-54-Tsunduru,GNT-C-54-TSUNDURU-MB,Chinaparimi,Chinaparimi
GNT-C-55-Vogeru-Chilakaluripet_Part-Ongole,GNT-C-55-VOGERU-CHILAKALURIPET_PART-ONGO-MB,Chinapasumarru,Chinna Pasumarru
GNT-C-54-P.V.Palem,GNT-C-54-P.V.PALEM-MB,Pittalavanipalem,Allur-5
GNT-C-54-Kolluru,GNT-C-54-KOLLURU-MB,Chinapulivarru,Chinapulivarru
GNT-C-54-Tenali,GNT-C-54-TENALI-MB,Chinaravuru,China Ravuru (Rural)
GNT-C-55-Pedda-2-Mangalagiri,GNT-C-55-PEDDA-2-MANGALAGIRI-MB,Chinavadlapudi,Chinavadlapudi
GNT-C-57-Vola-Tangirala,GNT-C-57-VOLA-TANGIRALA-MB,Chintalacheruvu,Chintala Cheruvu-1
GNT-C-54-Duggirala,GNT-C-54-DUGGIRALA-MB,Chintalapudi,Chintalapudi-2
GNT-C-54-Ponnuru,GNT-C-54-PONNURU-MB,Chintalapudi,Chintalapudi-3
GNT-D-50-Atcham.-Atchampeta,GNT-D-50- ATCHAM-ATCHAMPETA-MB,Chintapalli,Chintapalle-1
GNT-D-50-Naguleru-Dachepalle,GNT-D-50- NAGULERU-DACHAPALLI-MB,Chintapalli,Chintapalle-2
GNT-C-55-Pedda-2-Mangalagiri,GNT-C-55-PEDDA-2-MANGALAGIRI-MB,Chirravuru,Chirravuru
GNT-C-55-Isuka-2-Kondaveedu,GNT-C-55-ISSUKA-2-KONDAVEEDU-MB,Chirumamilla,Chirumamilla
GNT-C-57-Cheja-Chejerla,GNT-C-57-CHEJA-CHEJARLA-MB,Chittapuram,Chittapuram
GNT-C-54-Repalle,GNT-C-54-REPALLI-MB,Repalle,Aravapalle
GNT-D-50-Erra-2-Piduguralla,GNT-D-50- ERRA-2-PIDUGURALLA-MB,chityala,Chityala-2
GNT-C-54-Kollipara,GNT-C-54-KOLLIPARA-MB,Chivaluru,Chivalur
GNT-C-54-Repalle,GNT-C-54-REPALLI-MB,Chodayapalem,Chodayapalem
GNT-C-55-Konda-Vatticherukuru,GNT-C-55-KONDA-VATTICHERUKURU-MB,Chowdavaram,Chowdavaram
GNT-D-50-Erra-1-Rajupalem,GNT-D-50-ERRA-1-RAJUPALEM-MB,Chowtapapayapalem,Chowtapapayapalem
GNT-C-57-Kandaleru-2-Vinukonda_Part-Ongole,GNT-C-57-KADLERU-2-VINUKONDA_PART-ONGOLE-MB,Chowtayapalem,Chowtapalem
GNT-D-50-Challa-Challagundla,GNT-D-50-CHALLA-CHALLAGUNDLA-MB,Dachavarapadu,Dechavarappadu
GNT-D-50-Gadida-Daida,GNT-D-50- GADIDA-DAIDA-MB,Daida,Daida
GNT-D-50-Nagarjuna-Macherla,GNT-D-50-NAGARJUNA-MACHERLA-MB,Damarapadu,Damarapadu
GNT-D-50-Pedda-1-Guntur,GNT-D-50-PEDD-1-GUNTUR-MB,Damarapalle,Damarapalle
GNT-D-50-Challa-Challagundla,GNT-D-50-CHALLA-CHALLAGUNDLA-MB,Dammalapudu,Dammalapadu
GNT-C-54-Ponnuru,GNT-C-54-PONNURU-MB,Dandamudi,Dandamudi
GNT-D-50 Mada-Pedakurapadu,GNT-D-50-MADDA-PEDAKURAPADU-MB,Daranikota,Dharanikota
GNT-D-50-Goli-Thumurukota,GNT-D-50- GOLI-THUMURKOTA-MB,Darivemula,Darivemula
GNT-C-55-Ura-Rompicherla,GNT-C-55-URA-ROMPICHERLA-MB,Dasaripalem,Dasaripalem
GNT-C-57-Anga-Angalur,GNT-C-57-ANGA-ANGALUR-MB,Dasullapalli,Dasullapalle
GNT-C-54-Kollipara,GNT-C-54-KOLLIPARA-MB,Davuluru,Davuluru-1
GNT-C-54-Duggirala,GNT-C-54-DUGGIRALA-MB,Devarapalli Agraharam,Devarapalle Agraharam
GNT-C-54-Tenali,GNT-C-54-TENALI-MB,Devarapally,Devarapalle Seri
GNT-C-55-Pedda-2-Mangalagiri,GNT-C-55-PEDDA-2-MANGALAGIRI-MB,Devarayabhotlapalem,Devarayabhotlapalem
GNT-C-54-Tenali,GNT-C-54-TENALI-MB,Tenali,Angalakuduru
GNT-C-54-Kollipara,GNT-C-54-KOLLIPARA-MB,Dhanthaluru,Danthalur
GNT-D-50-Dandi-Gurajala,GNT-D-50-DANDI-GURAJALA-MB,Dharmavaram,Dharmavaram-1
GNT-D-50-Challa-Challagundla,GNT-D-50-CHALLA-CHALLAGUNDLA-MB,Dhulipalla,Dhulipalla-1
GNT-C-54-Nagaram,GNT-C-54-NAGARAM-MB,Dhulipudi,Dhulipudi
GNT-D-50 Mada-Pedakurapadu,GNT-D-50-MADDA-PEDAKURAPADU-MB,Didugu,Didugu
GNT-C-54-Nizampatnam,GNT-C-54-NIZAMPATNAM-MB,Dindi(Including Marshes),Dindi
GNT-D-50-Kondaveeti-Medikonduru,GNT-D-50-KONDAVEETI-MEDIKONDURU-MB,Dogiparru,Dokiparru
GNT-C-55-Nakka-Muppalla,GNT-C-55-NAKKA-MUPPALLA-MB,Dondapadu,Dondapadu Agraharam
GNT-C-57-Pasupuleru-Vellaturu,GNT-C-57-PASUPU-VELLATURU-MB,Dondapadu,Dondapadu-1
GNT-D-50-Kattela-Thulluru,GNT-D-50-KATTELA-THULLURU-MB,Dondapadu,Dondapadu
GNT-C-54-Kolluru,GNT-C-54-KOLLURU-MB,Donepudi,Donepudi
GNT-C-54-Ponnuru,GNT-C-54-PONNURU-MB,Doppalapudi,Doppalapudi
GNT-C-55-Vogeru-Chilakaluripet_Part-Ongole,GNT-C-55-VOGERU-CHILAKALURIPET_PART-ONGO-MB,Edavalli,Edavalli-1
GNT-C-54-Tsunduru,GNT-C-54-TSUNDURU-MB,Edlapalle,Edlapalle
GNT-C-55-Rama-Prathipadu,GNT-C-55-RAMA-PRTHIPADU-MB,Edulapalem,Edulapalem
GNT-C-54-Nagaram,GNT-C-54-NAGARAM-MB,Edupalle,Edupalle
GNT-C-54-Nagaram,GNT-C-54-NAGARAM-MB,Eletipalem,Eletipalem
GNT-C-54-Vemuru,GNT-C-54-VEMURU-MB,Vemuru,Abbanagudavalli
GNT-C-55-Nalanda-Narasaraopet,GNT-C-55-NALANDA-NARASARAOPET-MB,Ellamanda,Ellamanda-1
GNT-C-54-Duggirala,GNT-C-54-DUGGIRALA-MB,Emani,Emani
GNT-D-50-Erra-2-Piduguralla,GNT-D-50- ERRA-2-PIDUGURALLA-MB,Emmajigudem,Emmajigudem
GNT-C-55-Konda-Vatticherukuru,GNT-C-55-KONDA-VATTICHERUKURU-MB,Enamadala,Enamadala
GNT-D-50-Kondaveeti-Medikonduru,GNT-D-50-KONDAVEETI-MEDIKONDURU-MB,Endroyi,Endroyi
GNT-C-57-Konkeru-Savalyapuram,GNT-C-57-KONKER-SAVALYAPURAM-MB,Enugupalem,Enugupalem-1
GNT-C-55-Nakka-Muppalla,GNT-C-55-NAKKA-MUPPALLA-MB,Erraguntlapadu,Erraguntlapadu
GNT_C_54_Bapatla,GNT-C-54-BAPATLA-MB,Etheru,Etheru
GNT-C-55-Konda-Vatticherukuru,GNT-C-55-KONDA-VATTICHERUKURU-MB,Etukuru,Etukur
GNT-C-55-Nallama-Pedanandipadu,GNT-C-55-NALLAMA-PEDANANDIPADU-MB,Forest and marshes,Bapatla (M)
GNT-C-54-Kolluru,GNT-C-54-KOLLURU-MB,Gajullanka,Gajullanka
GNT-D-50-Naguleru-Dachepalle,GNT-D-50- NAGULERU-DACHAPALLI-MB,Gamalapadu,Gamalapadu
GNT-C-54-Karlapalem,GNT-C-54-KARLAPAEM-MB,Ganapavaram,Ganapavaram-6
GNT-C-55-Nalanda-Narasaraopet,GNT-C-55-NALANDA-NARASARAOPET-MB,Ganapavaram,Ganapavaram-2
GNT-D-50-Erra-1-Rajupalem,GNT-D-50-ERRA-1-RAJUPALEM-MB,Ganapavaram,Ganapavaram-1
GNT-C-57-Kandaleru-1-Bollapalli-Part_Ongole,GNT-C-57-KANDLERU-1-BOLLAPALLI-PART_ONGOL-MB,Gandiganumala,Gandiganumala-1
GNT-C-54-Repalle,GNT-C-54-REPALLI-MB,Gangadipalem(With Marshes area),Gangadipalem
GNT-D-50-Dandi-Gurajala,GNT-D-50-DANDI-GURAJALA-MB,Gangavaram,Gangavaram-8
GNT-C-55-Tummala-Edlapadu,GNT-C-55-TUMMALA-EDLAPADU-MB,Ganikapudi,Ganikapudi
GNT-C-55-Konda-Vatticherukuru,GNT-C-55-KONDA-VATTICHERUKURU-MB,Garapadu,Garapadu-1
GNT-D-50-Lakshmi-Panidam,GNT-D-50-LAKSHMI-PANIDAM-MB,Garapadu,Garapadu
GNT-C-55-Nakka-Muppalla,GNT-C-55-NAKKA-MUPPALLA-MB,Garikapadu,Garikapadu-4
GNT-D-50-Remidicherla,GNT-D-50- REMIDI-REMIDICHERLA-MB,Garikapadu,Garikapadu-3
GNT-D-50-Chintala-Taduvoy,GNT-D-50- CHINTA-TADUVOYA-MB,Ginjupalli,Ginjupalle
GNT-C-54-Duggirala,GNT-C-54-DUGGIRALA-MB,Godavarru,Godavarru-2
GNT-C-55-Konda-Vatticherukuru,GNT-C-55-KONDA-VATTICHERUKURU-MB,Godavarru,Godavarru
GNT-C-55-Boddu-Velpuru,GNT-C-55-BODDU-VELPUR-MB,Gogulapadu,Gogulapadu-1
GNT-D-50-Naguleru-Dachepalle,GNT-D-50- NAGULERU-DACHAPALLI-MB,Gogulapadu,Gogulapadu
GNT-C-57-Gundla-1-Nuzendla-Part_Ongole,GNT-C-57-GUNDLA-1-NUJENDLA-PART_ONGOLE-MB,Gokanakonda,Gokanakonda
GNT-D-50-Goli-Thumurukota,GNT-D-50- GOLI-THUMURKOTA-MB,Goli,Goli
GNT-C-55-Nalanda-Narasaraopet,GNT-C-55-NALANDA-NARASARAOPET-MB,Gollapadu,Gollapadu
GNT_C_54_Bapatla,GNT-C-54-BAPATLA-MB,Gopapuram,Gopapuram-1
GNT-D-50-Lakshmi-Panidam,GNT-D-50-LAKSHMI-PANIDAM-MB,Gorantla,Gorantla-3
GNT-D-50-Pedda-1-Guntur,GNT-D-50-PEDD-1-GUNTUR-MB,Gorantla,Gorantla-4
GNT_C_54_Bhattiprollu,GNT-C-54-BHATTIPROLLU-MB,Gorigapudi,Gorigapudi
GNT-C-55-Nakka-Muppalla,GNT-C-55-NAKKA-MUPPALLA-MB,Gorijavolu,Gorijavolu
GNT-C-55-Nakka-Muppalla,GNT-C-55-NAKKA-MUPPALLA-MB,Gorijavoluguntapalem,Gorijavoluguntapalem
GNT-D-50-Gadida-Daida,GNT-D-50- GADIDA-DAIDA-MB,Gottimukkala,Gottimukkala
GNT-C-55-Tummala-Edlapadu,GNT-C-55-TUMMALA-EDLAPADU-MB,Gottipadu,Gottipadu
GNT-C-55-Vogeru-Chilakaluripet_Part-Ongole,GNT-C-55-VOGERU-CHILAKALURIPET_PART-ONGO-MB,Gottipadu,Gottipadu-1
GNT-C-55-Konda-Vatticherukuru,GNT-C-55-KONDA-VATTICHERUKURU-MB,Vatticherukuru,Ananthavarappadu
GNT-D-50-Jerri-Sirigiripadu,GNT-D-50- JERRI-SIRIGIRIPADU-MB,Gottipalla,Gottipalla
GNT_C_54_Amarthaluru,GNT-C-54-AMARTHALURU-MB,Govada,Govada
GNT-C-55-Nalanda-Narasaraopet,GNT-C-55-NALANDA-NARASARAOPET-MB,Govindapuram,Govindapuram-2
GNT-C-54-Cherukupalli,GNT-C-54-CHERUKUPALLI-MB,Gudavalli,Gudavalli-1
GNT-D-50 Mada-Pedakurapadu,GNT-D-50-MADDA-PEDAKURAPADU-MB,Gudipudi,Gudipudi
GNT_C_54_Bapatla,GNT-C-54-BAPATLA-MB,Gudipudi,Gudipudi-1
GNT-C-54-Tenali,GNT-C-54-TENALI-MB,Gudivada,Gudivada-1
GNT-D-50-Remidicherla,GNT-D-50- REMIDI-REMIDICHERLA-MB,Gummanampadu,Gummanampadu-1
GNT-C-57-Konkeru-Savalyapuram,GNT-C-57-KONKER-SAVALYAPURAM-MB,Gundepalle,Gundepalle
GNT-C-55-Pedda-2-Mangalagiri,GNT-C-55-PEDDA-2-MANGALAGIRI-MB,Gundimeda,Gundimeda
GNT-C-55-Nakka-Muppalla,GNT-C-55-NAKKA-MUPPALLA-MB,Gundlapadu,Gundalapadu
GNT-D-50-Macherla-Macherrla,GNT-D-50-MACHERLA-MACHRLA-MB,Gundlapadu,Gundlapadu
GNT-D-50-Narasing-Narasingapadu,GNT-D-50-NARASING-NARISINGAPADU-MB,Gundlapalli,Gundlapalle-4
GNT-C-55-Nalanda-Narasaraopet,GNT-C-55-NALANDA-NARASARAOPET-MB,Guntagarlapadu,Guntagarlapadu
GNT-C-55-Pedda-2-Mangalagiri,GNT-C-55-PEDDA-2-MANGALAGIRI-MB,Guntur,Guntur (M Corp.)
GNT-D-50-Dandi-Gurajala,GNT-D-50-DANDI-GURAJALA-MB,Gurajala,Gurazala-1
GNT-C-54-Kolluru,GNT-C-54-KOLLURU-MB,Gurivindapalle,Gurivindapalle-1
GNT-C-57-Kandaleru-1-Bollapalli-Part_Ongole,GNT-C-57-KANDLERU-1-BOLLAPALLI-PART_ONGOL-MB,Gutlapalle,Gutlapalle
GNT-D-50-Erra-2-Piduguralla,GNT-D-50- ERRA-2-PIDUGURALLA-MB,Guttikonda,Guttikonda
GNT-D-50-Erra-2-Piduguralla,GNT-D-50- ERRA-2-PIDUGURALLA-MB,"Guttikonda & 
Venkatayapalem Forest & Hills",Guttikonda
GNT-D-50-Narasing-Narasingapadu,GNT-D-50-NARASING-NARISINGAPADU-MB,Guttikonda hill & Forest,Guttikonda
GNT-D-50-Erra-1-Rajupalem,GNT-D-50-ERRA-1-RAJUPALEM-MB,Guttikonda Hills & Forest,Forest-210
GNT-C-55-Nakka-Muppalla,GNT-C-55-NAKKA-MUPPALLA-MB,Edlapadu,Edlapadu-1
GNT-C-57-Konkeru-Savalyapuram,GNT-C-57-KONKER-SAVALYAPURAM-MB,Guttikonda RF,Guttikonda
GNT-D-50-Kattela-Thulluru,GNT-D-50-KATTELA-THULLURU-MB,Harischandrapuram,Harischandrapuram
GNT-C-55-Isuka-2-Kondaveedu,GNT-C-55-ISSUKA-2-KONDAVEEDU-MB,Havusuganesa,Havusuganesa
GNT-D-50-Chandra-Mutukur,GNT-D-50- CHANDRA-MUTUKURU-MB,Hill &Forest,Forest-205
GNT-D-50-Jakkulagundam,GNT-D-50- JAKKULAGUNDAM-MB,Hill &Forest,Forest-209
GNT-C-57-Cheja-Chejerla,GNT-C-57-CHEJA-CHEJARLA-MB,Hill and Forest,Forest-215
GNT-C-57-Cheja-Chejerla,GNT-C-57-CHEJA-CHEJARLA-MB,Hill and Forest,Forest-215
GNT-D-50-Goli-Thumurukota,GNT-D-50- GOLI-THUMURKOTA-MB,Hill and Forest,Forest-204
GNT-D-50-Macherla-Macherrla,GNT-D-50-MACHERLA-MACHRLA-MB,Hill and Forest,Forest-214
GNT-C-55-Nakka-Muppalla,GNT-C-55-NAKKA-MUPPALLA-MB,Nadendla,Chandavaram
GNT-D-50-Nagarjuna-Macherla,GNT-D-50-NAGARJUNA-MACHERLA-MB,Hill and Forest,Forest-205
GNT-D-50-Jerri-Sirigiripadu,GNT-D-50- JERRI-SIRIGIRIPADU-MB,Hill&Forest,Forest-209
GNT-D-50-Eddu-Amaravathi,GNT-D-50-EDDU-AMARAVATHI-MB,Hussain nagaram,Hussainnagaram
GNT-C-55-Nalanda-Narasaraopet,GNT-C-55-NALANDA-NARASARAOPET-MB,Ikkurru,Ikkurru
GNT_C_54_Amarthaluru,GNT-C-54-AMARTHALURU-MB,Intur,Intur
GNT-C-57-Cheja-Chejerla,GNT-C-57-CHEJA-CHEJARLA-MB,Inumella,Inumella
GNT-C-55-Pedda-2-Mangalagiri,GNT-C-55-PEDDA-2-MANGALAGIRI-MB,Ippatam,Ippatam
GNT-C-54-Kolluru,GNT-C-54-KOLLURU-MB,Ipur,Ipur-1
GNT-C-57-Konkeru-Savalyapuram,GNT-C-57-KONKER-SAVALYAPURAM-MB,Ipur,Ipur
GNT-C-55-Nalanda-Narasaraopet,GNT-C-55-NALANDA-NARASARAOPET-MB,Irlapadu,Irlapadu-1
GNT-C-55-Nakka-Muppalla,GNT-C-55-NAKKA-MUPPALLA-MB,Kakumanu,Appapuram
GNT-C-54-Repalle,GNT-C-54-REPALLI-MB,Isukapalle,Isukapalle (Rural)
GNT-C-54-Ponnuru,GNT-C-54-PONNURU-MB,Jadavalli,Jadavalli
GNT-C-55-Nakka-Muppalla,GNT-C-55-NAKKA-MUPPALLA-MB,Jaladi,Jaladi
GNT-D-50 Mada-Pedakurapadu,GNT-D-50-MADDA-PEDAKURAPADU-MB,Jalalpuram,Jalalpuram
GNT-C-55-Nallama-Pedanandipadu,GNT-C-55-NALLAMA-PEDANANDIPADU-MB,Jammulapalem,Jammulapalem
GNT-C-54-Vemuru,GNT-C-54-VEMURU-MB,Jampani,Jampani
GNT-D-50-Erra-2-Piduguralla,GNT-D-50- ERRA-2-PIDUGURALLA-MB,Janapadu,Janapadu
GNT-C-55-Nalanda-Narasaraopet,GNT-C-55-NALANDA-NARASARAOPET-MB,Muppalla,Dechavarappadu
GNT-C-55-Nakka-Muppalla,GNT-C-55-NAKKA-MUPPALLA-MB,Jillellamudi,Jillellamudi
GNT-C-55-Nalanda-Narasaraopet,GNT-C-55-NALANDA-NARASARAOPET-MB,Jonnalagadda,Jonnalagadda-2
GNT-D-50-Pedda-1-Guntur,GNT-D-50-PEDD-1-GUNTUR-MB,Jonnalagadda,Jonnalagadda-1
GNT-C-54-Ponnuru,GNT-C-54-PONNURU-MB,Jupudi,Jupudi-2
GNT-D-50-Eddu-Amaravathi,GNT-D-50-EDDU-AMARAVATHI-MB,Jupudi,Jupudi-1
GNT-C-54-Duggirala,GNT-C-54-DUGGIRALA-MB,K.Konduru,Kantamraju Konduru
GNT-D-50-Munigundla-Vijayapuri South,GNT-D-50- MUNIGUNDLA-VIJAYAPURISOUTH-MB,K.P.Gudem,Kambhampadu-1
GNT-C-54-Repalle,GNT-C-54-REPALLI-MB,Kaithepalle,Kaithepalle
GNT-C-55-Vogeru-Chilakaluripet_Part-Ongole,GNT-C-55-VOGERU-CHILAKALURIPET_PART-ONGO-MB,Kakani,Kakani
GNT-D-50- Voppi-Voppicherla,GNT-D-50- VOPHI-VOPICHERLA-MB,Kakirala hill & forest,Forest-213
GNT-D-50-Goli-Thumurukota,GNT-D-50- GOLI-THUMURKOTA-MB,Kambhampadu,Kambhampadu-1
GNT-D-50 Mada-Pedakurapadu,GNT-D-50-MADDA-PEDAKURAPADU-MB,Kambhampadu,Kambhampadu-2
GNT-D-50-Ralla-Machavaram,GNT-D-50- RALLA-MACHAVARAM-MB,Kamepalli,Kamepalle
GNT-C-54-Cherukupalli,GNT-C-54-CHERUKUPALLI-MB,Kanagala,Kanagala
GNT-D-50-Macherla-Macherrla,GNT-D-50-MACHERLA-MACHRLA-MB,Kandlakunta,Kandlakunta
GNT-D-50-Challa-Challagundla,GNT-D-50-CHALLA-CHALLAGUNDLA-MB,Kankanalapalli,Kankanalapalle
GNT-C-55-Nallama-Pedanandipadu,GNT-C-55-NALLAMA-PEDANANDIPADU-MB,Kankatapalem,Kankatapalem
GNT-D-50 Mada-Pedakurapadu,GNT-D-50-MADDA-PEDAKURAPADU-MB,Kantepudi,Kantepudi
GNT-C-55-Vogeru-Chilakaluripet_Part-Ongole,GNT-C-55-VOGERU-CHILAKALURIPET_PART-ONGO-MB,Kantevarikandrika,Kanthetivari Khandrika
GNT-D-50-Pedda-1-Guntur,GNT-D-50-PEDD-1-GUNTUR-MB,Kantheru,Kantheru
GNT-C-57-Pasupuleru-Vellaturu,GNT-C-57-PASUPU-VELLATURU-MB,Kanumalacheruvu,Kanumalacheruvu
GNT-C-57-Konkeru-Savalyapuram,GNT-C-57-KONKER-SAVALYAPURAM-MB,Kanumarlapudi,Kanumarlapudi
GNT-C-55-Nalanda-Narasaraopet,GNT-C-55-NALANDA-NARASARAOPET-MB,Kanuparru,Kanuparru
GNT-D-50-Ralla-Machavaram,GNT-D-50- RALLA-MACHAVARAM-MB,Karalapadu,Karalapadu
GNT-C-55-Konda-Vatticherukuru,GNT-C-55-KONDA-VATTICHERUKURU-MB,Karempudipadu,Karempudipadu
GNT-D-50-Kattela-Thulluru,GNT-D-50-KATTELA-THULLURU-MB,Karlapudi,Karlapudi-1
GNT-C-55-Tummala-Edlapadu,GNT-C-55-TUMMALA-EDLAPADU-MB,Karuchola,Karuchola
GNT-C-57-Gundla-1-Nuzendla-Part_Ongole,GNT-C-57-GUNDLA-1-NUJENDLA-PART_ONGOLE-MB,Karumanchi,Karumanchi-2
GNT-C-54-Repalle,GNT-C-54-REPALLI-MB,Karumuru,Karumuru
GNT-D-50 Mada-Pedakurapadu,GNT-D-50-MADDA-PEDAKURAPADU-MB,Kasipadu,Kasipadu
GNT-D-50-Atcham.-Atchampeta,GNT-D-50- ATCHAM-ATCHAMPETA-MB,Kastala Agraharam,Kastala Agraharam
GNT-C-54-Tenali,GNT-C-54-TENALI-MB,Kathevaram,Katevaram
GNT-C-55-Konda-Vatticherukuru,GNT-C-55-KONDA-VATTICHERUKURU-MB,Katrapadu,Katrapadu
GNT-C-55-Nakka-Muppalla,GNT-C-55-NAKKA-MUPPALLA-MB,Katrapadu,Katrapadu-1
GNT-D-50-Challa-Challagundla,GNT-D-50-CHALLA-CHALLAGUNDLA-MB,Kattamuru,Kattamuru
GNT-C-54-Cherukupalli,GNT-C-54-CHERUKUPALLI-MB,Kavur,Kavuru-1
GNT-C-55-Nalanda-Narasaraopet,GNT-C-55-NALANDA-NARASARAOPET-MB,Kavuru,Kavuru
GNT-C-55-Pedda-2-Mangalagiri,GNT-C-55-PEDDA-2-MANGALAGIRI-MB,Kaza,Kaza-1
GNT-C-55-Nalanda-Narasaraopet,GNT-C-55-NALANDA-NARASARAOPET-MB,Kesanapalle,Kesanapalle-1
GNT-D-50-Julakallu-Kesanapalli,GNT-D-50-ZULAKALLU-KESANAPALLI-MB,Kesanapalle,Kesanapalle
GNT-D-50-Erra-2-Piduguralla,GNT-D-50- ERRA-2-PIDUGURALLA-MB,Kethavaram,Kethavaram-2
GNT-C-54-P.V.Palem,GNT-C-54-P.V.PALEM-MB,Khajipalem,Khajipalem-1
GNT-C-57-Gundla-1-Nuzendla-Part_Ongole,GNT-C-57-GUNDLA-1-NUJENDLA-PART_ONGOLE-MB,Khambhampadu,Khambhampadu
GNT_C_54_Amarthaluru,GNT-C-54-AMARTHALURU-MB,Koditadiparru,Koditadiparru
GNT-C-55-Pedda-2-Mangalagiri,GNT-C-55-PEDDA-2-MANGALAGIRI-MB,Mangalagiri,Atmakur (Rural)
GNT-D-50-Atcham.-Atchampeta,GNT-D-50- ATCHAM-ATCHAMPETA-MB,Kogantivaripalem,Kogantivaripalem
GNT-D-50-Chandra-Mutukur,GNT-D-50- CHANDRA-MUTUKURU-MB,Kolagutla,Kolagutla
GNT-C-54-Tenali,GNT-C-54-TENALI-MB,Kolakaluru,Kolakaluru
GNT-C-55-Pedda-2-Mangalagiri,GNT-C-55-PEDDA-2-MANGALAGIRI-MB,Kolanukonda,Kolanukonda
GNT-C-55-Konda-Vatticherukuru,GNT-C-55-KONDA-VATTICHERUKURU-MB,Kollimarla,Kollimarla
GNT-D-50-Erra-2-Piduguralla,GNT-D-50- ERRA-2-PIDUGURALLA-MB,Kollur,Kolluru
GNT-C-54-P.V.Palem,GNT-C-54-P.V.PALEM-MB,Komali,Komali-1
GNT-C-54-Repalle,GNT-C-54-REPALLI-MB,Komarajugadda,Kamarajugadda
GNT-D-50 Mada-Pedakurapadu,GNT-D-50-MADDA-PEDAKURAPADU-MB,Komerapudi,Komerapudi
GNT-C-55-Nakka-Muppalla,GNT-C-55-NAKKA-MUPPALLA-MB,Kommur,Kommuru-1
GNT-D-50-Erra-2-Piduguralla,GNT-D-50- ERRA-2-PIDUGURALLA-MB,Konanki,Konanki-1
GNT-C-55-Pedda-2-Mangalagiri,GNT-C-55-PEDDA-2-MANGALAGIRI-MB,Pedakakani,Agatha Varappadu
GNT-C-55-Tummala-Edlapadu,GNT-C-55-TUMMALA-EDLAPADU-MB,Kondajagarlamudi,Kondajagarlamudi
GNT-C-55-Vogeru-Chilakaluripet_Part-Ongole,GNT-C-55-VOGERU-CHILAKALURIPET_PART-ONGO-MB,Kondakavuru,Kondakavuru
GNT-D-50-Kattela-Thulluru,GNT-D-50-KATTELA-THULLURU-MB,Kondamarajupalem,Kondan Rajupalem
GNT-C-54-Ponnuru,GNT-C-54-PONNURU-MB,Kondamudi,Kondamudi
GNT-C-55-Nakka-Muppalla,GNT-C-55-NAKKA-MUPPALLA-MB,Kondapaturu,Kondapatur
GNT-C-55-Isuka-2-Kondaveedu,GNT-C-55-ISSUKA-2-KONDAVEEDU-MB,Kondaveedu,Kondaveedu
GNT-C-55-Konda-Vatticherukuru,GNT-C-55-KONDA-VATTICHERUKURU-MB,Kondaveedu Hill & Forest,
GNT-C-55-Rama-Prathipadu,GNT-C-55-RAMA-PRTHIPADU-MB,Kondaveedu Hill & Forest,Kondaveedu
GNT-C-55-Tummala-Edlapadu,GNT-C-55-TUMMALA-EDLAPADU-MB,Kondaveedu Hill & Forest ,Kondaveedu
GNT-C-57-Konkeru-Savalyapuram,GNT-C-57-KONKER-SAVALYAPURAM-MB,Kondayapalem,Kondayapalem-2
GNT-C-55-Konda-Vatticherukuru,GNT-C-55-KONDA-VATTICHERUKURU-MB,Kondepadu,Kondepadu
GNT-C-57-Anga-Angalur,GNT-C-57-ANGA-ANGALUR-MB,Kondramutla,Kondramutla
GNT-C-57-Gundla-1-Nuzendla-Part_Ongole,GNT-C-57-GUNDLA-1-NUJENDLA-PART_ONGOLE-MB,Kondraprolu,Kondraprolu
GNT-D-50-Atcham.-Atchampeta,GNT-D-50- ATCHAM-ATCHAMPETA-MB,Konduru,Konduru-7
GNT_C_54_Bhattiprollu,GNT-C-54-BHATTIPROLLU-MB,Konetipuram,Konetipuram
GNT-D-50-Atcham.-Atchampeta,GNT-D-50- ATCHAM-ATCHAMPETA-MB,Konur,Konuru
GNT-C-55-Tummala-Edlapadu,GNT-C-55-TUMMALA-EDLAPADU-MB,Kopparru,Kopparru
GNT-C-57-Kandaleru-2-Vinukonda_Part-Ongole,GNT-C-57-KADLERU-2-VINUKONDA_PART-ONGOLE-MB,Koppukonda,Koppukonda
GNT-D-50-Nagarjuna-Macherla,GNT-D-50-NAGARJUNA-MACHERLA-MB,Koppunur,Koppunur
GNT-C-55-Pedda-2-Mangalagiri,GNT-C-55-PEDDA-2-MANGALAGIRI-MB,Koppuravuru,Koppuravuru
GNT-C-55-Konda-Vatticherukuru,GNT-C-55-KONDA-VATTICHERUKURU-MB,Kornepadu,Kornepadu
GNT-D-50 Mada-Pedakurapadu,GNT-D-50-MADDA-PEDAKURAPADU-MB,Korrapadu,Korrapadu-4
GNT-C-57-Anga-Angalur,GNT-C-57-ANGA-ANGALUR-MB,Kotcherla,Kotcherla
GNT-D-50-Nagarjuna-Macherla,GNT-D-50-NAGARJUNA-MACHERLA-MB,Kothapalle,Kothapalle-16
GNT-C-54-Tsunduru,GNT-C-54-TSUNDURU-MB,Kothapalli Narikellapadu,Kothapalle  Narikellapalle
GNT-C-57-Konkeru-Savalyapuram,GNT-C-57-KONKER-SAVALYAPURAM-MB,Kottaluru,Kothalur
GNT-C-55-Konda-Vatticherukuru,GNT-C-55-KONDA-VATTICHERUKURU-MB,Kovelamudi,Kovelamudi
GNT-D-50-Pedda-1-Guntur,GNT-D-50-PEDD-1-GUNTUR-MB,Krishnyapalem,Krishnayapalem
GNT-D-50-Narasing-Narasingapadu,GNT-D-50-NARASING-NARISINGAPADU-MB,Kubadpuram,Kubadpuram
GNT-C-54-Vemuru,GNT-C-54-VEMURU-MB,Kuchallapadu,Kuchallapadu
GNT-C-54-Nizampatnam,GNT-C-54-NIZAMPATNAM-MB,Kuchinapudi,Kuchinapudi-1
GNT_C_54_Amarthaluru,GNT-C-54-AMARTHALURU-MB,Kuchipudi,Kuchipudi-1
GNT-C-55-Nakka-Muppalla,GNT-C-55-NAKKA-MUPPALLA-MB,Kukkapallevari palem,Kukkapallevaripalem
GNT-C-55-Pedda-2-Mangalagiri,GNT-C-55-PEDDA-2-MANGALAGIRI-MB,Kunchanapalle,Kunchanapalle
GNT-C-54-Kollipara,GNT-C-54-KOLLIPARA-MB,Kunchavaram,Kunchavaram
GNT-C-55-Vogeru-Chilakaluripet_Part-Ongole,GNT-C-55-VOGERU-CHILAKALURIPET_PART-ONGO-MB,Kunkalagunta,Kunkalagunta
GNT-D-50-Pedda-1-Guntur,GNT-D-50-PEDD-1-GUNTUR-MB,Kuragallu,Kuragallu
GNT-C-55-Konda-Vatticherukuru,GNT-C-55-KONDA-VATTICHERUKURU-MB,Kurunuthala,Kurnoothala-1
GNT-C-55-Nakka-Muppalla,GNT-C-55-NAKKA-MUPPALLA-MB,L kurapadu,Lankelakurapadu
GNT-D-50-Kondaveeti-Medikonduru,GNT-D-50-KONDAVEETI-MEDIKONDURU-MB,Lachannagudipudi,Lachannagudipudi
GNT-D-50-Lakshmi-Panidam,GNT-D-50-LAKSHMI-PANIDAM-MB,Lagadapadu,Lagadapadu
GNT-C-55-Nakka-Muppalla,GNT-C-55-NAKKA-MUPPALLA-MB,Lakkarajugarlapadu,Lakkarajugarlapadu
GNT-C-55-Vogeru-Chilakaluripet_Part-Ongole,GNT-C-55-VOGERU-CHILAKALURIPET_PART-ONGO-MB,Chilakaluripet,Boppudi
GNT-D-50-Pedda-1-Guntur,GNT-D-50-PEDD-1-GUNTUR-MB,Lam,Lam
GNT-C-55-Konda-Vatticherukuru,GNT-C-55-KONDA-VATTICHERUKURU-MB,Lemallepadu,Lemallepadu
GNT-C-55-Nalanda-Narasaraopet,GNT-C-55-NALANDA-NARASARAOPET-MB,Lingamguntla,Lingamguntla Agraharam (Rural)
GNT-D-50 Mada-Pedakurapadu,GNT-D-50-MADDA-PEDAKURAPADU-MB,Lingamguntla,Lingamguntla
GNT-D-50 Mada-Pedakurapadu,GNT-D-50-MADDA-PEDAKURAPADU-MB,Lingapuram,Lingapuram-2
GNT-D-50-Kattela-Thulluru,GNT-D-50-KATTELA-THULLURU-MB,Lingayapalem,Lingayapalem
GNT-C-55-Pedda-2-Mangalagiri,GNT-C-55-PEDDA-2-MANGALAGIRI-MB,M. Ananthavaram,Meesaragadda Ananthavaram
GNT-C-55-Nallama-Pedanandipadu,GNT-C-55-NALLAMA-PEDANANDIPADU-MB,M.P.Varipalem,Maruproluvaripalem (Rural)
GNT-C-55-Vogeru-Chilakaluripet_Part-Ongole,GNT-C-55-VOGERU-CHILAKALURIPET_PART-ONGO-MB,Machavaram,Machavaram-5
GNT-D-50-Eddu-Amaravathi,GNT-D-50-EDDU-AMARAVATHI-MB,Machayapalem,Machayapalem
GNT-D-50-Munigundla-Vijayapuri South,GNT-D-50- MUNIGUNDLA-VIJAYAPURISOUTH-MB,Macherla Hill and Forest,Macherla (Rural)
GNT-D-50-Challa-Challagundla,GNT-D-50-CHALLA-CHALLAGUNDLA-MB,Madala,Madala
GNT-C-57-Gundla-1-Nuzendla-Part_Ongole,GNT-C-57-GUNDLA-1-NUJENDLA-PART_ONGOLE-MB,Madamanchipadu,Madamanchipadu
GNT-D-50-Ralla-Machavaram,GNT-D-50- RALLA-MACHAVARAM-MB,Madinapadu,Madinapadu
GNT-D-50-Ralla-Machavaram,GNT-D-50- RALLA-MACHAVARAM-MB,Madinapadu forest,Madinapadu
GNT-D-50-Chintala-Taduvoy,GNT-D-50- CHINTA-TADUVOYA-MB,Madinpadu Agraharam,Madipadu Agraharam
GNT-D-50-Chintala-Taduvoy,GNT-D-50- CHINTA-TADUVOYA-MB,Madinpadu Seri,Madipadu Agraharam
GNT-D-50-Edumangal-Rentachintala,GNT-D-50-EDUMANGAL-RENTACHINTALA-MB,Madugala,Madugula-1
GNT-D-50-Kattela-Thulluru,GNT-D-50-KATTELA-THULLURU-MB,Malkapuram,Malkapuram-4
GNT-D-50 Mada-Pedakurapadu,GNT-D-50-MADDA-PEDAKURAPADU-MB,Malladi,Malladi
GNT-D-50-Goli-Thumurukota,GNT-D-50- GOLI-THUMURKOTA-MB,Mallavaram,Mallavaram-3
GNT-D-50-Erra-2-Piduguralla,GNT-D-50- ERRA-2-PIDUGURALLA-MB,Mallavolu,Mallavolu
GNT-C-55-Konda-Vatticherukuru,GNT-C-55-KONDA-VATTICHERUKURU-MB,Mallayapalem,Mallayapalem-2
GNT-C-54-Ponnuru,GNT-C-54-PONNURU-MB,Mamillapalle,Mamillapalle
GNT-C-55-Konda-Vatticherukuru,GNT-C-55-KONDA-VATTICHERUKURU-MB,Manchala,Manchala
GNT-D-50-Goli-Thumurukota,GNT-D-50- GOLI-THUMURKOTA-MB,Manchikallu,Manchikallu
GNT-D-50-Kattela-Thulluru,GNT-D-50-KATTELA-THULLURU-MB,Mandadam,Mandadam
GNT-D-50-Macherla-Macherrla,GNT-D-50-MACHERLA-MACHRLA-MB,Mandadi,Mandadi
GNT-D-50-Kondaveeti-Medikonduru,GNT-D-50-KONDAVEETI-MEDIKONDURU-MB,Mandapadu,Mandapadu
GNT-C-54-Tsunduru,GNT-C-54-TSUNDURU-MB,Manduru,Manduru
GNT-D-50-Kondaveeti-Medikonduru,GNT-D-50-KONDAVEETI-MEDIKONDURU-MB,Mangalagiripadu,Mangalagiripadu
GNT-C-54-Ponnuru,GNT-C-54-PONNURU-MB,Mannava,Mannava
GNT-C-55-Nalanda-Narasaraopet,GNT-C-55-NALANDA-NARASARAOPET-MB,Manukondavaripalem,Manukondavaripalem
GNT-C-55-Tummala-Edlapadu,GNT-C-55-TUMMALA-EDLAPADU-MB,Marripalem,Marripalem-1
GNT-D-50-Naguleru-Dachepalle,GNT-D-50- NAGULERU-DACHAPALLI-MB,Mellavagu,Mellavagu
GNT-C-55-Nakka-Muppalla,GNT-C-55-NAKKA-MUPPALLA-MB,Merikapudi,Merikapudi
GNT-D-50-Dandi-Gurajala,GNT-D-50-DANDI-GURAJALA-MB,Miryala,Miriyala
GNT-D-50-Edumangal-Rentachintala,GNT-D-50-EDUMANGAL-RENTACHINTALA-MB,Mittagudipadu,Mittagudipadu
GNT-C-57-Gundla-1-Nuzendla-Part_Ongole,GNT-C-57-GUNDLA-1-NUJENDLA-PART_ONGOLE-MB,Nuzendla,Inavolu
GNT-D-50-Atcham.-Atchampeta,GNT-D-50- ATCHAM-ATCHAMPETA-MB,Mittapalem,Mittapalem-2
GNT-C-54-Tsunduru,GNT-C-54-TSUNDURU-MB,Modukuru,Modukuru
GNT_C_54_Amarthaluru,GNT-C-54-AMARTHALURU-MB,Moparru,Moparru
GNT-C-54-Duggirala,GNT-C-54-DUGGIRALA-MB,Morampudi,Morampudi
GNT-D-50-Kattela-Thulluru,GNT-D-50-KATTELA-THULLURU-MB,Mothadaka,Mothadaka
GNT-D-50-Kattela-Thulluru,GNT-D-50-KATTELA-THULLURU-MB,"Mothadaka, Nidumukkala 
RF",Forest-211
GNT-D-50-Erra-2-Piduguralla,GNT-D-50- ERRA-2-PIDUGURALLA-MB,MT Puram,Mannesultanpalem
GNT-C-57-Vola-Tangirala,GNT-C-57-VOLA-TANGIRALA-MB,Mukkellapadu,Mukkellapadu
GNT-C-55-Nalanda-Narasaraopet,GNT-C-55-NALANDA-NARASARAOPET-MB,Mulakaluru,Mulakalur
GNT-C-57-Gundla-1-Nuzendla-Part_Ongole,GNT-C-57-GUNDLA-1-NUJENDLA-PART_ONGOLE-MB,Mulakaluru,Mulakalur-1
GNT-C-55-Nallama-Pedanandipadu,GNT-C-55-NALLAMA-PEDANANDIPADU-MB,Mulapalem,Mulapalem
GNT_C_54_Amarthaluru,GNT-C-54-AMARTHALURU-MB,Mulpur,Mulpur
GNT-C-54-Ponnuru,GNT-C-54-PONNURU-MB,Mulukuduru,Mulukuduru-1
GNT-C-54-Ponnuru,GNT-C-54-PONNURU-MB,Munipalle,Munipalle
GNT-C-54-Kollipara,GNT-C-54-KOLLIPARA-MB,Munnangi,Munnangi
GNT-D-50-Eddu-Amaravathi,GNT-D-50-EDDU-AMARAVATHI-MB,Munugodu,Munugodu
GNT-C-57-Cheja-Chejerla,GNT-C-57-CHEJA-CHEJARLA-MB,Muppalla,Muppalla-4
GNT-C-55-Vogeru-Chilakaluripet_Part-Ongole,GNT-C-55-VOGERU-CHILAKALURIPET_PART-ONGO-MB,Murikipudi,Murikipudi
GNT-C-57-Vola-Tangirala,GNT-C-57-VOLA-TANGIRALA-MB,Murthuzapuram,Murthuzapuram
GNT-C-55-Nallama-Pedanandipadu,GNT-C-55-NALLAMA-PEDANANDIPADU-MB,Murukondapadu,Murukondapadu
GNT-D-50 Mada-Pedakurapadu,GNT-D-50-MADDA-PEDAKURAPADU-MB,Mussapuram,Mussapuram
GNT-C-55-Ura-Rompicherla,GNT-C-55-URA-ROMPICHERLA-MB,Muthanapalli,
GNT-C-54-Nizampatnam,GNT-C-54-NIZAMPATNAM-MB,Muthupalle Agraharam,
GNT-C-55-Konda-Vatticherukuru,GNT-C-55-KONDA-VATTICHERUKURU-MB,Mutluru,
GNT-D-50-Chandra-Mutukur,GNT-D-50- CHANDRA-MUTUKURU-MB,Mutukur,Mutukuru-1
GNT-D-50-Goli-Thumurukota,GNT-D-50- GOLI-THUMURKOTA-MB,Mutyalampadu,Mutyalampadu-1
GNT-D-50-Ralla-Machavaram,GNT-D-50- RALLA-MACHAVARAM-MB,Mutyalampadu,Mutyalampadu
GNT-C-55-Nakka-Muppalla,GNT-C-55-NAKKA-MUPPALLA-MB,Mydavolu,
GNT-C-55-Nalanda-Narasaraopet,GNT-C-55-NALANDA-NARASARAOPET-MB,N.Agraharam,
GNT-D-50-Naguleru-Dachepalle,GNT-D-50- NAGULERU-DACHAPALLI-MB,Nadikudi,Nadikudi-1
GNT-C-55-Rama-Prathipadu,GNT-C-55-RAMA-PRTHIPADU-MB,Nadimpalem,
GNT-C-54-Cherukupalli,GNT-C-54-CHERUKUPALLI-MB,Nadimpalli,
GNT-C-57-Gundla-1-Nuzendla-Part_Ongole,GNT-C-57-GUNDLA-1-NUJENDLA-PART_ONGOLE-MB,Nagulavaram,
GNT-D-50-Nagarjuna-Macherla,GNT-D-50-NAGARJUNA-MACHERLA-MB,Nagulavaram,Nagulavaram-3
GNT-C-55-Vogeru-Chilakaluripet_Part-Ongole,GNT-C-55-VOGERU-CHILAKALURIPET_PART-ONGO-MB,Nallagarlapadu,
GNT-C-55-Pedda-2-Mangalagiri,GNT-C-55-PEDDA-2-MANGALAGIRI-MB,Nallapadu,
GNT-C-54-Repalle,GNT-C-54-REPALLI-MB,Nalluru,
GNT-C-57-Pasupuleru-Vellaturu,GNT-C-57-PASUPU-VELLATURU-MB,Vinukonda,
GNT-C-55-Pedda-2-Mangalagiri,GNT-C-55-PEDDA-2-MANGALAGIRI-MB,Namburu,
GNT-D-50 Mada-Pedakurapadu,GNT-D-50-MADDA-PEDAKURAPADU-MB,Nandigama,Nandigama-3
GNT-C-54-Tenali,GNT-C-54-TENALI-MB,Nandivelugu,Muthanapalli
GNT-C-54-Ponnuru,GNT-C-54-PONNURU-MB,Nandur,Muthupalle Agraharam
GNT-C-57-Konkeru-Savalyapuram,GNT-C-57-KONKER-SAVALYAPURAM-MB,Naragayapalem,Mutluru
GNT-C-55-Pedda-2-Mangalagiri,GNT-C-55-PEDDA-2-MANGALAGIRI-MB,Narakoduru,Narakodur
GNT-D-50-Dandi-Gurajala,GNT-D-50-DANDI-GURAJALA-MB,Naramalapadu,Narmalapadu-1
GNT-C-55-Nalanda-Narasaraopet,GNT-C-55-NALANDA-NARASARAOPET-MB,Narasaraopet,Narasaraopeta (Rural)
GNT-C-57-Pasupuleru-Vellaturu,GNT-C-57-PASUPU-VELLATURU-MB,Narasarayanipalem,Mydavolu
GNT-C-55-Nallama-Pedanandipadu,GNT-C-55-NALLAMA-PEDANANDIPADU-MB,Narasayapelem,Nuzellapalli Agraharam
GNT-D-50-Narasing-Narasingapadu,GNT-D-50-NARASING-NARISINGAPADU-MB,Narasingapadu,Narasingapadu
GNT-C-55-Nakka-Muppalla,GNT-C-55-NAKKA-MUPPALLA-MB,Narnepadu,Nadimpalem
GNT-D-50-Kondaveeti-Medikonduru,GNT-D-50-KONDAVEETI-MEDIKONDURU-MB,Narukullapadu,Narukullapadu-1
GNT-C-57-Vola-Tangirala,GNT-C-57-VOLA-TANGIRALA-MB,Nayanipalem,Nagulavaram-4
GNT-C-57-Kandaleru-2-Vinukonda_Part-Ongole,GNT-C-57-KADLERU-2-VINUKONDA_PART-ONGOLE-MB,Neelagangavaram,Neelagangavaram
GNT-D-50-Erra-1-Rajupalem,GNT-D-50-ERRA-1-RAJUPALEM-MB,Nekarikallu,Nekarikallu
GNT-D-50-Kattela-Thulluru,GNT-D-50-KATTELA-THULLURU-MB,Nekkallu,Nekkallu
GNT-C-54-Tenali,GNT-C-54-TENALI-MB,Nelapadu,Nalluru-1
GNT-D-50-Kattela-Thulluru,GNT-D-50-KATTELA-THULLURU-MB,Nelapadu,Andugulapadu
GNT-D-50-Kondaveeti-Medikonduru,GNT-D-50-KONDAVEETI-MEDIKONDURU-MB,Nemalikallu,Nemalikallu
GNT-D-50-Narasing-Narasingapadu,GNT-D-50-NARASING-NARISINGAPADU-MB,Nemalipuri,Nemalipuri
GNT_C_54_Bapatla,GNT-C-54-BAPATLA-MB,Neredupalli,Nandivelugu
GNT-D-50-Pedda-1-Guntur,GNT-D-50-PEDD-1-GUNTUR-MB,Nidamarru,Nidamarru-1
GNT-D-50-Dandi-Gurajala,GNT-D-50-DANDI-GURAJALA-MB,Nidanampadu,Nidanampadu
GNT-D-50-Kattela-Thulluru,GNT-D-50-KATTELA-THULLURU-MB,Nidumukkala,Nidumukkala
GNT-C-54-Nizampatnam,GNT-C-54-NIZAMPATNAM-MB,Nizampatnam forest,Nizampatnam-1
GNT-D-50-Pedda-1-Guntur,GNT-D-50-PEDD-1-GUNTUR-MB,Nowlur,Nowlur (Rural)
GNT-C-55-Isuka-2-Kondaveedu,GNT-C-55-ISSUKA-2-KONDAVEEDU-MB,Nudurupadu,Narasarayanipalem
GNT-C-55-Pedda-2-Mangalagiri,GNT-C-55-PEDDA-2-MANGALAGIRI-MB,Nutakki,Narasayapalem
GNT-D-50-Goli-Thumurukota,GNT-D-50- GOLI-THUMURKOTA-MB,Obulesunipalle,Obulesunipalle
GNT_C_54_Bhattiprollu,GNT-C-54-BHATTIPROLLU-MB,Oleru,Narnepadu
GNT-D-50-Atcham.-Atchampeta,GNT-D-50- ATCHAM-ATCHAMPETA-MB,Oravakallu,Orvakallu
GNT-C-54-Ponnuru,GNT-C-54-PONNURU-MB,P.T.Parru,Nayanipalem
GNT-D-50-Challa-Challagundla,GNT-D-50-CHALLA-CHALLAGUNDLA-MB,Pakalapadu,Pakalapadu
GNT-D-50 Mada-Pedakurapadu,GNT-D-50-MADDA-PEDAKURAPADU-MB,Paladugu,Paladugu
GNT-C-55-Vogeru-Chilakaluripet_Part-Ongole,GNT-C-55-VOGERU-CHILAKALURIPET_PART-ONGO-MB,Palapadu,Palapadu
GNT-C-55-Nallama-Pedanandipadu,GNT-C-55-NALLAMA-PEDANANDIPADU-MB,Palaparru,Nelapadu-1
GNT_C_54_Bapatla,GNT-C-54-BAPATLA-MB,Palaparthipadu,Palaparthipadu
GNT-C-55-Nakka-Muppalla,GNT-C-55-NAKKA-MUPPALLA-MB,Palidevarlapadu,Palidevarlapadu
GNT-C-55-Konda-Vatticherukuru,GNT-C-55-KONDA-VATTICHERUKURU-MB,Pallapadu,Pallapadu
GNT-C-54-Nizampatnam,GNT-C-54-NIZAMPATNAM-MB,Pallapatla,Neredupalle
GNT_C_54_Bhattiprollu,GNT-C-54-BHATTIPROLLU-MB,Pallekona,Pallekona
GNT-D-50-Dandi-Gurajala,GNT-D-50-DANDI-GURAJALA-MB,Palligunta,Pallegunta
GNT-D-50-Goli-Thumurukota,GNT-D-50- GOLI-THUMURKOTA-MB,Paluvoi,Paluvoi
GNT-C-54-Nagaram,GNT-C-54-NAGARAM-MB,Pamidimarru,Nizampatnam-1
GNT-C-57-Gundla-1-Nuzendla-Part_Ongole,GNT-C-57-GUNDLA-1-NUJENDLA-PART_ONGOLE-MB,Pamidipadu,Pamidipadu-1
GNT-C-55-Nalanda-Narasaraopet,GNT-C-55-NALANDA-NARASARAOPET-MB,Pamidipadu Agraharam,Nudurupadu
GNT-D-50-Kondaveeti-Medikonduru,GNT-D-50-KONDAVEETI-MEDIKONDURU-MB,Pamulapadu,Pamulapadu-3
GNT_C_54_Amarthaluru,GNT-C-54-AMARTHALURU-MB,Panchalavaram,Panchalavaram
GNT-C-55-Konda-Vatticherukuru,GNT-C-55-KONDA-VATTICHERUKURU-MB,Pandrapadu,Oleru
GNT-D-50-Lakshmi-Panidam,GNT-D-50-LAKSHMI-PANIDAM-MB,Panidam,Panidem
GNT-D-50-Erra-2-Piduguralla,GNT-D-50- ERRA-2-PIDUGURALLA-MB,Papayapalem,Papayapalem
GNT-C-54-Karlapalem,GNT-C-54-KARLAPAEM-MB,Pareli,Perali
GNT-D-50-Eddu-Amaravathi,GNT-D-50-EDDU-AMARAVATHI-MB,Bellamkonda,Bellamkonda-1
GNT-C-54-Repalle,GNT-C-54-REPALLI-MB,Parisapadu,Palapadu
GNT-D-50-Eddu-Amaravathi,GNT-D-50-EDDU-AMARAVATHI-MB,Parupalle,Parupalle
GNT-D-50-Goli-Thumurukota,GNT-D-50- GOLI-THUMURKOTA-MB,Pasarlapadu,Pasarlapadu
GNT-C-55-Vogeru-Chilakaluripet_Part-Ongole,GNT-C-55-VOGERU-CHILAKALURIPET_PART-ONGO-MB,Pasumarru,Palidevarlapadu
GNT-D-50-Nagarjuna-Macherla,GNT-D-50-NAGARJUNA-MACHERLA-MB,Pasuvemula,Pasuvemula
GNT-C-55-Konda-Vatticherukuru,GNT-C-55-KONDA-VATTICHERUKURU-MB,Patareddypalem,Pallapatla
GNT-D-50 Mada-Pedakurapadu,GNT-D-50-MADDA-PEDAKURAPADU-MB,Patibandla,Patibandla
GNT-D-50-Chandra-Mutukur,GNT-D-50- CHANDRA-MUTUKURU-MB,Patlaveedu,Patlaveedu
GNT-D-50-Ralla-Machavaram,GNT-D-50- RALLA-MACHAVARAM-MB,Peda agraharam,Peda Agraharam
GNT-C-54-Tsunduru,GNT-C-54-TSUNDURU-MB,Pedagadelavarru,Pamidimarru
GNT-D-50-Julakallu-Kesanapalli,GNT-D-50-ZULAKALLU-KESANAPALLI-MB,Pedagarlapadu,Pedagarlapadu-1
GNT-C-57-Konkeru-Savalyapuram,GNT-C-57-KONKER-SAVALYAPURAM-MB,Pedakancherla,Pamidipadu Agraharam
GNT-D-50- Voppi-Voppicherla,GNT-D-50- VOPHI-VOPICHERLA-MB,Pedakodamagundla,Peda Kodamagundla
GNT-D-50-Eddu-Amaravathi,GNT-D-50-EDDU-AMARAVATHI-MB,Rajupalem,Rajupalem-7
GNT-C-54-Duggirala,GNT-C-54-DUGGIRALA-MB,Pedakonduru,Pandrapadu
GNT_C_54_Bhattiprollu,GNT-C-54-BHATTIPROLLU-MB,Pedalanka,Pedalanka-2
GNT-D-50-Edumangal-Rentachintala,GNT-D-50-EDUMANGAL-RENTACHINTALA-MB,Rentachintala,Rentachintala-1
GNT-C-54-Kolluru,GNT-C-54-KOLLURU-MB,Pedalanka,Perali
GNT-D-50-Kondaveeti-Medikonduru,GNT-D-50-KONDAVEETI-MEDIKONDURU-MB,Pedamadduru,Bellamkonda-1
GNT-D-50 Mada-Pedakurapadu,GNT-D-50-MADDA-PEDAKURAPADU-MB,Pedamakkena,Pedamakkena
GNT-C-54-Nagaram,GNT-C-54-NAGARAM-MB,Pedamatlapudi,Pedamatlapudi
GNT-C-55-Nallama-Pedanandipadu,GNT-C-55-NALLAMA-PEDANANDIPADU-MB,Pedanadipadu,Pedanandipadu-1
GNT-D-50-Pedda-1-Guntur,GNT-D-50-PEDD-1-GUNTUR-MB,Pedapalakalueu,Peda Palakaluru
GNT-D-50-Atcham.-Atchampeta,GNT-D-50- ATCHAM-ATCHAMPETA-MB,Pedapalem,Pedapalem
GNT-C-54-Nagaram,GNT-C-54-NAGARAM-MB,Pedapalle,Pathareddipalem
GNT-D-50-Kattela-Thulluru,GNT-D-50-KATTELA-THULLURU-MB,Pedaparimi,Pedaparimi
GNT_C_54_Amarthaluru,GNT-C-54-AMARTHALURU-MB,Pedapudi,Peddapudi
GNT_C_54_Bhattiprollu,GNT-C-54-BHATTIPROLLU-MB,Pedapulivarru,Pedapulivarru
GNT-C-54-Tenali,GNT-C-54-TENALI-MB,Pedaravuru,Pedagadelavarru
GNT-C-55-Pedda-2-Mangalagiri,GNT-C-55-PEDDA-2-MANGALAGIRI-MB,Pedavadlapudi,Pedavadlapudi
GNT-C-54-Nagaram,GNT-C-54-NAGARAM-MB,Peddavaram,Pedakancherla
GNT-C-57-Vola-Tangirala,GNT-C-57-VOLA-TANGIRALA-MB,Peddavaram,Peddavaram-2
GNT-D-50-Erra-2-Piduguralla,GNT-D-50- ERRA-2-PIDUGURALLA-MB,Piduguralla,Chowtapapayapalem
GNT-D-50-Eddu-Amaravathi,GNT-D-50-EDDU-AMARAVATHI-MB,Peesapadu,Peesapadu
GNT-C-54-Tsunduru,GNT-C-54-TSUNDURU-MB,Penugudurupadu,Pedalanka-2
GNT-D-50-Pedda-1-Guntur,GNT-D-50-PEDD-1-GUNTUR-MB,Penumaka,Goli
GNT-C-54-Vemuru,GNT-C-54-VEMURU-MB,Penumarru,Pedalanka-1
GNT-C-54-Repalle,GNT-C-54-REPALLI-MB,Penumudi,Penumudi-1
GNT-C-54-Duggirala,GNT-C-54-DUGGIRALA-MB,Penumuli,Patibandla
GNT-C-54-Vemuru,GNT-C-54-VEMURU-MB,Peravali,Peravali-4
GNT-C-54-Vemuru,GNT-C-54-VEMURU-MB,Peravalipalem,Peravalipalem
GNT-D-50-Pedda-1-Guntur,GNT-D-50-PEDD-1-GUNTUR-MB,Perecherla,Pericherla
GNT-D-50-Kondaveeti-Medikonduru,GNT-D-50-KONDAVEETI-MEDIKONDURU-MB,Perecherla RF,Pericherla
GNT-D-50-Pedda-1-Guntur,GNT-D-50-PEDD-1-GUNTUR-MB,Perecherla RF,Pericherla
GNT-C-54-Duggirala,GNT-C-54-DUGGIRALA-MB,Perikalapudi,Perakalapudi
GNT-C-57-Konkeru-Savalyapuram,GNT-C-57-KONKER-SAVALYAPURAM-MB,Perumallapalle,Perumallapalle-1
GNT-C-57-Pasupuleru-Vellaturu,GNT-C-57-PASUPU-VELLATURU-MB,Perurupadu,Perurupadu
GNT-C-57-Pasupuleru-Vellaturu,GNT-C-57-PASUPU-VELLATURU-MB,PerurupaduHill&Forest,Perurupadu
GNT_C_54_Bhattiprollu,GNT-C-54-BHATTIPROLLU-MB,Pesaralanka,Pesarlanka
GNT-D-50-Naguleru-Dachepalle,GNT-D-50- NAGULERU-DACHAPALLI-MB,Petasanigandla,Petasannigandla
GNT-C-54-Repalle,GNT-C-54-REPALLI-MB,Peteru,Peteru
GNT-C-55-Vogeru-Chilakaluripet_Part-Ongole,GNT-C-55-VOGERU-CHILAKALURIPET_PART-ONGO-MB,Petlurivaripalem,Petlurivaripalem
GNT-C-55-Isuka-2-Kondaveedu,GNT-C-55-ISSUKA-2-KONDAVEEDU-MB,Phyrangipuram,Phirangipuram-1
GNT-C-54-Kollipara,GNT-C-54-KOLLIPARA-MB,Pidaparru,Pidaparru
GNT-D-50-Erra-2-Piduguralla,GNT-D-50- ERRA-2-PIDUGURALLA-MB,Pillutla,Pillutla
GNT-C-54-Tenali,GNT-C-54-TENALI-MB,Pinapadu,Pinapadu (Rural)
GNT-D-50-Goli-Thumurukota,GNT-D-50- GOLI-THUMURKOTA-MB,Durgi,Atmakur-5
GNT-D-50-Ralla-Machavaram,GNT-D-50- RALLA-MACHAVARAM-MB,Pinnelli,Pinnelli
GNT-C-57-Konkeru-Savalyapuram,GNT-C-57-KONKER-SAVALYAPURAM-MB,Pitchikalapalem,Pitchikalapalem-1
GNT-D-50-Kattela-Thulluru,GNT-D-50-KATTELA-THULLURU-MB,Pitchikalapalem,Pitchikalapalem
GNT-D-50-Macherla-Macherrla,GNT-D-50-MACHERLA-MACHRLA-MB,Polepalle,Polepalle-2
GNT-D-50-Kondaveeti-Medikonduru,GNT-D-50-KONDAVEETI-MEDIKONDURU-MB,Pon.Kandrika,Ponugupadu Khandrika
GNT-D-50-Dandi-Gurajala,GNT-D-50-DANDI-GURAJALA-MB,Pondugula,Pondugula-2
GNT-D-50-Eddu-Amaravathi,GNT-D-50-EDDU-AMARAVATHI-MB,Pondugula,Pondugala
GNT-D-50-Pedda-1-Guntur,GNT-D-50-PEDD-1-GUNTUR-MB,Ponekallu,Ponnekallu
GNT-C-54-Cherukupalli,GNT-C-54-CHERUKUPALLI-MB,Ponnpalli,Ponnapalle-1
GNT-C-55-Nakka-Muppalla,GNT-C-55-NAKKA-MUPPALLA-MB,Ponukupadu,Ponugupadu
GNT-D-50-Kattela-Thulluru,GNT-D-50-KATTELA-THULLURU-MB,Thullur,Abbarajupalem
GNT_C_54_Bapatla,GNT-C-54-BAPATLA-MB,Poondla,Poondla
GNT-C-54-Kolluru,GNT-C-54-KOLLURU-MB,Potharlanka,Potharlanka
GNT-C-55-Vogeru-Chilakaluripet_Part-Ongole,GNT-C-55-VOGERU-CHILAKALURIPET_PART-ONGO-MB,Pothavaram,Pothavaram-4
GNT-C-55-Nalanda-Narasaraopet,GNT-C-55-NALANDA-NARASARAOPET-MB,Pothavarppadu,Pothavarappadu
GNT-C-54-Vemuru,GNT-C-54-VEMURU-MB,Pothumarru,Pothumarru
GNT-C-54-Repalle,GNT-C-54-REPALLI-MB,Pothumeraka(With Marshes area),Potumeraka
GNT-D-50 Mada-Pedakurapadu,GNT-D-50-MADDA-PEDAKURAPADU-MB,Potlapadu,Potlapadu-1
GNT-C-57-Konkeru-Savalyapuram,GNT-C-57-KONKER-SAVALYAPURAM-MB,Potluru,Potluru-1
GNT-C-55-Konda-Vatticherukuru,GNT-C-55-KONDA-VATTICHERUKURU-MB,Potturu,Pothur
GNT-C-55-Rama-Prathipadu,GNT-C-55-RAMA-PRTHIPADU-MB,Prattipadu,Prathipadu-1
GNT-C-54-Nizampatnam,GNT-C-54-NIZAMPATNAM-MB,Pregnam,Pregnam
GNT-C-54-Nagaram,GNT-C-54-NAGARAM-MB,Pudivada,Pudiwada
GNT-C-54-Vemuru,GNT-C-54-VEMURU-MB,Pulichintalapalem,Pulichintala Palem
GNT-D-50-Dandi-Gurajala,GNT-D-50-DANDI-GURAJALA-MB,Pulipadu,Pulipadu-1
GNT-D-50-Chintala-Taduvoy,GNT-D-50- CHINTA-TADUVOYA-MB,Pullichintala,Pulichinta
GNT-C-55-Nakka-Muppalla,GNT-C-55-NAKKA-MUPPALLA-MB,Pusulur,Pusulur-2
GNT-C-57-Gundla-2-Thimmapuram-Part_Ongole,GNT-C-57-GUNDLA-2-THIMMAPURAM-PART_ONGOLE-MB,Putchanutala,Putchanuthala
GNT-D-50-Eddu-Amaravathi,GNT-D-50-EDDU-AMARAVATHI-MB,Puttipadu,Puttipadu
GNT-C-57-Gundla-1-Nuzendla-Part_Ongole,GNT-C-57-GUNDLA-1-NUJENDLA-PART_ONGOLE-MB,Puvvada,Puvvada
GNT_C_54_Amarthaluru,GNT-C-54-AMARTHALURU-MB,Pyapparru,Pyaparru
GNT-C-55-Vogeru-Chilakaluripet_Part-Ongole,GNT-C-55-VOGERU-CHILAKALURIPET_PART-ONGO-MB,Rajapeta,Rajapeta
GNT-C-54-Cherukupalli,GNT-C-54-CHERUKUPALLI-MB,Rajavolu,Rajavolu-2
GNT-C-55-Nakka-Muppalla,GNT-C-55-NAKKA-MUPPALLA-MB,Rajupalem,Rajupalem-8
GNT-C-55-Pedda-2-Mangalagiri,GNT-C-55-PEDDA-2-MANGALAGIRI-MB,Ramachandrapuram,Ramachandrapuram-8
GNT-D-50-Eddu-Amaravathi,GNT-D-50-EDDU-AMARAVATHI-MB,Ramapuram,Ramapuram-13
GNT-D-50-Naguleru-Dachepalle,GNT-D-50- NAGULERU-DACHAPALLI-MB,Ramapuram,Ramapuram-12
GNT-C-54-Cherukupalli,GNT-C-54-CHERUKUPALLI-MB,Rambhotlapalem,Rambhotlapalem
GNT-D-50-Macherla-Macherrla,GNT-D-50-MACHERLA-MACHRLA-MB,Ratchamillipadu,Rachamallipadu
GNT-D-50-Kondaveeti-Medikonduru,GNT-D-50-KONDAVEETI-MEDIKONDURU-MB,Ravela,Ravela
GNT-C-54-Kolluru,GNT-C-54-KOLLURU-MB,Ravikampadu,Ravikampadu-3
GNT-C-55-Nakka-Muppalla,GNT-C-55-NAKKA-MUPPALLA-MB,Ravipadu,Ravipadu-5
GNT-C-55-Nalanda-Narasaraopet,GNT-C-55-NALANDA-NARASARAOPET-MB,Ravipadu,Ravipadu-4
GNT-D-50-Kondaveeti-Medikonduru,GNT-D-50-KONDAVEETI-MEDIKONDURU-MB,Medikonduru,Dokiparru
GNT-C-57-Kandaleru-1-Bollapalli-Part_Ongole,GNT-C-57-KANDLERU-1-BOLLAPALLI-PART_ONGOL-MB,Ravulapuram,Ravulapuram
GNT-D-50-Kattela-Thulluru,GNT-D-50-KATTELA-THULLURU-MB,Rayapudi,Rayapudi-1
GNT-D-50-Macherla-Macherrla,GNT-D-50-MACHERLA-MACHRLA-MB,Rayavaram,Rayavaram-3
GNT-D-50-Eddu-Amaravathi,GNT-D-50-EDDU-AMARAVATHI-MB,Reddygudem,Reddigudem-1
GNT-D-50-Remidicherla,GNT-D-50- REMIDI-REMIDICHERLA-MB,Remidicherla,Remidicherla
GNT-D-50-Edumangal-Rentachintala,GNT-D-50-EDUMANGAL-RENTACHINTALA-MB,Rentala,Rentala
GNT-D-50-Eddu-Amaravathi,GNT-D-50-EDDU-AMARAVATHI-MB,Rentapalla,Rentapalla
GNT-C-55-Isuka-2-Kondaveedu,GNT-C-55-ISSUKA-2-KONDAVEEDU-MB,Repudi,Repudi-1
GNT-C-55-Nakka-Muppalla,GNT-C-55-NAKKA-MUPPALLA-MB,Retur,Retur
GNT-C-55-Ura-Rompicherla,GNT-C-55-URA-ROMPICHERLA-MB,Romphicherla,Rompicherla-2
GNT-C-55-Nalanda-Narasaraopet,GNT-C-55-NALANDA-NARASARAOPET-MB,Rupenaguntla,Rupenaguntla
GNT-D-50-Kattela-Thulluru,GNT-D-50-KATTELA-THULLURU-MB,Sakhamuru,Sakhamur
GNT-C-57-Konkeru-Savalyapuram,GNT-C-57-KONKER-SAVALYAPURAM-MB,Sanampudi,Sanampudi-1
GNT-C-55-Nakka-Muppalla,GNT-C-55-NAKKA-MUPPALLA-MB,Sandepudi,Sandepudi
GNT-C-54-Tenali,GNT-C-54-TENALI-MB,Sangamjagarlamudi,Sangam Jagarlamudi
GNT-D-50-Macherla-Macherrla,GNT-D-50-MACHERLA-MACHRLA-MB,Macherla,Amani Jammala Madaka
GNT-C-54-P.V.Palem,GNT-C-54-P.V.PALEM-MB,Sangupalem Koduru,Sangupalem Kodur
GNT-D-50-Naguleru-Dachepalle,GNT-D-50- NAGULERU-DACHAPALLI-MB,Sankarapuram,Sankarapuram Siddhayi
GNT-C-55-Nakka-Muppalla,GNT-C-55-NAKKA-MUPPALLA-MB,Sankranthipadu,Sankurathripadu
GNT-C-55-Vogeru-Chilakaluripet_Part-Ongole,GNT-C-55-VOGERU-CHILAKALURIPET_PART-ONGO-MB,Santhagudipadu,Santhagudipadu
GNT-C-57-Pasupuleru-Vellaturu,GNT-C-57-PASUPU-VELLATURU-MB,Sarikondayapalem,Sarikondapalem
GNT-D-50-Challa-Challagundla,GNT-D-50-CHALLA-CHALLAGUNDLA-MB,Sattenapally,Sattenapalli
GNT-C-55-Nakka-Muppalla,GNT-C-55-NAKKA-MUPPALLA-MB,Satuluru,Satuluru
GNT-C-55-Pedda-2-Mangalagiri,GNT-C-55-PEDDA-2-MANGALAGIRI-MB,Sekuru,Sekuru
GNT-C-57-Gundla-1-Nuzendla-Part_Ongole,GNT-C-57-GUNDLA-1-NUJENDLA-PART_ONGOLE-MB,Settupalle,Settupalle
GNT-D-50-Naguleru-Dachepalle,GNT-D-50- NAGULERU-DACHAPALLI-MB,Singarutla,Singarutla
GNT-C-54-Repalle,GNT-C-54-REPALLI-MB,Singupalem,Singupalem
GNT-D-50 Mada-Pedakurapadu,GNT-D-50-MADDA-PEDAKURAPADU-MB,Amaravathi,Amaravathi-1
GNT-D-50-Jerri-Sirigiripadu,GNT-D-50- JERRI-SIRIGIRIPADU-MB,Sirigiripadu,Srigiripadu
GNT-C-54-Nagaram,GNT-C-54-NAGARAM-MB,Siripudi,Siripudi
GNT-C-54-Kollipara,GNT-C-54-KOLLIPARA-MB,Siripuram,Siripuram-1
GNT-D-50-Kondaveeti-Medikonduru,GNT-D-50-KONDAVEETI-MEDIKONDURU-MB,Siripuram,Siripuram
GNT_C_54_Bhattiprollu,GNT-C-54-BHATTIPROLLU-MB,Sivangulapalem,Sivangulapalem
GNT-C-57-Vola-Tangirala,GNT-C-57-VOLA-TANGIRALA-MB,Sivapuram,Sivapuram-3
GNT-C-55-Isuka-2-Kondaveedu,GNT-C-55-ISSUKA-2-KONDAVEEDU-MB,Solasa,Solasa
GNT-D-50-Erra-2-Piduguralla,GNT-D-50- ERRA-2-PIDUGURALLA-MB,SR puram,Srirukminipuram
GNT-C-55-Konda-Vatticherukuru,GNT-C-55-KONDA-VATTICHERUKURU-MB,Srirangapuram,Sreerangapuram-2
GNT-D-50 Mada-Pedakurapadu,GNT-D-50-MADDA-PEDAKURAPADU-MB,Pedakurapadu,75-Tyallur
GNT-D-50 Mada-Pedakurapadu,GNT-D-50-MADDA-PEDAKURAPADU-MB,Srirangipalem,Sirangipalem
GNT-C-54-Duggirala,GNT-C-54-DUGGIRALA-MB,Srungarapuram,Srungarapuram
GNT-C-55-Pedda-2-Mangalagiri,GNT-C-55-PEDDA-2-MANGALAGIRI-MB,Suddapally,Suddapalle-1
GNT_C_54_Bhattiprollu,GNT-C-54-BHATTIPROLLU-MB,Surepalle,Surepalle-3
GNT-C-57-Vola-Tangirala,GNT-C-57-VOLA-TANGIRALA-MB,Surepally,Surepalle-1
GNT-C-57-Gundla-1-Nuzendla-Part_Ongole,GNT-C-57-GUNDLA-1-NUJENDLA-PART_ONGOLE-MB,T.Annavaram,T.Annavaram
GNT-C-55-Pedda-2-Mangalagiri,GNT-C-55-PEDDA-2-MANGALAGIRI-MB,Tadepalle,Tadepalli
GNT-D-50-Ralla-Machavaram,GNT-D-50- RALLA-MACHAVARAM-MB,Tadutla,Tadutla
GNT-D-50-Chintala-Taduvoy,GNT-D-50- CHINTA-TADUVOYA-MB,Taduvoy,Taduvoy
GNT-C-55-Pedda-2-Mangalagiri,GNT-C-55-PEDDA-2-MANGALAGIRI-MB,Takkellapadu,Takkellapadu-3
GNT-D-50 Mada-Pedakurapadu,GNT-D-50-MADDA-PEDAKURAPADU-MB,Takkellapadu,Takkellapadu-2
GNT-C-57-Gundla-1-Nuzendla-Part_Ongole,GNT-C-57-GUNDLA-1-NUJENDLA-PART_ONGOLE-MB,Talarlapalle,Talarlapalle
GNT-D-50-Atcham.-Atchampeta,GNT-D-50- ATCHAM-ATCHAMPETA-MB,Tallacheruvu,Tallacheruvu
GNT-D-50-Nagarjuna-Macherla,GNT-D-50-NAGARJUNA-MACHERLA-MB,Tallapalle,Thallapalle
GNT-D-50 Mada-Pedakurapadu,GNT-D-50-MADDA-PEDAKURAPADU-MB,Tallur,75-Tyallur
GNT-C-55-Isuka-2-Kondaveedu,GNT-C-55-ISSUKA-2-KONDAVEEDU-MB,Talluru,Pedanandipadu-1
GNT-D-50-Ralla-Machavaram,GNT-D-50- RALLA-MACHAVARAM-MB,Tangeda,Tangeda
GNT-C-55-Pedda-2-Mangalagiri,GNT-C-55-PEDDA-2-MANGALAGIRI-MB,Tangellamudi,Tangellamudi
GNT-C-57-Vola-Tangirala,GNT-C-57-VOLA-TANGIRALA-MB,Tangirala,Thangirala
GNT-C-55-Vogeru-Chilakaluripet_Part-Ongole,GNT-C-55-VOGERU-CHILAKALURIPET_PART-ONGO-MB,Tatapudi,Thatapudi
GNT-D-50-Naguleru-Dachepalle,GNT-D-50- NAGULERU-DACHAPALLI-MB,Dachepalle,Alugumallipadu
GNT-C-57-Gundla-1-Nuzendla-Part_Ongole,GNT-C-57-GUNDLA-1-NUJENDLA-PART_ONGOLE-MB,Tellabadu,Tellabadu
GNT-D-50-Gadida-Daida,GNT-D-50- GADIDA-DAIDA-MB,Telukutla,Telukutla
GNT-C-54-Nagaram,GNT-C-54-NAGARAM-MB,Thotapalle,Thotapalle-5
GNT-C-54-Tsunduru,GNT-C-54-TSUNDURU-MB,Thottempudi,Thottempudi
GNT-D-50-Goli-Thumurukota,GNT-D-50- GOLI-THUMURKOTA-MB,Thumrukota,Tummurkota
GNT-C-54-Kollipara,GNT-C-54-KOLLIPARA-MB,Thumuluru,Thumuluru
GNT-D-50-Naguleru-Dachepalle,GNT-D-50- NAGULERU-DACHAPALLI-MB,Karempudi,China Kodamagundla
GNT-C-55-Nakka-Muppalla,GNT-C-55-NAKKA-MUPPALLA-MB,Thurlapadu,Thurlapadu-1
GNT-C-55-Boddu-Velpuru,GNT-C-55-BODDU-VELPUR-MB,Thurumella,Thurumella
GNT-C-55-Nakka-Muppalla,GNT-C-55-NAKKA-MUPPALLA-MB,Timmapuram,Thimmapuram-12
GNT-C-57-Gundla-2-Thimmapuram-Part_Ongole,GNT-C-57-GUNDLA-2-THIMMAPURAM-PART_ONGOLE-MB,Timmapuram,Thimmapuram
GNT-C-57-Pasupuleru-Vellaturu,GNT-C-57-PASUPU-VELLATURU-MB,Timmayapalem,Thimmayapalem-3
GNT-D-50-Challa-Challagundla,GNT-D-50-CHALLA-CHALLAGUNDLA-MB,Tondapi,Thondapi
GNT-C-57-Gundla-1-Nuzendla-Part_Ongole,GNT-C-57-GUNDLA-1-NUJENDLA-PART_ONGOLE-MB,Tripurapuram,Tripurapuram-1
GNT-D-50-Narasing-Narasingapadu,GNT-D-50-NARASING-NARISINGAPADU-MB,Tripurapuram,Tripurapuram
GNT-C-54-Tsunduru,GNT-C-54-TSUNDURU-MB,Tsunduru,Tsundur-1
GNT-C-55-Nakka-Muppalla,GNT-C-55-NAKKA-MUPPALLA-MB,Tubadu,Tubadu
GNT-D-50-Ralla-Machavaram,GNT-D-50- RALLA-MACHAVARAM-MB,Tummalacheruvu,Thummalacheruvu
GNT-C-54-Duggirala,GNT-C-54-DUGGIRALA-MB,Tummapudi,Tummapudi
GNT_C_54_Amarthaluru,GNT-C-54-AMARTHALURU-MB,Turumella,Thurumella-1
GNT-D-50-Kattela-Thulluru,GNT-D-50-KATTELA-THULLURU-MB,Uddandarayunipalem,Uddandarayunipalem
GNT-C-57-Gundla-1-Nuzendla-Part_Ongole,GNT-C-57-GUNDLA-1-NUJENDLA-PART_ONGOLE-MB,Ummadivaram,Ummadivaram
GNT-D-50-Pedda-1-Guntur,GNT-D-50-PEDD-1-GUNTUR-MB,Undavalli,Undavalli (Rural)
GNT-D-50-Kondaveeti-Medikonduru,GNT-D-50-KONDAVEETI-MEDIKONDURU-MB,Unguturu,Unguturu-1
GNT-C-55-Tummala-Edlapadu,GNT-C-55-TUMMALA-EDLAPADU-MB,Unnava,Unnava
GNT-D-50-Pedda-1-Guntur,GNT-D-50-PEDD-1-GUNTUR-MB,Tadikonda,Bandarupalle-2
GNT-C-55-Nalanda-Narasaraopet,GNT-C-55-NALANDA-NARASARAOPET-MB,Uppalapadu,Uppalapadu-8
GNT-C-55-Nallama-Pedanandipadu,GNT-C-55-NALLAMA-PEDANANDIPADU-MB,Uppalapadu,Uppalapadu-9
GNT-C-55-Pedda-2-Mangalagiri,GNT-C-55-PEDDA-2-MANGALAGIRI-MB,Uppalapadu,Uppalapadu-7
GNT-C-57-Gundla-1-Nuzendla-Part_Ongole,GNT-C-57-GUNDLA-1-NUJENDLA-PART_ONGOLE-MB,Uppalapadu,Uppalapadu-10
GNT-D-50-Erra-1-Rajupalem,GNT-D-50-ERRA-1-RAJUPALEM-MB,Uppalapadu,Uppalapadu-5
GNT-D-50-Chandra-Mutukur,GNT-D-50- CHANDRA-MUTUKURU-MB,Uppalapadu,Uppalapadu-6
GNT-C-54-Ponnuru,GNT-C-54-PONNURU-MB,Upparapalem,Upparapalem
GNT-D-50-Eddu-Amaravathi,GNT-D-50-EDDU-AMARAVATHI-MB,Utukuru,Vutukuru
GNT-C-54-Repalle,GNT-C-54-REPALLI-MB,Uuppudi,Uppudi-1
GNT-C-57-Gundla-1-Nuzendla-Part_Ongole,GNT-C-57-GUNDLA-1-NUJENDLA-PART_ONGOLE-MB,V.Appapuram,V.Appapuram
GNT-D-50-Naguleru-Dachepalle,GNT-D-50- NAGULERU-DACHAPALLI-MB,V.L.Puram,Veeralakshmi Puram
GNT-D-50-Kattela-Thulluru,GNT-D-50-KATTELA-THULLURU-MB,Vaddamanu,Vaddamanu-1
GNT-C-57-Pasupuleru-Vellaturu,GNT-C-57-PASUPU-VELLATURU-MB,Vaddemgunta,Vaddemgunta
GNT-C-55-Pedda-2-Mangalagiri,GNT-C-55-PEDDA-2-MANGALAGIRI-MB,Vaddeswaram,Vaddeswaram
GNT-C-54-Ponnuru,GNT-C-54-PONNURU-MB,Vaddimukkala,Vaddemukkala
GNT-C-55-Konda-Vatticherukuru,GNT-C-55-KONDA-VATTICHERUKURU-MB,Vadlamudi,Vadlamudi
GNT-D-50-Kondaveeti-Medikonduru,GNT-D-50-KONDAVEETI-MEDIKONDURU-MB,Vaikuntapuram,Vykuntapuram
GNT-C-54-Tsunduru,GNT-C-54-TSUNDURU-MB,Valiveru,Valiveru
GNT-C-54-Kollipara,GNT-C-54-KOLLIPARA-MB,Vallabhapuram,Vallabhapuram
GNT-D-50-Ralla-Machavaram,GNT-D-50- RALLA-MACHAVARAM-MB,Machavaram,Akurajupalle
GNT-C-54-Ponnuru,GNT-C-54-PONNURU-MB,Vallabharaopalem,Vallabharaopalem
GNT-C-55-Konda-Vatticherukuru,GNT-C-55-KONDA-VATTICHERUKURU-MB,Vallur,Vallur-2
GNT-C-55-Konda-Vatticherukuru,GNT-C-55-KONDA-VATTICHERUKURU-MB,Vangipuram,Vangipuram
GNT-C-57-Konkeru-Savalyapuram,GNT-C-57-KONKER-SAVALYAPURAM-MB,Vanikunta,Vanikunta
GNT-C-55-Nakka-Muppalla,GNT-C-55-NAKKA-MUPPALLA-MB,Vankayalapadu,Vankayalapadu
GNT-D-50-Erra-2-Piduguralla,GNT-D-50- ERRA-2-PIDUGURALLA-MB,Vannayapalem,Vannayapalem
GNT-C-55-Nakka-Muppalla,GNT-C-55-NAKKA-MUPPALLA-MB,Varagani,Varagani-1
GNT-D-50-Kondaveeti-Medikonduru,GNT-D-50-KONDAVEETI-MEDIKONDURU-MB,Varagani,Varagani
GNT-C-54-Vemuru,GNT-C-54-VEMURU-MB,Varahapuram,Varahapuram
GNT-C-55-Pedda-2-Mangalagiri,GNT-C-55-PEDDA-2-MANGALAGIRI-MB,Vejendla,Vejendla
GNT-D-50-Kattela-Thulluru,GNT-D-50-KATTELA-THULLURU-MB,Velagapudi,Velagapudi-1
GNT-D-50-Kondaveeti-Medikonduru,GNT-D-50-KONDAVEETI-MEDIKONDURU-MB,Velavarthipadu,Velavarthipadu
GNT_C_54_Bapatla,GNT-C-54-BAPATLA-MB,Velicherla,Velicherla-1
GNT-C-54-Ponnuru,GNT-C-54-PONNURU-MB,Vellaluru,Vellalur
GNT_C_54_Bhattiprollu,GNT-C-54-BHATTIPROLLU-MB,Vellaturu,Vellaturu-3
GNT-C-57-Pasupuleru-Vellaturu,GNT-C-57-PASUPU-VELLATURU-MB,Vellaturu,Vellatur-1
GNT-C-55-Boddu-Velpuru,GNT-C-55-BODDU-VELPUR-MB,Velpuru,Velupuru
GNT-D-50-Atcham.-Atchampeta,GNT-D-50- ATCHAM-ATCHAMPETA-MB,Velpuru,Velpuru
GNT-C-55-Nalanda-Narasaraopet,GNT-C-55-NALANDA-NARASARAOPET-MB,Veluru,Veluru
GNT-C-55-Isuka-2-Kondaveedu,GNT-C-55-ISSUKA-2-KONDAVEEDU-MB,Vemavaram,Vemavaram-3
GNT-D-50-Ralla-Machavaram,GNT-D-50- RALLA-MACHAVARAM-MB,Vemavaram,Vemavaram-1
GNT-D-50-Chandra-Mutukur,GNT-D-50- CHANDRA-MUTUKURU-MB,Veldurthi,Forest-209
GNT-C-55-Pedda-2-Mangalagiri,GNT-C-55-PEDDA-2-MANGALAGIRI-MB,Venigandla,Venigandla
GNT-D-50-Kattela-Thulluru,GNT-D-50-KATTELA-THULLURU-MB,Venkatapalem,Venkatapalem
GNT-D-50-Chintala-Taduvoy,GNT-D-50- CHINTA-TADUVOYA-MB,Venkatayapalem,Venkatayapalem
GNT-D-50-Atcham.-Atchampeta,GNT-D-50- ATCHAM-ATCHAMPETA-MB,"Venkatayapalem 
Hill & Forest",Venkatayapalem
GNT-D-50-Chintala-Taduvoy,GNT-D-50- CHINTA-TADUVOYA-MB,Venkatayapallem Hill & Forest area,Venkatayapalem
GNT-C-57-Pasupuleru-Vellaturu,GNT-C-57-PASUPU-VELLATURU-MB,Venkupalem,Venkupalem
GNT-C-54-Tsunduru,GNT-C-54-TSUNDURU-MB,Vetapalem,Vetapalem-2
GNT-D-50-Munigundla-Vijayapuri South,GNT-D-50- MUNIGUNDLA-VIJAYAPURISOUTH-MB,Vijayapurisouth,Vijayapuri South
GNT-C-57-Pasupuleru-Vellaturu,GNT-C-57-PASUPU-VELLATURU-MB,Vinukonda Hill&Forest,Vinukonda-1
GNT-C-55-Vogeru-Chilakaluripet_Part-Ongole,GNT-C-55-VOGERU-CHILAKALURIPET_PART-ONGO-MB,Vipparla,Vipparla-2
GNT-D-50-Eddu-Amaravathi,GNT-D-50-EDDU-AMARAVATHI-MB,Vipparla,Vipparla-1
GNT-C-55-Ura-Rompicherla,GNT-C-55-URA-ROMPICHERLA-MB,Vipperlapalli Agraharam,Vipparlapalle Agraharam
GNT-D-50-Kondaveeti-Medikonduru,GNT-D-50-KONDAVEETI-MEDIKONDURU-MB,Visadala,Visadala
GNT-C-55-Tummala-Edlapadu,GNT-C-55-TUMMALA-EDLAPADU-MB,Viswanadhuni Kandrika,Viswanadhuni Khandrika
GNT-C-54-Repalle,GNT-C-54-REPALLI-MB,Visweswaram,Visweswaram
GNT-C-57-Konkeru-Savalyapuram,GNT-C-57-KONKER-SAVALYAPURAM-MB,Vittamrajupalle,Vittamrajupalle
GNT-D-50- Voppi-Voppicherla,GNT-D-50- VOPHI-VOPICHERLA-MB,Voppicherla,Voppicherla
GNT_C_54_Amarthaluru,GNT-C-54-AMARTHALURU-MB,Yalavarru,Yelavarru
GNT-C-55-Konda-Vatticherukuru,GNT-C-55-KONDA-VATTICHERUKURU-MB,Yamarru,Yamarru
GNT-C-54-Karlapalem,GNT-C-54-KARLAPAEM-MB,Yazali,Yazali
GNT-D-50-Julakallu-Kesanapalli,GNT-D-50-ZULAKALLU-KESANAPALLI-MB,Zulakallu,Julakallu-1
