,,,,"CA","NCA","PQA",,,
,,,,"Industrial","Industrial","Industrial",,,
"Sr.no","Watershed code","GW watershed name","village name","Industrial Wells","Industrial Wells","Industrial Wells","Total ",,
2,"04_E_31-3_28-004","EG-G-BkS-Rajanagaram","Singarampalem",0,,0,0,,
3,"04_E_31-3_28-004","EG-G-BkS-Rajanagaram","N.Tirupatirajapuram",,,0,0,,
4,"04_E_31-3_28-004","EG-G-BkS-Rajanagaram","Gandepalli",6,,0,6,,
5,"04_E_31-3_28-004","EG-G-BkS-Rajanagaram","Murari",6,,0,6,,
6,"04_E_31-3_28-004","EG-G-BkS-Rajanagaram","Gadarada",,4,0,4,,
7,"04_E_31-3_28-004","EG-G-BkS-Rajanagaram","Narasapuram",,4,0,4,,
8,"04_E_31-3_28-004","EG-G-BkS-Rajanagaram","Jambupatnam",8,,0,8,,
9,"04_E_31-3_28-004","EG-G-BkS-Rajanagaram","N.Agraharam",,,0,0,,
10,"04_E_31-3_28-004","EG-G-BkS-Rajanagaram","Dosakayalapalli",5,,0,5,,
11,"04_E_31-3_28-004","EG-G-BkS-Rajanagaram","Burugupudi",12,,0,12,,
12,"04_E_31-3_28-004","EG-G-BkS-Rajanagaram","Buchimpeta",1,,0,1,,
13,"04_E_31-3_28-004","EG-G-BkS-Rajanagaram","Madhurapudi",5,,0,5,,
14,"04_E_31-3_28-004","EG-G-BkS-Rajanagaram","Nidigatla",,,0,0,,
15,"04_E_31-3_28-004","EG-G-BkS-Rajanagaram","Gadala",7,,0,7,,
16,"04_E_31-3_28-004","EG-G-BkS-Rajanagaram","Mirtipadu",,4,0,4,,
17,"04_E_31-3_28-004","EG-G-BkS-Rajanagaram","Hundeswarapuram",1,,0,1,,
18,"04_E_31-3_28-004","EG-G-BkS-Rajanagaram","Mulakalanka",,,0,0,,
19,"04_E_31-3_28-004","EG-G-BkS-Rajanagaram","S.T.Rajapuram",,,0,0,,
20,"04_E_31-3_28-004","EG-G-BkS-Rajanagaram","Vadisaleru",,,0,0,,
21,"04_E_31-3_28-004","EG-G-BkS-Rajanagaram","Nandarada",3,,0,3,,
22,"04_E_31-3_28-004","EG-G-BkS-Rajanagaram","Kalavacherla",3,,0,3,,
23,"04_E_31-3_28-004","EG-G-BkS-Rajanagaram","Narendrapuram",3,,0,3,,
24,"04_E_31-3_28-004","EG-G-BkS-Rajanagaram","Rajanagaram",35,,0,35,,
25,"04_E_31-3_28-004","EG-G-BkS-Rajanagaram","J.Agraharam",,,0,0,,
26,"04_E_31-3_28-004","EG-G-BkS-Rajanagaram","Venkatapuram",3,,0,3,,
27,"04_E_31-3_28-004","EG-G-BkS-Rajanagaram","Velugubanda",1,,0,1,,
28,"04_E_31-3_28-004","EG-G-BkS-Rajanagaram","Palacherla",,4,0,4,,
29,"04_E_31-3_28-004","EG-G-BkS-Rajanagaram","Kanavaram",,5,0,5,,
30,"04_E_31-3_28-004","EG-G-BkS-Rajanagaram","Torredu",,,0,0,,
31,"04_E_31-3_28-004","EG-G-BkS-Rajanagaram","Kolamuru",9,,0,9,,
32,"04_E_31-3_28-004","EG-G-BkS-Rajanagaram","Kateru",10,,0,10,,
33,"04_E_31-3_28-004","EG-G-BkS-Rajanagaram","Rajahmundry(NMA)",,,0,0,,
34,"04_E_31-3_28-004","EG-G-BkS-Rajanagaram","Morampudi",,37,0,37,,
35,"04_E_31-3_28-004","EG-G-BkS-Rajanagaram","Hukumpeta(U)",,,0,0,,
36,"04_E_31-3_28-004","EG-G-BkS-Rajanagaram","Bommuru(U)",,12,0,12,,
37,"04_E_31-3_28-004","EG-G-BkS-Rajanagaram","Rjajahmundry(M)",,,0,0,,
38,"04_E_32_26-003","EG-G-Zk-Rangampet","Duppalapudi",28,0,,28,,
39,"04_E_32_26-003","EG-G-Zk-Rangampet","Anaparti",53,0,,53,,
40,"04_E_32_26-003","EG-G-Zk-Rangampet","Koppavaram(LNpuram)",0,0,,0,,
41,"04_E_32_26-003","EG-G-Zk-Rangampet","Vemagiri",12,0,,12,,
42,"04_E_32_26-003","EG-G-Zk-Rangampet","Kadiyam",39,0,,39,,
43,"04_E_32_26-003","EG-G-Zk-Rangampet","Jegurupadu",4,0,,4,,
44,"04_E_32_26-003","EG-G-Zk-Rangampet","Kesavaram",20,0,,20,,
45,"04_E_32_26-003","EG-G-Zk-Rangampet","V.Seetayyapalem",0,0,,0,,
46,"04_E_32_26-003","EG-G-Zk-Rangampet","Chinadwrapudi",0,0,,0,,
47,"04_E_32_26-003","EG-G-Zk-Rangampet","Dwarapudi",0,68,,68,,
48,"04_E_32_26-003","EG-G-Zk-Rangampet","Z.Medapadu",0,4,,4,,
49,"04_E_32_26-003","EG-G-Zk-Rangampet","Dowlaiswaram",0,83,,83,,
50,"04_E_32_26-003","EG-G-Zk-Rangampet","Rajavolu",0,8,,8,,
51,"04_E_32_26-003","EG-G-Zk-Rangampet","Srikrishnapatnam",0,5,,5,,
52,"04_E_32_26-003","EG-G-Zk-Rangampet","Thokada",0,0,,0,,
53,"04_E_32_26-003","EG-G-Zk-Rangampet","Mukkinada",0,3,,3,,
54,"04_E_32_26-003","EG-G-Zk-Rangampet","Pata Thungapadu",4,,,4,,
55,"04_E_32_26-003","EG-G-Zk-Rangampet","Bhupalapatnam",0,2,,2,,
56,"04_E_32_26-003","EG-G-Zk-Rangampet","G.Yerrampalem",0,8,,8,,
57,"04_E_32_26-003","EG-G-Zk-Rangampet","Kondagunturu",5,,,5,,
58,"04_E_32_26-003","EG-G-Zk-Rangampet","Namavaram",10,,,10,,
59,"04_E_32_26-003","EG-G-Zk-Rangampet","Rangampeta",14,,,14,,
60,"04_E_32_26-003","EG-G-Zk-Rangampet","Peda Rayavaram",1,,,1,,
61,"04_E_32_26-003","EG-G-Zk-Rangampet","Kotapadu",9,,,9,,
62,"04_E_32_26-003","EG-G-Zk-Rangampet","Venkatapuram",0,,,0,,
63,"04_E_32_26-003","EG-G-Zk-Rangampet","Subhadrampeta",1,,,1,,
64,"04_E_32_26-003","EG-G-Zk-Rangampet","Mukundavaram",1,,,1,,
65,"04_E_32_26-003","EG-G-Zk-Rangampet","Elakolanu",0,0,,0,,
66,"04_E_32_26-003","EG-G-Zk-Rangampet","Pata Doddigunta",0,0,,0,,
67,"04_E_32_26-003","EG-G-Zk-Rangampet","Marripadi",2,,,2,,
68,"04_E_32_26-003","EG-G-Zk-Rangampet","Singampalli",5,,,5,,
69,"04_E_32_26-003","EG-G-Zk-Rangampet","Nallamilli",3,,,3,,
70,"04_E_32_26-003","EG-G-Zk-Rangampet","G.Dontamuru",13,,,13,,
71,"04_E_32_26-003","EG-G-Zk-Rangampet","Veerampalem",2,,,2,,
72,"04_E_32_26-003","EG-G-Zk-Rangampet","Balabhadrapuram",36,,,36,,
73,"04_E_32_26-003","EG-G-Zk-Rangampet","Kapavaram",12,,,12,,
74,"04_E_32_26-003","EG-G-Zk-Rangampet","Rangapuram",1,,,1,,
75,"04_E_32_26-003","EG-G-Zk-Rangampet","Tummalapalli",0,0,,0,,
76,"04_E_32_26-003","EG-G-Zk-Rangampet","Rallakandrika",0,0,,0,,
77,"04_E_32_26-003","EG-G-Zk-Rangampet","Illapalli",0,1,,1,,
78,"04_E_32_26-003","EG-G-Zk-Rangampet","Peda Brahmadevam",4,,,4,,
79,"04_E_32_26-003","EG-G-Zk-Rangampet","G.Medapadu",0,,,0,,
80,"04_E_32_26-003","EG-G-Zk-Rangampet","Surampalem",4,0,,4,,
81,"04_E_32_26-003","EG-G-Zk-Rangampet","Valutimmapuram",8,,,8,,
82,"04_E_32_26-003","EG-G-Zk-Rangampet","Anuru",6,,,6,,
83,"04_E_32_26-003","EG-G-Zk-Rangampet","Rayabhupalapatnam",13,,,13,,
84,"04_E_32_26-003","EG-G-Zk-Rangampet","Chinabrahmadevaram",2,,,2,,
85,"04_E_32_26-003","EG-G-Zk-Rangampet","Rameswaram",0,0,,0,,
86,"04_F_19-6_11-007","EG-MHG-Ylw- Eleswaram","Rajupalem",0,0,,0,,
87,"04_F_19-6_11-007","EG-MHG-Ylw- Eleswaram","Veeravaram",0,0,,0,,
88,"04_F_19-6_11-007","EG-MHG-Ylw- Eleswaram","Mukkollu",0,0,,0,,
89,"04_F_19-6_11-007","EG-MHG-Ylw- Eleswaram","Tamarada",0,0,,0,,
90,"04_F_19-6_11-007","EG-MHG-Ylw- Eleswaram","Burugupudi",0,0,,0,,
91,"04_F_19-6_11-007","EG-MHG-Ylw- Eleswaram","Krishnavaram",0,0,,0,,
92,"04_F_19-6_11-007","EG-MHG-Ylw- Eleswaram","Goneda",0,0,,0,,
93,"04_F_19-6_11-007","EG-MHG-Ylw- Eleswaram","Somavaram",0,0,,0,,
94,"04_F_19-6_11-007","EG-MHG-Ylw- Eleswaram","Kandarada",0,0,,0,,
95,"04_F_19-6_11-007","EG-MHG-Ylw- Eleswaram","Kumarapuram",0,0,,0,,
96,"04_F_19-6_11-007","EG-MHG-Ylw- Eleswaram","Jalluru",0,0,,0,,
97,"04_F_19-6_11-007","EG-MHG-Ylw- Eleswaram","Govindarajupalem",0,0,,0,,
98,"04_F_19-6_11-007","EG-MHG-Ylw- Eleswaram","Fakrudinpalem",0,0,,0,,
99,"04_F_19-6_11-007","EG-MHG-Ylw- Eleswaram","Mallam",0,0,,0,,
100,"04_F_19-6_11-007","EG-MHG-Ylw- Eleswaram","Virawada",0,0,,0,,
101,"04_F_19-6_11-007","EG-MHG-Ylw- Eleswaram","Veeraraghavapuram",0,0,,0,,
102,"04_F_19-6_11-007","EG-MHG-Ylw- Eleswaram","Mangiturti",0,0,,0,,
103,"04_F_19-6_11-007","EG-MHG-Ylw- Eleswaram","Kolanka",0,0,,0,,
104,"04_F_19-6_11-007","EG-MHG-Ylw- Eleswaram","Jammulapalli",0,0,,0,,
105,"04_F_19-6_11-007","EG-MHG-Ylw- Eleswaram","Pithapuram",0,0,,0,,
106,"04_F_19-6_11-007","EG-MHG-Ylw- Eleswaram","Madhavapuram",0,0,,0,,
107,"04_F_19-6_11-007","EG-MHG-Ylw- Eleswaram","Navakandrawada",0,0,,0,,
108,"04_F_19-6_11-007","EG-MHG-Ylw- Eleswaram","Agraharam ",0,0,,0,,
109,"04_F_19-6_11-007","EG-MHG-Ylw- Eleswaram","Chitrada",0,0,,0,,
110,"04_F_19-6_11-007","EG-MHG-Ylw- Eleswaram","Illindarada",0,0,,0,,
111,"04_F_19-6_11-007","EG-MHG-Ylw- Eleswaram","Somavaram",0,0,,0,,
112,"04_F_19-6_11-007","EG-MHG-Ylw- Eleswaram","Virava",0,0,,0,,
113,"04_F_19-6_11-007","EG-MHG-Ylw- Eleswaram","Kondevaram",0,0,,0,,
114,"04_F_19-6_11-007","EG-MHG-Ylw- Eleswaram","Yendpalli",0,0,,0,,
115,"04_F_19-6_11-007","EG-MHG-Ylw- Eleswaram","Vakatippa",0,0,,0,,
116,"04_F_19-6_11-007","EG-MHG-Ylw- Eleswaram","Kottapalli",0,0,,0,,
117,"04_F_19-6_11-007","EG-MHG-Ylw- Eleswaram","Kutukudumilli",0,0,,0,,
118,"04_F_19-6_11-007","EG-MHG-Ylw- Eleswaram","Subbampeta",0,0,,0,,
119,"04_F_19-6_11-007","EG-MHG-Ylw- Eleswaram","Gorsa",0,0,,0,,
120,"04_F_19-6_11-007","EG-MHG-Ylw- Eleswaram","Komaragiri",0,0,,0,,
121,"04_F_19-6_11-007","EG-MHG-Ylw- Eleswaram","Uppada",0,0,,0,,
122,"04_F_19-6_11-007","EG-MHG-Ylw- Eleswaram","Aminabada",0,0,,0,,
123,"04_F_19-6_11-007","EG-MHG-Ylw- Eleswaram","Chadalada",0,0,,0,,
124,"04_F_19-6_11-007","EG-MHG-Ylw- Eleswaram","Divili",0,0,,0,,
125,"04_F_19-6_11-007","EG-MHG-Ylw- Eleswaram","Gudiwada",0,0,,0,,
126,"04_F_19-6_11-007","EG-MHG-Ylw- Eleswaram","Gorinta",0,0,,0,,
127,"04_F_19-6_11-007","EG-MHG-Ylw- Eleswaram","G.Ragampeta",0,0,,0,,
128,"04_F_19-6_11-007","EG-MHG-Ylw- Eleswaram","J.Timmapuram",0,0,,0,,
129,"04_F_19-6_11-007","EG-MHG-Ylw- Eleswaram","Kandrakota",0,0,,0,,
130,"04_F_19-6_11-007","EG-MHG-Ylw- Eleswaram","Kattamuru",0,0,,0,,
131,"04_F_19-6_11-007","EG-MHG-Ylw- Eleswaram","Marlova",0,0,,0,,
132,"04_F_19-6_11-007","EG-MHG-Ylw- Eleswaram","Pulimeru",0,0,,0,,
133,"04_F_19-6_11-007","EG-MHG-Ylw- Eleswaram","Peddapuram",0,0,,0,,
134,"04_F_19-6_11-007","EG-MHG-Ylw- Eleswaram","Siriwada",0,0,,0,,
135,"04_F_19-6_11-007","EG-MHG-Ylw- Eleswaram","Tirupati",0,0,,0,,
136,"04_F_19-6_11-007","EG-MHG-Ylw- Eleswaram","Tadiparti",0,0,,0,,
137,"04_F_19-6_11-007","EG-MHG-Ylw- Eleswaram","Ulimeswram",0,0,,0,,
138,"04_F_19-6_11-007","EG-MHG-Ylw- Eleswaram","Vadlamuru",0,0,,0,,
139,"04_F_19-6_11-007","EG-MHG-Ylw- Eleswaram","Chandramampalli",0,0,,0,,
140,"04_F_19-6_11-007","EG-MHG-Ylw- Eleswaram","Mamilladoddi",0,0,,0,,
141,"04_F_19-6_11-007","EG-MHG-Ylw- Eleswaram","Boyanapudi",0,0,,0,,
142,"04_F_19-6_11-007","EG-MHG-Ylw- Eleswaram","V.K.Rayapuram",0,0,,0,,
143,"04_F_19-6_11-007","EG-MHG-Ylw- Eleswaram","Unduru",0,0,,0,,
144,"04_F_19-6_11-007","EG-MHG-Ylw- Eleswaram","Koppavaram",0,0,,0,,
145,"04_F_19-6_11-007","EG-MHG-Ylw- Eleswaram","Panasapadu",0,0,,0,,
146,"04_F_19-6_11-007","EG-MHG-Ylw- Eleswaram","Valluru",0,0,,0,,
147,"04_F_19-6_11-007","EG-MHG-Ylw- Eleswaram","PVemavaram",0,0,,0,,
148,"04_F_19-6_11-007","EG-MHG-Ylw- Eleswaram","Navara",0,0,,0,,
149,"04_F_19-6_11-007","EG-MHG-Ylw- Eleswaram","Pawara",0,0,,0,,
150,"04_F_19-6_11-007","EG-MHG-Ylw- Eleswaram","Jaggammagaripeta",0,0,,0,,
151,"04_F_19-6_11-007","EG-MHG-Ylw- Eleswaram","Madhavapatnam",0,0,,0,,
152,"04_F_19-6_11-007","EG-MHG-Ylw- Eleswaram","Samalkota",0,0,,0,,
153,"04_F_19-6_11-007","EG-MHG-Ylw- Eleswaram","Vetlapalem",0,0,,0,,
154,"04_F_19-6_11-007","EG-MHG-Ylw- Eleswaram","Pandravada",0,0,,0,,
155,"04_F_19-6_11-007","EG-MHG-Ylw- Eleswaram","Kapavaram",0,0,,0,,
156,"04_F_19-6_11-007","EG-MHG-Ylw- Eleswaram","D.Pinjarikonda",0,0,,0,,
157,"04_F_19-6_11-007","EG-MHG-Ylw- Eleswaram","Kottampalem",0,0,,0,,
158,"04_F_19-6_11-007","EG-MHG-Ylw- Eleswaram","Jayachintalapadu",0,0,,0,,
159,"04_F_19-6_11-007","EG-MHG-Ylw- Eleswaram","Badadam",0,0,,0,,
160,"04_F_19-6_11-007","EG-MHG-Ylw- Eleswaram","Matlapadu",0,0,,0,,
161,"04_F_19-6_11-007","EG-MHG-Ylw- Eleswaram","Uppalapadu",0,0,,0,,
162,"04_F_19-6_11-007","EG-MHG-Ylw- Eleswaram","Gadichinnampalem",0,0,,0,,
163,"04_F_19-6_11-007","EG-MHG-Ylw- Eleswaram","D.Krishnavaram",0,0,,0,,
164,"04_F_19-6_11-007","EG-MHG-Ylw- Eleswaram","Forest",0,0,,0,,
165,"04_F_19-6_11-007","EG-MHG-Ylw- Eleswaram","MOLLERU",0,0,,0,,
166,"04_F_19-6_11-007","EG-MHG-Ylw- Eleswaram","B.SIVARAMPATNAM",0,0,,0,,
167,"04_F_19-6_11-007","EG-MHG-Ylw- Eleswaram","RAMULDEVAPURAM",0,0,,0,,
168,"04_F_19-6_11-007","EG-MHG-Ylw- Eleswaram","LINGAVARAM",0,0,,0,,
169,"04_F_19-6_11-007","EG-MHG-Ylw- Eleswaram","KATTUMILLI",0,0,,0,,
170,"04_F_19-6_11-007","EG-MHG-Ylw- Eleswaram","Forest",0,0,,0,,
171,"04_F_19-6_11-007","EG-MHG-Ylw- Eleswaram","Kalijolla",0,0,,0,,
172,"04_F_19-6_11-007","EG-MHG-Ylw- Eleswaram","Bhupatipalem",0,0,,0,,
173,"04_F_19-6_11-007","EG-MHG-Ylw- Eleswaram","Narendrapatnam",0,0,,0,,
174,"04_F_19-6_11-007","EG-MHG-Ylw- Eleswaram","Mamidada",0,0,,0,,
175,"04_F_19-6_11-007","EG-MHG-Ylw- Eleswaram","Irripaka",0,0,,0,,
176,"04_F_19-6_11-007","EG-MHG-Ylw- Eleswaram","Kandregula",0,0,,0,,
177,"04_F_19-6_11-007","EG-MHG-Ylw- Eleswaram","Govindapuram",0,0,,0,,
178,"04_F_19-6_11-007","EG-MHG-Ylw- Eleswaram","Rajapudi",0,0,,0,,
179,"04_F_19-6_11-007","EG-MHG-Ylw- Eleswaram","Manyanvaripalem",0,0,,0,,
180,"04_F_19-6_11-007","EG-MHG-Ylw- Eleswaram","Balabadrapuram",0,0,,0,,
181,"04_F_19-6_11-007","EG-MHG-Ylw- Eleswaram","Gollalagunta",0,0,,0,,
182,"04_F_19-6_11-007","EG-MHG-Ylw- Eleswaram","Seethampet",0,0,,0,,
183,"04_F_19-6_11-007","EG-MHG-Ylw- Eleswaram","Marripaka",0,0,,0,,
184,"04_F_19-6_11-007","EG-MHG-Ylw- Eleswaram","Guttappalem",0,0,,0,,
185,"04_F_19-6_11-007","EG-MHG-Ylw- Eleswaram","Tirupathirajupet",0,0,,0,,
186,"04_F_19-6_11-007","EG-MHG-Ylw- Eleswaram","J.Kotturu",0,0,,0,,
187,"04_F_19-6_11-007","EG-MHG-Ylw- Eleswaram","Jaggampet",0,0,,0,,
188,"04_F_19-6_11-007","EG-MHG-Ylw- Eleswaram","Ramavaram",0,0,,0,,
189,"04_F_19-6_11-007","EG-MHG-Ylw- Eleswaram","Seethanagaram",0,0,,0,,
190,"04_F_19-6_11-007","EG-MHG-Ylw- Eleswaram","Katravulapalli",0,0,,0,,
191,"04_F_19-6_11-007","EG-MHG-Ylw- Eleswaram","Timmapuram",0,0,,0,,
192,"04_F_19-6_11-007","EG-MHG-Ylw- Eleswaram","Panduru",0,0,,0,,
193,"04_F_19-6_11-007","EG-MHG-Ylw- Eleswaram","Nemam",0,0,,0,,
194,"04_F_19-6_11-007","EG-MHG-Ylw- Eleswaram","Thammavaram",0,0,,0,,
195,"04_F_19-6_11-007","EG-MHG-Ylw- Eleswaram","Penumarthi",0,0,,0,,
196,"04_F_19-6_11-007","EG-MHG-Ylw- Eleswaram","Vakalapudi",0,0,,0,,
197,"04_F_19-6_11-007","EG-MHG-Ylw- Eleswaram","Ramanayyapet",0,0,,0,,
198,"04_F_19-6_11-007","EG-MHG-Ylw- Eleswaram","Sarpavaram",0,0,,0,,
199,"04_F_19-6_11-007","EG-MHG-Ylw- Eleswaram","Ganganapalle",0,0,,0,,
200,"04_F_19-6_11-007","EG-MHG-Ylw- Eleswaram","Suryaraopet",0,0,,0,,
201,"04_F_19-6_11-007","EG-MHG-Ylw- Eleswaram","Chidiga",0,0,,0,,
202,"04_F_19-6_11-007","EG-MHG-Ylw- Eleswaram","Kovvada",0,0,,0,,
203,"04_F_19-6_11-007","EG-MHG-Ylw- Eleswaram","Repuru",0,0,,0,,
204,"04_F_19-6_11-007","EG-MHG-Ylw- Eleswaram","Kkd Medaline",0,0,,0,,
205,"04_F_19-6_11-007","EG-MHG-Ylw- Eleswaram","Kkd Muncipality",0,0,,0,,
206,"04_F_19-6_11-007","EG-MHG-Ylw- Eleswaram","Jagannadhapuram",0,0,,0,,
207,"04_F_19-6_11-007","EG-MHG-Ylw- Eleswaram","Mallepalle",0,0,,0,,
208,"04_F_19-6_11-007","EG-MHG-Ylw- Eleswaram","Uppalapadu",0,0,,0,,
209,"04_F_19-6_11-007","EG-MHG-Ylw- Eleswaram","Talluru",0,0,,0,,
210,"04_F_19-6_11-007","EG-MHG-Ylw- Eleswaram","Pro.Rangampet",0,0,,0,,
211,"04_F_19-6_11-007","EG-MHG-Ylw- Eleswaram","Borrampalem",0,0,,0,,
212,"04_F_19-6_11-007","EG-MHG-Ylw- Eleswaram","Yellamalli",0,0,,0,,
213,"04_F_19-6_11-007","EG-MHG-Ylw- Eleswaram","Nayakampalli",0,0,,0,,
214,"04_F_19-6_11-007","EG-MHG-Ylw- Eleswaram","Yerrampalem",0,0,,0,,
215,"04_F_19-6_11-007","EG-MHG-Ylw- Eleswaram","Atchyutapuratrayam",0,0,,0,,
216,"04_E_31-2_15-007","EG-G-BkW- Sitanagaram","Krishnunipalem",0,10,,10,,
217,"04_E_31-2_15-007","EG-G-BkW- Sitanagaram","Gokavaram",0,22,,22,,
218,"04_E_31-2_15-007","EG-G-BkW- Sitanagaram","Tantikonda",0,5,,5,,
219,"04_E_31-2_15-007","EG-G-BkW- Sitanagaram","Gadelapalem",0,0,,0,,
220,"04_E_31-2_15-007","EG-G-BkW- Sitanagaram","NELAKOTA",0,0,,0,,
221,"04_E_31-2_15-007","EG-G-BkW- Sitanagaram","POTAVARAM",0,0,,0,,
222,"04_E_31-2_15-007","EG-G-BkW- Sitanagaram","DEVARAM",0,0,,0,,
223,"04_E_31-2_15-007","EG-G-BkW- Sitanagaram","M.RAVILANKA",0,0,,0,,
224,"04_E_31-2_15-007","EG-G-BkW- Sitanagaram","PEDABHIMPALLI",0,0,,0,,
225,"04_E_31-2_15-007","EG-G-BkW- Sitanagaram","INDUKURU",0,0,,0,,
226,"04_E_31-2_15-007","EG-G-BkW- Sitanagaram","INDUKURUPET",0,0,,0,,
227,"04_E_31-2_15-007","EG-G-BkW- Sitanagaram","SARABAVARAM",0,0,,0,,
228,"04_E_31-2_15-007","EG-G-BkW- Sitanagaram","LOTHUPALEM",0,0,,0,,
229,"04_E_31-2_15-007","EG-G-BkW- Sitanagaram","Forest",0,0,,0,,
230,"04_E_31-2_15-007","EG-G-BkW- Sitanagaram","Bolleddupalem",3,0,,3,,
231,"04_E_31-2_15-007","EG-G-BkW- Sitanagaram","Kotikesavaram",4,,,4,,
232,"04_E_31-2_15-007","EG-G-BkW- Sitanagaram","Raghavapuram",3,0,,3,,
233,"04_E_31-2_15-007","EG-G-BkW- Sitanagaram","Srirangapatnam",0,6,,6,,
234,"04_E_31-2_15-007","EG-G-BkW- Sitanagaram","Koti",1,0,,1,,
235,"04_E_31-2_15-007","EG-G-BkW- Sitanagaram","Munagala",1,0,,1,,
236,"04_E_31-2_15-007","EG-G-BkW- Sitanagaram","Kapavaram",13,0,,13,,
237,"04_E_31-2_15-007","EG-G-BkW- Sitanagaram","Korukonda",0,23,,23,,
238,"04_E_31-2_15-007","EG-G-BkW- Sitanagaram","Purushottapatnam",2,0,,2,,
239,"04_E_31-2_15-007","EG-G-BkW- Sitanagaram","Vangalapudi",8,0,,8,,
240,"04_E_31-2_15-007","EG-G-BkW- Sitanagaram","chinakodepudi",11,,,11,,
241,"04_E_31-2_15-007","EG-G-BkW- Sitanagaram","Nagampalli",0,0,,0,,
242,"04_E_31-2_15-007","EG-G-BkW- Sitanagaram","Nallagonda",0,0,,0,,
243,"04_E_31-2_15-007","EG-G-BkW- Sitanagaram","Singavaram",1,0,,1,,
244,"04_E_31-2_15-007","EG-G-BkW- Sitanagaram","Sitanagaram",13,0,,13,,
245,"04_E_31-2_15-007","EG-G-BkW- Sitanagaram","Raghudevapuram",22,0,,22,,
246,"04_E_31-2_15-007","EG-G-BkW- Sitanagaram","Kunavaram",0,0,,0,,
247,"04_E_31-2_15-007","EG-G-BkW- Sitanagaram","Muggalla",3,0,,3,,
248,"04_E_31-2_15-007","EG-G-BkW- Sitanagaram","Munikudali",0,0,,0,,
249,"04_E_31-2_15-007","EG-G-BkW- Sitanagaram","Katavaram",1,0,,1,,
250,"04_E_31-2_15-007","EG-G-BkW- Sitanagaram","Jalimudi",0,0,,0,,
251,"04_E_31-2_15-007","EG-G-BkW- Sitanagaram","Bobbilanka",0,0,,0,,
252,"04_E_31-2_15-007","EG-G-BkW- Sitanagaram","Penikalapudi",0,0,,0,,
253,"04_E_31-2_15-007","EG-G-BkW- Sitanagaram","Dirisenapalli",0,0,,0,,
254,"04_E_31-2_15-007","EG-G-BkW- Sitanagaram","Narasapuram",0,0,,0,,
255,"04_E_31-2_15-007","EG-G-BkW- Sitanagaram","K.Yerrampalem",0,0,,0,,
256,"04_E_31-2_15-007","EG-G-BkW- Sitanagaram","Foulkspeta",0,0,,0,,
257,"04_E_31-2_15-007","EG-G-BkW- Sitanagaram","Devarathigudem",0,0,,0,,
258,"04_E_31-2_15-007","EG-G-BkW- Sitanagaram","Kannavaram",,,,0,,
259,"04_E_31-2_15-007","EG-G-BkW- Sitanagaram","M.Burugubanda",,,,0,,
260,"04_E_31-2_15-007","EG-G-BkW- Sitanagaram","Forest",,,,0,,
261,"04_F_17_09-030","EG-MHG-Pp- Sankhavaram","Lododdi",0,,,0,,
262,"04_F_17_09-030","EG-MHG-Pp- Sankhavaram","Pudedu",0,,,0,,
263,"04_F_17_09-030","EG-MHG-Pp- Sankhavaram","Kesavaram",0,,,0,,
264,"04_F_17_09-030","EG-MHG-Pp- Sankhavaram","Pakalti",0,,,0,,
265,"04_F_17_09-030","EG-MHG-Pp- Sankhavaram","Forest",0,,,0,,
266,"04_F_17_09-030","EG-MHG-Pp- Sankhavaram","Satyavaram",0,,,0,,
267,"04_F_17_09-030","EG-MHG-Pp- Sankhavaram","Kotturu",0,,,0,,
268,"04_F_17_09-030","EG-MHG-Pp- Sankhavaram","Dabbadi",0,,,0,,
269,"04_F_17_09-030","EG-MHG-Pp- Sankhavaram","Raghavapatnam",0,,,0,,
270,"04_F_17_09-030","EG-MHG-Pp- Sankhavaram","Ginnelaram",0,,,0,,
271,"04_F_17_09-030","EG-MHG-Pp- Sankhavaram","Jaldam",0,,,0,,
272,"04_F_17_09-030","EG-MHG-Pp- Sankhavaram","Pedduru",0,,,0,,
273,"04_F_17_09-030","EG-MHG-Pp- Sankhavaram","D.Pidapala",0,,,0,,
274,"04_F_17_09-030","EG-MHG-Pp- Sankhavaram","S.Pidipala",0,,,0,,
275,"04_F_17_09-030","EG-MHG-Pp- Sankhavaram","Balaramapuram",0,,,0,,
276,"04_F_17_09-030","EG-MHG-Pp- Sankhavaram","B.B.Patnam",0,,,0,,
277,"04_F_17_09-030","EG-MHG-Pp- Sankhavaram","Gummaregula",0,,,0,,
278,"04_F_17_09-030","EG-MHG-Pp- Sankhavaram","Lachireddipalem",0,,,0,,
279,"04_F_17_09-030","EG-MHG-Pp- Sankhavaram","Uppampalem",0,,,0,,
280,"04_F_17_09-030","EG-MHG-Pp- Sankhavaram","Sarlanka",0,0,,0,,
281,"04_F_17_09-030","EG-MHG-Pp- Sankhavaram","Challeru",0,,,0,,
282,"04_F_17_09-030","EG-MHG-Pp- Sankhavaram","Mulagapudi",0,,,0,,
283,"04_F_17_09-030","EG-MHG-Pp- Sankhavaram","Chakirevulapalem",0,0,,0,,
284,"04_F_17_09-030","EG-MHG-Pp- Sankhavaram","Tirupathammapet",0,,,0,,
285,"04_F_17_09-030","EG-MHG-Pp- Sankhavaram","A.Mallavaram",0,,,0,,
286,"04_F_17_09-030","EG-MHG-Pp- Sankhavaram","Kondapalem",0,,,0,,
287,"04_F_17_09-030","EG-MHG-Pp- Sankhavaram","Vondregula",0,0,,0,,
288,"04_F_17_09-030","EG-MHG-Pp- Sankhavaram","Avelthi",0,,,0,,
289,"04_F_17_09-030","EG-MHG-Pp- Sankhavaram","Velangi",0,,,0,,
290,"04_F_17_09-030","EG-MHG-Pp- Sankhavaram","D.Mallapuram",0,,,0,,
291,"04_F_17_09-030","EG-MHG-Pp- Sankhavaram","K.Polavaram",0,,,0,,
292,"04_F_17_09-030","EG-MHG-Pp- Sankhavaram","Ankampalem",0,,,0,,
293,"04_F_17_09-030","EG-MHG-Pp- Sankhavaram","P.Mallapuram",0,,,0,,
294,"04_F_17_09-030","EG-MHG-Pp- Sankhavaram","Yerakapuram",0,,,0,,
295,"04_F_17_09-030","EG-MHG-Pp- Sankhavaram","Srungadara",0,,,0,,
296,"04_F_17_09-030","EG-MHG-Pp- Sankhavaram","Siddivanipalem",0,,,0,,
297,"04_F_17_09-030","EG-MHG-Pp- Sankhavaram","Rowtalapudi",0,,,0,,
298,"04_F_17_09-030","EG-MHG-Pp- Sankhavaram","Gidijam",0,,,0,,
299,"04_F_17_09-030","EG-MHG-Pp- Sankhavaram","S.Agraharam",0,,,0,,
300,"04_F_17_09-030","EG-MHG-Pp- Sankhavaram","Koduru",0,,,0,,
301,"04_F_17_09-030","EG-MHG-Pp- Sankhavaram","Parupaka",0,,,0,,
302,"04_F_17_09-030","EG-MHG-Pp- Sankhavaram","P.Chamavaram",0,,,0,,
303,"04_F_17_09-030","EG-MHG-Pp- Sankhavaram","M.Chamavaram",0,,,0,,
304,"04_F_17_09-030","EG-MHG-Pp- Sankhavaram","Srungavaram",0,,,0,,
305,"04_F_17_09-030","EG-MHG-Pp- Sankhavaram","Gavarampeta",0,2,,2,,
306,"04_F_17_09-030","EG-MHG-Pp- Sankhavaram","Jagannadhapuram",0,,,0,,
307,"04_F_17_09-030","EG-MHG-Pp- Sankhavaram","Masampalli",0,,,0,,
308,"04_F_17_09-030","EG-MHG-Pp- Sankhavaram","G.Kottapalli",0,,,0,,
309,"04_F_17_09-030","EG-MHG-Pp- Sankhavaram","V.Venkatapuram",0,1,,1,,
310,"04_F_17_09-030","EG-MHG-Pp- Sankhavaram","Sankavaram",0,8,,8,,
311,"04_F_17_09-030","EG-MHG-Pp- Sankhavaram","Mandapam",0,,,0,,
312,"04_F_17_09-030","EG-MHG-Pp- Sankhavaram","Annavaram",0,0,,0,,
313,"04_F_17_09-030","EG-MHG-Pp- Sankhavaram","Jaggampeta",0,0,,0,,
314,"04_F_17_09-030","EG-MHG-Pp- Sankhavaram","Ammirekhala",0,0,,0,,
315,"04_F_17_09-030","EG-MHG-Pp- Sankhavaram","Anumarthi",0,0,,0,,
316,"04_F_17_09-030","EG-MHG-Pp- Sankhavaram","Anantharam",0,0,,0,,
317,"04_F_17_09-030","EG-MHG-Pp- Sankhavaram","China Mallapuram",0,0,,0,,
318,"04_F_17_09-030","EG-MHG-Pp- Sankhavaram","D.Jagannadhapuram",0,,,0,,
319,"04_F_17_09-030","EG-MHG-Pp- Sankhavaram","Billawaka",0,,,0,,
320,"04_F_17_09-030","EG-MHG-Pp- Sankhavaram","Arempudi",0,0,,0,,
321,"04_F_17_09-030","EG-MHG-Pp- Sankhavaram","Kondempudi",0,0,,0,,
322,"04_F_17_09-030","EG-MHG-Pp- Sankhavaram","Achampeta",0,0,,0,,
323,"04_F_17_09-030","EG-MHG-Pp- Sankhavaram","Gondhi",0,0,,0,,
324,"04_F_17_09-030","EG-MHG-Pp- Sankhavaram","Rajaram",0,0,,0,,
325,"04_F_17_09-030","EG-MHG-Pp- Sankhavaram","Konthangi",0,0,,0,,
326,"04_F_17_09-030","EG-MHG-Pp- Sankhavaram","Nellipudi",0,0,,0,,
327,"04_F_17_09-030","EG-MHG-Pp- Sankhavaram","Forest",0,0,,0,,
328,"04_F_17_09-030","EG-MHG-Pp- Sankhavaram","Bendapudi",7,0,,7,,
329,"04_F_17_09-030","EG-MHG-Pp- Sankhavaram","Gopalapatnam",3,0,,3,,
330,"04_F_17_09-030","EG-MHG-Pp- Sankhavaram","P.Agraharam",,0,,0,,
331,"04_F_17_09-030","EG-MHG-Pp- Sankhavaram","Thondangi",6,0,,6,,
332,"04_F_17_09-030","EG-MHG-Pp- Sankhavaram","Krishnapuram",3,0,,3,,
333,"04_F_17_09-030","EG-MHG-Pp- Sankhavaram","Pydikonda",,0,,0,,
334,"04_F_17_09-030","EG-MHG-Pp- Sankhavaram","Anuru",,0,,0,,
335,"04_F_17_09-030","EG-MHG-Pp- Sankhavaram","Vemavaram",,0,,0,,
336,"04_F_17_09-030","EG-MHG-Pp- Sankhavaram","Kona",,0,,0,,
337,"04_F_17_09-030","EG-MHG-Pp- Sankhavaram","Srunagavruksham",0,0,,0,,
338,"04_F_17_09-030","EG-MHG-Pp- Sankhavaram","A.Kottapalli",4,0,,4,,
339,"04_F_17_09-030","EG-MHG-Pp- Sankhavaram","P.E.Ch.Palem",1,0,,1,,
340,"04_F_17_09-030","EG-MHG-Pp- Sankhavaram","Ravikampudi",1,0,,1,,
341,"04_F_17_09-030","EG-MHG-Pp- Sankhavaram","Kommanapalli",3,0,,3,,
342,"04_F_17_09-030","EG-MHG-Pp- Sankhavaram","A.V.Nagaram",3,0,,3,,
343,"04_F_17_09-030","EG-MHG-Pp- Sankhavaram","Tetagunta",9,0,,9,,
344,"04_F_17_09-030","EG-MHG-Pp- Sankhavaram","Hamsavaram",2,0,,2,,
345,"04_F_17_09-030","EG-MHG-Pp- Sankhavaram","Thaduvai",0,0,,0,,
346,"04_F_17_09-030","EG-MHG-Pp- Sankhavaram","Doparthi",0,0,,0,,
347,"04_F_17_09-030","EG-MHG-Pp- Sankhavaram","Bavuruvaka",0,,,0,,
348,"04_F_17_09-030","EG-MHG-Pp- Sankhavaram","U.JNPuram",0,1,,1,,
349,"04_F_18_10-037","EG-MHG-Sg- Prathipadu","Vatangi",0,0,,0,,
350,"04_F_18_10-037","EG-MHG-Sg- Prathipadu","Chikilinta",0,0,,0,,
351,"04_F_18_10-037","EG-MHG-Sg- Prathipadu","Peddarellampadu",0,0,,0,,
352,"04_F_18_10-037","EG-MHG-Sg- Prathipadu","Peddagarangi",0,0,,0,,
353,"04_F_18_10-037","EG-MHG-Sg- Prathipadu","Karridevulapalem",0,0,,0,,
354,"04_F_18_10-037","EG-MHG-Sg- Prathipadu","Kondalingamparti",0,0,,0,,
355,"04_F_18_10-037","EG-MHG-Sg- Prathipadu","Kothapalli",0,0,,0,,
356,"04_F_18_10-037","EG-MHG-Sg- Prathipadu","Balajipadu",0,0,,0,,
357,"04_F_18_10-037","EG-MHG-Sg- Prathipadu","Vanchangi",0,0,,0,,
358,"04_F_18_10-037","EG-MHG-Sg- Prathipadu","Maredbaka",0,0,,0,,
359,"04_F_18_10-037","EG-MHG-Sg- Prathipadu","Vagurti",0,0,,0,,
360,"04_F_18_10-037","EG-MHG-Sg- Prathipadu","Vegipalem",0,0,,0,,
361,"04_F_18_10-037","EG-MHG-Sg- Prathipadu","Forest",0,0,,0,,
362,"04_F_18_10-037","EG-MHG-Sg- Prathipadu","Kondapalli",0,0,,0,,
363,"04_F_18_10-037","EG-MHG-Sg- Prathipadu","Bapannadara",0,0,,0,,
364,"04_F_18_10-037","EG-MHG-Sg- Prathipadu","Ulligogula",0,0,,0,,
365,"04_F_18_10-037","EG-MHG-Sg- Prathipadu","Buradakota",0,0,,0,,
366,"04_F_18_10-037","EG-MHG-Sg- Prathipadu","Girijanapuram",0,0,,0,,
367,"04_F_18_10-037","EG-MHG-Sg- Prathipadu","Mettuchinta",0,0,,0,,
368,"04_F_18_10-037","EG-MHG-Sg- Prathipadu","Pandavulapalem",0,0,,0,,
369,"04_F_18_10-037","EG-MHG-Sg- Prathipadu","Gokavaram",0,0,,0,,
370,"04_F_18_10-037","EG-MHG-Sg- Prathipadu","Vemulapalem",0,0,,0,,
371,"04_F_18_10-037","EG-MHG-Sg- Prathipadu","Peddipalem",0,0,,0,,
372,"04_F_18_10-037","EG-MHG-Sg- Prathipadu","Podurupaka",0,0,,0,,
373,"04_F_18_10-037","EG-MHG-Sg- Prathipadu","Totapalli",0,0,,0,,
374,"04_F_18_10-037","EG-MHG-Sg- Prathipadu","Chintaluru",0,0,,0,,
375,"04_F_18_10-037","EG-MHG-Sg- Prathipadu","Sarabhavaram",0,0,,0,,
376,"04_F_18_10-037","EG-MHG-Sg- Prathipadu","Uttarakanchi",0,0,,0,,
377,"04_F_18_10-037","EG-MHG-Sg- Prathipadu","Lompakalova",2,0,,2,,
378,"04_F_18_10-037","EG-MHG-Sg- Prathipadu","Peddasankarlapudi",1,0,,1,,
379,"04_F_18_10-037","EG-MHG-Sg- Prathipadu","Chinasankarlapudi",0,0,,0,,
380,"04_F_18_10-037","EG-MHG-Sg- Prathipadu","P.Jagannadhapuram",2,0,,2,,
381,"04_F_18_10-037","EG-MHG-Sg- Prathipadu","Eluru",0,0,,0,,
382,"04_F_18_10-037","EG-MHG-Sg- Prathipadu","Vakapalli",0,0,,0,,
383,"04_F_18_10-037","EG-MHG-Sg- Prathipadu","Potuluru",0,1,,1,,
384,"04_F_18_10-037","EG-MHG-Sg- Prathipadu","Ommangi",0,7,,7,,
385,"04_F_18_10-037","EG-MHG-Sg- Prathipadu","Rachapalli",0,3,,3,,
386,"04_F_18_10-037","EG-MHG-Sg- Prathipadu","Dharmavaram",0,13,,13,,
387,"04_F_18_10-037","EG-MHG-Sg- Prathipadu","Prattipadu",0,15,,15,,
388,"04_F_18_10-037","EG-MHG-Sg- Prathipadu","Arelladhara",0,0,,0,,
389,"04_F_18_10-037","EG-MHG-Sg- Prathipadu","Gajjanapudi",2,0,,2,,
390,"04_F_18_10-037","EG-MHG-Sg- Prathipadu","K.Kothapalli",0,0,,0,,
391,"04_F_18_10-037","EG-MHG-Sg- Prathipadu","Kothuru",0,0,,0,,
392,"04_F_18_10-037","EG-MHG-Sg- Prathipadu","K.Mirthivada",0,0,,0,,
393,"04_F_18_10-037","EG-MHG-Sg- Prathipadu","Seemusuru",0,0,,0,,
394,"04_F_18_10-037","EG-MHG-Sg- Prathipadu","Thotakurapalem",0,0,,0,,
395,"04_F_18_10-037","EG-MHG-Sg- Prathipadu","Venkatanagaram",0,2,,2,,
396,"04_F_18_10-037","EG-MHG-Sg- Prathipadu","Vanthada",0,0,,0,,
397,"04_F_18_10-037","EG-MHG-Sg- Prathipadu","Yerakampalem",0,0,,0,,
398,"04_F_18_10-037","EG-MHG-Sg- Prathipadu","Veldurti",0,0,,0,,
399,"04_F_18_10-037","EG-MHG-Sg- Prathipadu","Dontamuru",2,0,,2,,
400,"04_F_18_10-037","EG-MHG-Sg- Prathipadu","Rayavaram",0,0,,0,,
401,"04_F_18_10-037","EG-MHG-Sg- Prathipadu","Kodavali",0,4,,4,,
402,"04_F_18_10-037","EG-MHG-Sg- Prathipadu","Chendurti",0,3,,3,,
403,"04_F_18_10-037","EG-MHG-Sg- Prathipadu","Vannepudi",0,2,,2,,
404,"04_F_18_10-037","EG-MHG-Sg- Prathipadu","Chinajaggannapeta",0,0,,0,,
405,"04_F_18_10-037","EG-MHG-Sg- Prathipadu","Tatiparti",0,4,,4,,
406,"04_F_18_10-037","EG-MHG-Sg- Prathipadu","Chebrolu",10,,,10,,
407,"04_F_18_10-037","EG-MHG-Sg- Prathipadu","Gollaprolu",56,0,,56,,
408,"04_F_18_10-037","EG-MHG-Sg- Prathipadu","Durgada",0,3,,3,,
409,"04_F_18_10-037","EG-MHG-Sg- Prathipadu","Laxmipuram",0,0,,0,,
410,"04_F_18_10-037","EG-MHG-Sg- Prathipadu","Mallavaram",2,0,,2,,
411,"04_F_18_10-037","EG-MHG-Sg- Prathipadu","Seethanagaram",0,0,,0,,
412,"04_F_18_10-037","EG-MHG-Sg- Prathipadu","Vijayanagaram",,0,,0,,
413,"04_F_18_10-037","EG-MHG-Sg- Prathipadu","Ramanakkapeta",30,0,,30,,
414,"04_F_18_10-037","EG-MHG-Sg- Prathipadu","Ponnada",0,0,,0,,
415,"04_F_18_10-037","EG-MHG-Sg- Prathipadu","Mulapeta",1,0,,1,,
416,"04_F_18_10-037","EG-MHG-Sg- Prathipadu","Amaravilli",23,0,,23,,
417,"04_F_18_10-037","EG-MHG-Sg- Prathipadu","Vazrakutam",0,0,,0,,
418,"04_F_18_10-037","EG-MHG-Sg- Prathipadu","Ramannapalem",0,0,,0,,
419,"04_F_18_10-037","EG-MHG-Sg- Prathipadu","Kathipudi",0,21,,21,,
420,"04_F_18_10-037","EG-MHG-Sg- Prathipadu","Seethaympeta",0,0,,0,,
421,"04_F_18_10-037","EG-MHG-Sg- Prathipadu","Forest",0,0,,0,,
422,"04_F_16-1_05-011","EG-MHG-ThE- Kotananduru","Bhimavarapukota",0,0,,0,,
423,"04_F_16-1_05-011","EG-MHG-ThE- Kotananduru","Surapurajupeta",1,0,,1,,
424,"04_F_16-1_05-011","EG-MHG-ThE- Kotananduru","Billananduru",1,0,,1,,
425,"04_F_16-1_05-011","EG-MHG-ThE- Kotananduru","Indugapalli",3,0,,3,,
426,"04_F_16-1_05-011","EG-MHG-ThE- Kotananduru","T.Jaganadhapuram",2,0,,2,,
427,"04_F_16-1_05-011","EG-MHG-ThE- Kotananduru","Boddavaram",2,0,,2,,
428,"04_F_16-1_05-011","EG-MHG-ThE- Kotananduru","Kakarapalli",7,0,,7,,
429,"04_F_16-1_05-011","EG-MHG-ThE- Kotananduru","K.O.Mallavaram",0,2,,2,,
430,"04_F_16-1_05-011","EG-MHG-ThE- Kotananduru","Rapaka",0,0,,0,,
431,"04_F_16-1_05-011","EG-MHG-ThE- Kotananduru","Dondavaka",0,1,,1,,
432,"04_F_16-1_05-011","EG-MHG-ThE- Kotananduru","D.Polavaram",5,0,,5,,
433,"04_F_16-1_05-011","EG-MHG-ThE- Kotananduru","Ch.Agraharam",0,0,,0,,
434,"04_F_16-1_05-011","EG-MHG-ThE- Kotananduru","Atikivanipalem",0,0,,0,,
435,"04_F_16-1_05-011","EG-MHG-ThE- Kotananduru","Nandivompu",0,0,,0,,
436,"04_F_16-1_05-011","EG-MHG-ThE- Kotananduru","Kothakonda",0,0,,0,,
437,"04_F_16-1_05-011","EG-MHG-ThE- Kotananduru","Maruvada",0,1,,1,,
438,"04_F_16-1_05-011","EG-MHG-ThE- Kotananduru","Rekavanipalem",0,0,,0,,
439,"04_F_19-5_19-016","EG-MHG-Yle- Kirlampudi","Eleswaram",49,0,,49,,
440,"04_F_19-5_19-016","EG-MHG-Yle- Kirlampudi","Ramanayyapeta",0,0,,0,,
441,"04_F_19-5_19-016","EG-MHG-Yle- Kirlampudi","Lakshmipuram",0,0,,0,,
442,"04_F_19-5_19-016","EG-MHG-Yle- Kirlampudi","Bhadravaram",0,0,,0,,
443,"04_F_19-5_19-016","EG-MHG-Yle- Kirlampudi","Yerravaram",5,0,,5,,
444,"04_F_19-5_19-016","EG-MHG-Yle- Kirlampudi","Peddanapalli",0,0,,0,,
445,"04_F_19-5_19-016","EG-MHG-Yle- Kirlampudi","Peravaram",0,0,,0,,
446,"04_F_19-5_19-016","EG-MHG-Yle- Kirlampudi","Tirumali",4,0,,4,,
447,"04_F_19-5_19-016","EG-MHG-Yle- Kirlampudi","Lingamparthi",1,0,,1,,
448,"04_F_19-5_19-016","EG-MHG-Yle- Kirlampudi","Siripuram",0,0,,0,,
449,"04_F_19-5_19-016","EG-MHG-Yle- Kirlampudi","Jagapathinagaram",0,0,,0,,
450,"04_F_19-5_19-016","EG-MHG-Yle- Kirlampudi","Chillangi",0,0,,0,,
451,"04_F_19-5_19-016","EG-MHG-Yle- Kirlampudi","Ramakrishnapuram",0,0,,0,,
452,"04_F_19-5_19-016","EG-MHG-Yle- Kirlampudi","Geddanapalli",0,0,,0,,
453,"04_F_19-5_19-016","EG-MHG-Yle- Kirlampudi","Bhupalapatnam",0,0,,0,,
454,"04_F_19-5_19-016","EG-MHG-Yle- Kirlampudi","S.Timmapuram",0,0,,0,,
455,"04_F_19-5_19-016","EG-MHG-Yle- Kirlampudi","S.R.Palem",0,0,,0,,
456,"04_F_19-5_19-016","EG-MHG-Yle- Kirlampudi","Velanka",0,0,,0,,
457,"04_F_19-5_19-016","EG-MHG-Yle- Kirlampudi","Kirlampudi",0,0,,0,,
458,"04_F_19-5_19-016","EG-MHG-Yle- Kirlampudi","Gokiwada",0,0,,0,,
459,"04_F_19-5_19-016","EG-MHG-Yle- Kirlampudi","Raparti",1,0,,1,,
460,"04_F_19-5_19-016","EG-MHG-Yle- Kirlampudi","J.R.Puram",0,0,,0,,
461,"04_F_19-5_19-016","EG-MHG-Yle- Kirlampudi","B.Kotturu",1,0,,1,,
462,"04_F_19-5_19-016","EG-MHG-Yle- Kirlampudi","Bhogapuram",1,0,,1,,
463,"04_F_19-5_19-016","EG-MHG-Yle- Kirlampudi","Isukapalli",1,0,,1,,
464,"04_F_19-5_19-016","EG-MHG-Yle- Kirlampudi","Nagulapalli",12,0,,12,,
465,"04_F_19-5_19-016","EG-MHG-Yle- Kirlampudi","Kothurupadu",0,0,,0,,
466,"04_F_19-5_19-016","EG-MHG-Yle- Kirlampudi","Puligogulapadu",0,0,,0,,
467,"04_F_19-5_19-016","EG-MHG-Yle- Kirlampudi","Kothurupadu",0,0,,0,,
468,"04_F_19-5_19-016","EG-MHG-Yle- Kirlampudi","Sarampedapadu",0,0,,0,,
469,"04_F_19-5_19-016","EG-MHG-Yle- Kirlampudi","Kimmuru",0,0,,0,,
470,"04_F_19-5_19-016","EG-MHG-Yle- Kirlampudi","Gontuvanipalem",0,0,,0,,
471,"04_F_19-5_19-016","EG-MHG-Yle- Kirlampudi","Forest",0,0,,0,,
472,"04_F_16-2_06-017","EG-MHG-ThW-Tuni","Diguvasivada",,1,,1,,
473,"04_F_16-2_06-017","EG-MHG-ThW-Tuni","Surampeta",,,,0,,
474,"04_F_16-2_06-017","EG-MHG-ThW-Tuni","K.E.Ch.Palem",1,,,1,,
475,"04_F_16-2_06-017","EG-MHG-ThW-Tuni","L.D.Peta",,,,0,,
476,"04_F_16-2_06-017","EG-MHG-ThW-Tuni","Kotananduru",17,,,17,,
477,"04_F_16-2_06-017","EG-MHG-ThW-Tuni","K.Mallavaram",1,,,1,,
478,"04_F_16-2_06-017","EG-MHG-ThW-Tuni","Arthamoor",5,,,5,,
479,"04_F_16-2_06-017","EG-MHG-ThW-Tuni","K.Agraharam",1,,,1,,
480,"04_F_16-2_06-017","EG-MHG-ThW-Tuni","Kottam",,,,0,,
481,"04_F_16-2_06-017","EG-MHG-ThW-Tuni","Venkatanagaram",,,,0,,
482,"04_F_16-2_06-017","EG-MHG-ThW-Tuni","R.Venkatapuram",,,,0,,
483,"04_F_16-2_06-017","EG-MHG-ThW-Tuni","Yoguvsivada  ",,,,0,,
484,"04_F_16-2_06-017","EG-MHG-ThW-Tuni","Y.Dharapalli",,,,0,,
485,"04_F_16-2_06-017","EG-MHG-ThW-Tuni","Gangavaram",,,,0,,
486,"04_F_16-2_06-017","EG-MHG-ThW-Tuni","Rajavaram",,,,0,,
487,"04_F_16-2_06-017","EG-MHG-ThW-Tuni","R.K.Puram",,,,0,,
488,"04_F_16-2_06-017","EG-MHG-ThW-Tuni","Dharakonda",,,,0,,
489,"04_F_16-2_06-017","EG-MHG-ThW-Tuni","Diguava Dharapalli",,,,0,,
490,"04_F_16-2_06-017","EG-MHG-ThW-Tuni","Allipudi",5,,,5,,
491,"04_F_16-2_06-017","EG-MHG-ThW-Tuni","Kolimeru",1,,,1,,
492,"04_F_16-2_06-017","EG-MHG-ThW-Tuni","N.Suravaram",,,,0,,
493,"04_F_16-2_06-017","EG-MHG-ThW-Tuni","Talluru",,1,,1,,
494,"04_F_16-2_06-017","EG-MHG-ThW-Tuni","Kavalapadu",,,,0,,
495,"04_F_16-2_06-017","EG-MHG-ThW-Tuni","Kothuru",,,,0,,
496,"04_F_16-2_06-017","EG-MHG-ThW-Tuni","Chepuru",,,,0,,
497,"04_F_16-2_06-017","EG-MHG-ThW-Tuni","Chamavaram",,,,0,,
498,"04_F_16-2_06-017","EG-MHG-ThW-Tuni","Valluru",1,1,,2,,
499,"04_F_16-2_06-017","EG-MHG-ThW-Tuni","S.Annavaram",,,,0,,
500,"04_F_16-2_06-017","EG-MHG-ThW-Tuni","N.N.Patnam",,1,,1,,
501,"04_F_16-2_06-017","EG-MHG-ThW-Tuni","Tuni",56,,,56,,
502,"04_E_34_33-002","EG-G-LGD- Anparthi","Mahendrawada",2,0,,2,,
503,"04_E_34_33-002","EG-G-LGD- Anparthi","Polamuru",3,0,,3,,
504,"04_E_34_33-002","EG-G-LGD- Anparthi","Ramavaram",3,0,,3,,
505,"04_E_34_33-002","EG-G-LGD- Anparthi","Kutukuluru",13,0,,13,,
506,"04_E_34_33-002","EG-G-LGD- Anparthi","Pedaparti",0,0,,0,,
507,"04_E_34_33-002","EG-G-LGD- Anparthi","Pulagurta",1,0,,1,,
508,"04_E_34_34-005","EG-G-LGD- Biccavole","Biccavolu",25,0,,25,,
509,"04_E_34_34-005","EG-G-LGD- Biccavole","Ulapalli",4,0,,4,,
510,"04_E_34_34-005","EG-G-LGD- Biccavole","Pandalapaka",14,0,,14,,
511,"04_E_34_34-005","EG-G-LGD- Biccavole","Tossipudi",1,0,,1,,
512,"04_E_34_34-005","EG-G-LGD- Biccavole","Komaripalem",15,0,,15,,
513,"04_E_34_34-005","EG-G-LGD- Biccavole","Konkuduru",10,0,,10,,
514,"04_E_34_34-005","EG-G-LGD- Biccavole","Molluru",0,0,,0,,
515,"04_E_34_34-005","EG-G-LGD- Biccavole","Arikirevula",0,0,,0,,
516,"04_E_34_31-002","EG-G-LGD- Kadiam","Damireddypalli",1,0,,1,,
517,"04_E_34_31-002","EG-G-LGD- Kadiam","Veeravaram",1,0,,1,,
518,"04_E_34_31-002","EG-G-LGD- Kadiam","Muramanda",8,0,,8,,
519,"04_E_34_31-002","EG-G-LGD- Kadiam","Dulla",15,0,,15,,
520,"04_E_34_23-007","EG-G-LGD- Kakinada","Kovvur",2,0,,2,,
521,"04_E_34_23-007","EG-G-LGD- Kakinada","Thurangi",17,0,,17,,
522,"04_E_34_32-013","EG-G-LGD- Mandapeta","Mernipadu",1,,,1,,
523,"04_E_34_32-013","EG-G-LGD- Mandapeta","Velagatodu",3,,,3,,
524,"04_E_34_32-013","EG-G-LGD- Mandapeta","Palatodu",1,,,1,,
525,"04_E_34_32-013","EG-G-LGD- Mandapeta","Ippanapadu",5,,,5,,
526,"04_E_34_32-013","EG-G-LGD- Mandapeta","Tapeswram",16,,,16,,
527,"04_E_34_32-013","EG-G-LGD- Mandapeta","Artamuru",17,,,17,,
528,"04_E_34_32-013","EG-G-LGD- Mandapeta","Maredubaka",4,,,4,,
529,"04_E_34_32-013","EG-G-LGD- Mandapeta","Mandapeta",104,,,104,,
530,"04_E_34_32-013","EG-G-LGD- Mandapeta","Yeditha",129,,,129,,
531,"04_E_34_35-003","EG-G-LGD- Pedapudi","G.Mamidada",19,,,19,,
532,"04_E_34_35-003","EG-G-LGD- Pedapudi","Peddada",1,,,1,,
533,"04_E_34_35-003","EG-G-LGD- Pedapudi","Pedapudi",11,,,11,,
534,"04_E_34_35-003","EG-G-LGD- Pedapudi","Domada",2,,,2,,
535,"04_E_34_35-003","EG-G-LGD- Pedapudi","Karakuduru",9,,,9,,
536,"04_E_34_35-003","EG-G-LGD- Pedapudi","Kaikavolu",8,,,8,,
537,"04_E_34_35-003","EG-G-LGD- Pedapudi","Kumarapriyam",1,,,1,,
538,"04_E_34_35-003","EG-G-LGD- Pedapudi","Puttakonda",0,,,0,,
539,"04_E_34_35-003","EG-G-LGD- Pedapudi","Gandredu",2,,,2,,
540,"04_E_34_35-003","EG-G-LGD- Pedapudi","Rajupalem",1,,,1,,
541,"04_E_34_35-003","EG-G-LGD- Pedapudi","Pyna",2,,,2,,
542,"04_E_34_35-003","EG-G-LGD- Pedapudi","Vendra",2,,,2,,
543,"04_E_34_35-003","EG-G-LGD- Pedapudi","Chintapalli",1,,,1,,
544,"04_E_34_35-003","EG-G-LGD- Pedapudi","Sampara",5,,,5,,
545,"04_E_34_35-003","EG-G-LGD- Pedapudi","Kandregula",7,,,7,,
546,"04_E_34_35-003","EG-G-LGD- Pedapudi","Shahapuram",2,,,2,,
547,"04_E_34_49-005","EG-G-LGD- Ainavilli","Nedunuru",14,,,14,,
548,"04_E_34_49-005","EG-G-LGD- Ainavilli","S.Savaram",,,,0,,
549,"04_E_34_49-005","EG-G-LGD- Ainavilli","Vilasa",4,,,4,,
550,"04_E_34_49-005","EG-G-LGD- Ainavilli","Siripalli",8,,,8,,
551,"04_E_34_49-005","EG-G-LGD- Ainavilli","Madupalli",1,,,1,,
552,"04_E_34_49-005","EG-G-LGD- Ainavilli","Chintanalanka",,,,0,,
553,"04_E_34_49-005","EG-G-LGD- Ainavilli","Veluvalapalli",9,,,9,,
554,"04_E_34_49-005","EG-G-LGD- Ainavilli","Ainvilli",11,,,11,,
555,"04_E_34_49-005","EG-G-LGD- Ainavilli","Veeravallipalem",,,,0,,
556,"04_E_34_49-005","EG-G-LGD- Ainavilli","K.Jagannadhapuram",5,,,5,,
557,"04_E_34_49-005","EG-G-LGD- Ainavilli","Tottaramudi",6,,,6,,
558,"04_E_34_49-005","EG-G-LGD- Ainavilli","Sanapallilanka",9,,,9,,
559,"04_E_34_49-005","EG-G-LGD- Ainavilli","Kondukuduru",,,,0,,
560,"04_E_34_49-005","EG-G-LGD- Ainavilli","Potukurru",14,,,14,,
561,"04_E_34_49-005","EG-G-LGD- Ainavilli","Krapa",8,,,8,,
562,"04_E_34_49-005","EG-G-LGD- Ainavilli","Magham",8,,,8,,
563,"04_E_34_49-005","EG-G-LGD- Ainavilli","Kotipallibhaga",,,,0,,
564,"04_E_34_42-011","EG_G_LGD_ Alamuru","B.V.Lanka",1,,,1,,
565,"04_E_34_42-011","EG_G_LGD_ Alamuru","Madiki",3,,,3,,
566,"04_E_34_42-011","EG_G_LGD_ Alamuru","Choppella",3,,,3,,
567,"04_E_34_42-011","EG_G_LGD_ Alamuru","Narsipudi",3,,,3,,
568,"04_E_34_42-011","EG_G_LGD_ Alamuru","Modukurru",3,,,3,,
569,"04_E_34_42-011","EG_G_LGD_ Alamuru","Gummileru",1,,,1,,
570,"04_E_34_42-011","EG_G_LGD_ Alamuru","Navabpeta",1,,,1,,
571,"04_E_34_42-011","EG_G_LGD_ Alamuru","Jonnada",4,,,4,,
572,"04_E_34_42-011","EG_G_LGD_ Alamuru","Penikeru",1,,,1,,
573,"04_E_34_42-011","EG_G_LGD_ Alamuru","Kalavacherla",0,,,0,,
574,"04_E_34_42-011","EG_G_LGD_ Alamuru","Aalamuru",14,,,14,,
575,"04_E_34_42-011","EG_G_LGD_ Alamuru","Pedapalla",5,,,5,,
576,"04_E_34_42-011","EG_G_LGD_ Alamuru","Pinapalla",0,,,0,,
577,"04_E_34_42-011","EG_G_LGD_ Alamuru","Sandhipudi",0,,,0,,
578,"04_E_34_42-011","EG_G_LGD_ Alamuru","Chintaluru",6,,,6,,
579,"04_E_34_54-006","EG-G-LGD- Amalapuram","Bhatnavilli",17,,,17,,
580,"04_E_34_54-006","EG-G-LGD- Amalapuram","A.Vemavaram",4,,,4,,
581,"04_E_34_54-006","EG-G-LGD- Amalapuram","Nallamilli",1,,,1,,
582,"04_E_34_54-006","EG-G-LGD- Amalapuram","Janupalli",0,,,0,,
583,"04_E_34_54-006","EG-G-LGD- Amalapuram","Nadipudi",3,,,3,,
584,"04_E_34_54-006","EG-G-LGD- Amalapuram","Palagummi",0,,,0,,
585,"04_E_34_54-006","EG-G-LGD- Amalapuram","Bandarlanka",5,,,5,,
586,"04_E_34_54-006","EG-G-LGD- Amalapuram","Edarapalli",3,,,3,,
587,"04_E_34_54-006","EG-G-LGD- Amalapuram","Indupalli",5,,,5,,
588,"04_E_34_54-006","EG-G-LGD- Amalapuram","Sakurru",0,,,0,,
589,"04_E_34_54-006","EG-G-LGD- Amalapuram","G.Agraharam",0,,,0,,
590,"04_E_34_54-006","EG-G-LGD- Amalapuram","Peruru",18,,,18,,
591,"04_E_34_54-006","EG-G-LGD- Amalapuram","Immidivarappadu",1,,,1,,
592,"04_E_34_54-006","EG-G-LGD- Amalapuram","Thandavapalli",5,,,5,,
593,"04_E_34_54-006","EG-G-LGD- Amalapuram","Samanasa",4,,,4,,
594,"04_E_34_54-006","EG-G-LGD- Amalapuram","Vannechintalapudi",41,,,41,,
595,"04_E_34_54-006","EG-G-LGD- Amalapuram","Amalapuram(R)",0,,,0,,
596,"04_E_34_54-006","EG-G-LGD- Amalapuram","Amalapuram(U)",84,,,84,,
597,"04_E_34_48-005","EGG_LGD_ Ambajipeta","Pasupalii",1,,,1,,
598,"04_E_34_48-005","EGG_LGD_ Ambajipeta","Vakkalanka",0,,,0,,
599,"04_E_34_48-005","EGG_LGD_ Ambajipeta","Mukkamala",3,,,3,,
600,"04_E_34_48-005","EGG_LGD_ Ambajipeta","Irusumanada",2,,,2,,
601,"04_E_34_48-005","EGG_LGD_ Ambajipeta","Mosalapalli",1,,,1,,
602,"04_E_34_48-005","EGG_LGD_ Ambajipeta","Gangalakurru",5,,,5,,
603,"04_E_34_48-005","EGG_LGD_ Ambajipeta","Machavaram",,,,0,,
604,"04_E_34_48-005","EGG_LGD_ Ambajipeta","Nandampudi",,,,0,,
605,"04_E_34_48-005","EGG_LGD_ Ambajipeta","Thondavaram",,,,0,,
606,"04_E_34_48-005","EGG_LGD_ Ambajipeta","Chirutapudi",3,,,3,,
607,"04_E_34_48-005","EGG_LGD_ Ambajipeta","Pulletikurru",4,,,4,,
608,"04_E_34_48-005","EGG_LGD_ Ambajipeta","K.Pedapudi",1,,,1,,
609,"04_E_34_48-005","EGG_LGD_ Ambajipeta","Isukapudi",3,,,3,,
610,"04_E_34_43-008","EG-G-LGD- Atreyapuram","Rajavaram",,,,0,,
611,"04_E_34_43-008","EG-G-LGD- Atreyapuram","Peravaram",3,,,3,,
612,"04_E_34_43-008","EG-G-LGD- Atreyapuram","Velicheru",3,,,3,,
613,"04_E_34_43-008","EG-G-LGD- Atreyapuram","Vaddiparru",2,,,2,,
614,"04_E_34_43-008","EG-G-LGD- Atreyapuram","Pulidindi",,,,0,,
615,"04_E_34_43-008","EG-G-LGD- Atreyapuram","Vuchili",7,,,7,,
616,"04_E_34_43-008","EG-G-LGD- Atreyapuram","Vasantawada",1,,,1,,
617,"04_E_34_43-008","EG-G-LGD- Atreyapuram","Atreyapuram",6,,,6,,
618,"04_E_34_43-008","EG-G-LGD- Atreyapuram","Kattunga",2,,,2,,
619,"04_E_34_43-008","EG-G-LGD- Atreyapuram","Lolla",3,,,3,,
620,"04_E_34_43-008","EG-G-LGD- Atreyapuram","Vadapalli",,,,0,,
621,"04_E_34_43-008","EG-G-LGD- Atreyapuram","Narkedimilli",4,,,4,,
622,"04_E_34_43-008","EG-G-LGD- Atreyapuram","Merlapalem",,,,0,,
623,"04_E_34_43-008","EG-G-LGD- Atreyapuram","Ankampalem",3,,,3,,
624,"04_E_34_43-008","EG-G-LGD- Atreyapuram","Ryali",,,,0,,
625,"04_E_34_45-016","EG_G_LGD_ Kgangavaram","Yendagandi",1,,,1,,
626,"04_E_34_45-016","EG_G_LGD_ Kgangavaram","Pamarru",1,,,1,,
627,"04_E_34_45-016","EG_G_LGD_ Kgangavaram","Amujuru",2,,,2,,
628,"04_E_34_45-016","EG_G_LGD_ Kgangavaram","Panagipalli",0,,,0,,
629,"04_E_34_45-016","EG_G_LGD_ Kgangavaram","Kunduru",2,,,2,,
630,"04_E_34_45-016","EG_G_LGD_ Kgangavaram","Sivala",1,,,1,,
631,"04_E_34_45-016","EG_G_LGD_ Kgangavaram","Yerrapotavaram",2,,,2,,
632,"04_E_34_45-016","EG_G_LGD_ Kgangavaram","Vilasagangavaram",,,,0,,
633,"04_E_34_45-016","EG_G_LGD_ Kgangavaram","Addapalli",,,,0,,
634,"04_E_34_45-016","EG_G_LGD_ Kgangavaram","Balantaram",1,,,1,,
635,"04_E_34_45-016","EG_G_LGD_ Kgangavaram","Gudigallabhaga",,,,0,,
636,"04_E_34_45-016","EG_G_LGD_ Kgangavaram","Gudigallarallagunta",,,,0,,
637,"04_E_34_45-016","EG_G_LGD_ Kgangavaram","Pekeru",,,,0,,
638,"04_E_34_45-016","EG_G_LGD_ Kgangavaram","Kundipuru",,,,0,,
639,"04_E_34_45-016","EG_G_LGD_ Kgangavaram","Dangeru",9,,,9,,
640,"04_E_34_45-016","EG_G_LGD_ Kgangavaram","Gangavaram",21,,,21,,
641,"04_E_34_45-016","EG_G_LGD_ Kgangavaram","Tamarapalli",1,,,1,,
642,"04_E_34_45-016","EG_G_LGD_ Kgangavaram","Satyawada",2,,,2,,
643,"04_E_34_45-016","EG_G_LGD_ Kgangavaram","Kulla",1,,,1,,
644,"04_E_34_45-016","EG_G_LGD_ Kgangavaram","Kotipalli",1,,,1,,
645,"04_E_34_45-016","EG_G_LGD_ Kgangavaram","Sundarapalli",,,,0,,
646,"04_E_34_45-016","EG_G_LGD_ Kgangavaram","Kota",,,,0,,
647,"04_E_34_45-016","EG_G_LGD_ Kgangavaram","Bhatlapalika",1,,,1,,
648,"04_E_34_45-016","EG_G_LGD_ Kgangavaram","Masakapalli",1,,,1,,
649,"04_E_34_46-003","EG_G_LGD_ Kothapeta","Mandapalli",,,,0,,
650,"04_E_34_46-003","EG_G_LGD_ Kothapeta","Vadapalem",3,,,3,,
651,"04_E_34_46-003","EG_G_LGD_ Kothapeta","Kothapeta",31,,,31,,
652,"04_E_34_46-003","EG_G_LGD_ Kothapeta","Palivela",7,,,7,,
653,"04_E_34_46-003","EG_G_LGD_ Kothapeta","Ganti",2,,,2,,
654,"04_E_34_46-003","EG_G_LGD_ Kothapeta","Avidi",3,,,3,,
655,"04_E_34_46-003","EG_G_LGD_ Kothapeta","Billakurru",,,,0,,
656,"04_E_34_46-003","EG_G_LGD_ Kothapeta","Khandrika",,,,0,,
657,"04_E_34_46-003","EG_G_LGD_ Kothapeta","Vanapalli",3,,,3,,
658,"04_E_34_46-003","EG_G_LGD_ Kothapeta","Modekurru",1,,,1,,
659,"04_E_34_41-012","EG_G_LGD_ Kpuram","Nelaturu",,,,0,,
660,"04_E_34_41-012","EG_G_LGD_ Kpuram","Valluru",4,,,4,,
661,"04_E_34_41-012","EG_G_LGD_ Kpuram","Nidasanametta",1,,,1,,
662,"04_E_34_41-012","EG_G_LGD_ Kpuram","Vadlamuru",0,,,0,,
663,"04_E_34_41-012","EG_G_LGD_ Kpuram","Kaleru",,,,0,,
664,"04_E_34_41-012","EG_G_LGD_ Kpuram","Nalluru",,,,0,,
665,"04_E_34_41-012","EG_G_LGD_ Kpuram","Vedurumudi",2,,,2,,
666,"04_E_34_41-012","EG_G_LGD_ Kpuram","Angara",10,,,10,,
667,"04_E_34_41-012","EG_G_LGD_ Kpuram","P.Khandrika",1,,,1,,
668,"04_E_34_41-012","EG_G_LGD_ Kpuram","Teki",4,,,4,,
669,"04_E_34_41-012","EG_G_LGD_ Kpuram","Tatapudi",2,,,2,,
670,"04_E_34_41-012","EG_G_LGD_ Kpuram","K.P.Puram",5,,,5,,
671,"04_E_34_41-012","EG_G_LGD_ Kpuram","Machara",1,,,1,,
672,"04_E_34_41-012","EG_G_LGD_ Kpuram","Vakatippa",1,,,1,,
673,"04_E_34_41-012","EG_G_LGD_ Kpuram","Korimilli",3,,,3,,
674,"04_E_34_50-007","EG-G-LGD- Mummidivaram","Anatavaram",58,,,58,,
675,"04_E_34_50-007","EG-G-LGD- Mummidivaram","Ch.Gunnepalli",20,,,20,,
676,"04_E_34_50-007","EG-G-LGD- Mummidivaram","Krapachintalapudi",12,,,12,,
677,"04_E_34_50-007","EG-G-LGD- Mummidivaram","Mummidivaram",87,,,87,,
678,"04_E_34_50-007","EG-G-LGD- Mummidivaram","Inapuram",,,,0,,
679,"04_E_34_50-007","EG-G-LGD- Mummidivaram","Kothalanka",14,,,14,,
680,"04_E_34_50-007","EG-G-LGD- Mummidivaram","Tanelanka",1,,,1,,
681,"04_E_34_50-007","EG-G-LGD- Mummidivaram","Kommanapalli",,,,0,,
682,"04_E_34_50-007","EG-G-LGD- Mummidivaram","Annampalli",,,,0,,
683,"04_E_34_50-007","EG-G-LGD- Mummidivaram","Gadilanka",10,,,10,,
684,"04_E_34_50-007","EG-G-LGD- Mummidivaram","Kamini",,,,0,,
685,"04_E_34_47-007","EG-G-LGD- Pgannavaram","Manepalli",3,,,3,,
686,"04_E_34_47-007","EG-G-LGD- Pgannavaram","Vadrevupalli",1,,,1,,
687,"04_E_34_47-007","EG-G-LGD- Pgannavaram","Mondepulanka",,,,0,,
688,"04_E_34_47-007","EG-G-LGD- Pgannavaram","Lankalagannavaram",,,,0,,
689,"04_E_34_47-007","EG-G-LGD- Pgannavaram","Yenugupalli",1,,,1,,
690,"04_E_34_47-007","EG-G-LGD- Pgannavaram","V.Kottapalli",,,,0,,
691,"04_E_34_47-007","EG-G-LGD- Pgannavaram","Katharilanka",,,,0,,
692,"04_E_34_47-007","EG-G-LGD- Pgannavaram","Munjavaram",,,,0,,
693,"04_E_34_47-007","EG-G-LGD- Pgannavaram","Karupallipadu",2,,,2,,
694,"04_E_34_47-007","EG-G-LGD- Pgannavaram","Mungandapalem",,,,0,,
695,"04_E_34_47-007","EG-G-LGD- Pgannavaram","Munganda",5,,,5,,
696,"04_E_34_47-007","EG-G-LGD- Pgannavaram","Potavaram",2,,,2,,
697,"04_E_34_47-007","EG-G-LGD- Pgannavaram","Patagannavaram",10,,,10,,
698,"04_E_34_47-007","EG-G-LGD- Pgannavaram","Bellampudi",2,,,2,,
699,"04_E_34_47-007","EG-G-LGD- Pgannavaram","Udimudi",1,,,1,,
700,"04_E_34_47-007","EG-G-LGD- Pgannavaram","Narendrapuram",2,,,2,,
701,"04_E_34_47-007","EG-G-LGD- Pgannavaram","Kundalapalli",,,,0,,
702,"04_E_34_47-007","EG-G-LGD- Pgannavaram","Gantipedapudi",7,,,7,,
703,"04_E_34_44-002","EG_G_LGD_ Ravulapalem","Ubalanka",7,,,7,,
704,"04_E_34_44-002","EG_G_LGD_ Ravulapalem","Ravulapalem",61,,,61,,
705,"04_E_34_44-002","EG_G_LGD_ Ravulapalem","Komarajulanka",1,,,1,,
706,"04_E_34_44-002","EG_G_LGD_ Ravulapalem","Lakshmipolavaram",2,,,2,,
707,"04_E_34_44-002","EG_G_LGD_ Ravulapalem","Vedireswaram",3,,,3,,
708,"04_E_34_44-002","EG_G_LGD_ Ravulapalem","Devarapalli",3,,,3,,
709,"04_E_34_44-002","EG_G_LGD_ Ravulapalem","Ethakota",8,,,8,,
710,"04_E_34_44-002","EG_G_LGD_ Ravulapalem","Podagatlapalli",2,,,2,,
711,"04_E_34_44-002","EG_G_LGD_ Ravulapalem","Juttigapadu",,,,0,,
712,"04_E_34_44-002","EG_G_LGD_ Ravulapalem","Gopalapuram",8,,,8,,
713,"04_E_34_44-002","EG_G_LGD_ Ravulapalem","Mummidivarappadu",,,,0,,
714,"04_E_34_40-002","EG_G_LGD_ Rayavaram","Lolla",1,,,1,,
715,"04_E_34_40-002","EG_G_LGD_ Rayavaram","Vedurupaka",7,,,7,,
716,"04_E_34_40-002","EG_G_LGD_ Rayavaram","Nadurubada",0,,,0,,
717,"04_E_34_40-002","EG_G_LGD_ Rayavaram","Pasalapudi",23,,,23,,
718,"04_E_34_40-002","EG_G_LGD_ Rayavaram","Someswaram",18,,,18,,
719,"04_E_34_40-002","EG_G_LGD_ Rayavaram","Machavaram",7,,,7,,
720,"04_E_34_40-002","EG_G_LGD_ Rayavaram","Chelluru",9,,,9,,
721,"04_E_34_40-002","EG_G_LGD_ Rayavaram","Venturu",4,,,4,,
722,"04_E_34_40-002","EG_G_LGD_ Rayavaram","Kurakallaapalli",,,,0,,
723,"04_E_34_40-002","EG_G_LGD_ Rayavaram","Kurmapuram",0,,,0,,
724,"04_E_34_57-004","EG_G_LGD_ Razole","Sompalli",4,,,4,,
725,"04_E_34_57-004","EG_G_LGD_ Razole","Tatipaka",26,,,26,,
726,"04_E_34_57-004","EG_G_LGD_ Razole","Podalada",0,,,0,,
727,"04_E_34_57-004","EG_G_LGD_ Razole","Razole(u)",12,,,12,,
728,"04_E_34_57-004","EG_G_LGD_ Razole","Razole(R)",,,,0,,
729,"04_E_34_57-004","EG_G_LGD_ Razole","B.Savaram",2,,,2,,
730,"04_E_34_57-004","EG_G_LGD_ Razole","Palagummi",1,,,1,,
731,"04_E_34_57-004","EG_G_LGD_ Razole","Kadali",23,,,23,,
732,"04_E_34_57-004","EG_G_LGD_ Razole","Mulikipalli",,,,0,,
733,"04_E_34_57-004","EG_G_LGD_ Razole","Kunavaram",4,,,4,,
734,"04_E_34_57-004","EG_G_LGD_ Razole","Chintalapalli",31,,,31,,
735,"04_E_34_57-004","EG_G_LGD_ Razole","Sivakodu",18,,,18,,
736,"04_E_34_57-004","EG_G_LGD_ Razole","Ponnamanda",4,,,4,,
737,"04_E_34_57-004","EG_G_LGD_ Razole","Katravupadu",2,,,2,,
738,"04_E_34_39-001","EG_G_LGD_ Rcpuram","Ramachandrapuram",89,,,89,,
739,"04_E_34_39-001","EG_G_LGD_ Rcpuram","Chodavaram",,,,0,,
740,"04_E_34_39-001","EG_G_LGD_ Rcpuram","A.K.Agraharam",,,,0,,
741,"04_E_34_39-001","EG_G_LGD_ Rcpuram","Narasapurapeta",29,,,29,,
742,"04_E_34_39-001","EG_G_LGD_ Rcpuram","Oduru",12,,,12,,
743,"04_E_34_39-001","EG_G_LGD_ Rcpuram","Yanamadala",5,,,5,,
744,"04_E_34_39-001","EG_G_LGD_ Rcpuram","Tadipalli",4,,,4,,
745,"04_E_34_39-001","EG_G_LGD_ Rcpuram","Kapavaram",0,,,0,,
746,"04_E_34_39-001","EG_G_LGD_ Rcpuram","Kandulapalem",2,,,2,,
747,"04_E_34_39-001","EG_G_LGD_ Rcpuram","Vella",2,,,2,,
748,"04_E_34_39-001","EG_G_LGD_ Rcpuram","Yerupalli",0,,,0,,
749,"04_E_34_39-001","EG_G_LGD_ Rcpuram","Mutchumilli",,,,0,,
750,"04_E_34_39-001","EG_G_LGD_ Rcpuram","Utrumilli",,,,0,,
751,"04_E_34_39-001","EG_G_LGD_ Rcpuram","Jaganayukulapalem",3,,,3,,
752,"04_E_34_39-001","EG_G_LGD_ Rcpuram","Velampalem",3,,,3,,
753,"04_E_34_39-001","EG_G_LGD_ Rcpuram","Draksharamam",23,,,23,,
754,"04_E_34_39-001","EG_G_LGD_ Rcpuram","Thotapeta",,,,0,,
755,"04_E_34_39-001","EG_G_LGD_ Rcpuram","Hasanabada",7,,,7,,
756,"04_E_34_39-001","EG_G_LGD_ Rcpuram","Unduru",1,,,1,,
757,"04_E_34_39-001","EG_G_LGD_ Rcpuram","Bhimakosupalm",3,,,3,,
758,"04_E_34_39-001","EG_G_LGD_ Rcpuram","Vegayampeta",14,,,14,,
759,"04_E_34_39-001","EG_G_LGD_ Rcpuram","Vekatayapalem",2,,,2,,
760,"04_E_34_55-002","EG_G_GD_ Allavaram","Bendamurlanka",22,,,22,,
761,"04_E_34_55-002","EG_G_GD_ Allavaram","Komarigiripatnam",54,,,54,,
762,"04_E_34_55-002","EG_G_GD_ Allavaram","Samantakurru",26,,,26,,
763,"04_E_34_55-002","EG_G_GD_ Allavaram","Mogallamuru",29,,,29,,
764,"04_E_34_55-002","EG_G_GD_ Allavaram","Godi",10,,,10,,
765,"04_E_34_55-002","EG_G_GD_ Allavaram","Godilanka",61,,,61,,
766,"04_E_34_55-002","EG_G_GD_ Allavaram","Turupulanka",46,,,46,,
767,"04_E_34_55-002","EG_G_GD_ Allavaram","Devaguptam",7,,,7,,
768,"04_E_34_55-002","EG_G_GD_ Allavaram","Rellagedda",47,,,47,,
769,"04_E_34_55-002","EG_G_GD_ Allavaram","Yentrikona",0,,,0,,
770,"04_E_34_55-002","EG_G_GD_ Allavaram","Tadikona",36,,,36,,
771,"04_E_34_55-002","EG_G_GD_ Allavaram","Gudala",23,,,23,,
772,"04_E_34_55-002","EG_G_GD_ Allavaram","Allavaram",4,,,4,,
773,"04_E_34_55-002","EG_G_GD_ Allavaram","Bodasakurru",55,,,55,,
774,"04_E_34_51-008","EG-G-LGD- Ipolavaram","Pasuvulalanka",8,,,8,,
775,"04_E_34_51-008","EG-G-LGD- Ipolavaram","Muramalla",37,,,37,,
776,"04_E_34_51-008","EG-G-LGD- Ipolavaram","Komarigiri",29,,,29,,
777,"04_E_34_51-008","EG-G-LGD- Ipolavaram","Pata Injaram",5,,,5,,
778,"04_E_34_51-008","EG-G-LGD- Ipolavaram","Edurulanka",5,,,5,,
779,"04_E_34_51-008","EG-G-LGD- Ipolavaram","Guttenadeevi",8,,,8,,
780,"04_E_34_51-008","EG-G-LGD- Ipolavaram","G.vemavaram",17,,,17,,
781,"04_E_34_51-008","EG-G-LGD- Ipolavaram","T.kottapalli",36,,,36,,
782,"04_E_34_51-008","EG-G-LGD- Ipolavaram","I.Polavaram",56,,,56,,
783,"04_E_34_51-008","EG-G-LGD- Ipolavaram","Kesanakurru",57,,,57,,
784,"04_E_34_51-008","EG-G-LGD- Ipolavaram","Tillakuppa",25,,,25,,
785,"04_E_34_38-010","EG_G_LGD_ Kajuluru","Jagannadhagiri",3,,,3,,
786,"04_E_34_38-010","EG_G_LGD_ Kajuluru","Tarlampudi",3,,,3,,
787,"04_E_34_38-010","EG_G_LGD_ Kajuluru","Matukumilli",0,,,0,,
788,"04_E_34_38-010","EG_G_LGD_ Kajuluru","Bandanapudi",8,,,8,,
789,"04_E_34_38-010","EG_G_LGD_ Kajuluru","Aryavatam",49,,,49,,
790,"04_E_34_38-010","EG_G_LGD_ Kajuluru","Gollapalem",29,,,29,,
791,"04_E_34_38-010","EG_G_LGD_ Kajuluru","Sellapaka",24,,,24,,
792,"04_E_34_38-010","EG_G_LGD_ Kajuluru","Manjeru",1,,,1,,
793,"04_E_34_38-010","EG_G_LGD_ Kajuluru","Seela",14,,,14,,
794,"04_E_34_38-010","EG_G_LGD_ Kajuluru","Kajuluru",64,,,64,,
795,"04_E_34_38-010","EG_G_LGD_ Kajuluru","Cheduwada",1,,,1,,
796,"04_E_34_38-010","EG_G_LGD_ Kajuluru","Ithapudi",22,,,22,,
797,"04_E_34_38-010","EG_G_LGD_ Kajuluru","Tanumalla",,,,0,,
798,"04_E_34_38-010","EG_G_LGD_ Kajuluru","Penumalla",13,,,13,,
799,"04_E_34_38-010","EG_G_LGD_ Kajuluru","Andragi",2,,,2,,
800,"04_E_34_38-010","EG_G_LGD_ Kajuluru","Kuyyeru",0,,,0,,
801,"04_E_34_38-010","EG_G_LGD_ Kajuluru","Duggudurru",35,,,35,,
802,"04_E_34_38-010","EG_G_LGD_ Kajuluru","Uppumilli",20,,,20,,
803,"04_E_34_38-010","EG_G_LGD_ Kajuluru","Kolanka",2,,,2,,
804,"04_E_34_38-010","EG_G_LGD_ Kajuluru","Pallipalem",75,,,75,,
805,"04_E_34_36-006","EG_G_LGD_Karapa","Aratlakatta",2,,,2,,
806,"04_E_34_36-006","EG_G_LGD_Karapa","Z.Bhavaram",1,,,1,,
807,"04_E_34_36-006","EG_G_LGD_Karapa","Nadakuduru",10,,,10,,
808,"04_E_34_36-006","EG_G_LGD_Karapa","Penuguduru",3,,,3,,
809,"04_E_34_36-006","EG_G_LGD_Karapa","Koripella",,,,0,,
810,"04_E_34_36-006","EG_G_LGD_Karapa","Karapa",49,,,49,,
811,"04_E_34_36-006","EG_G_LGD_Karapa","Patarlagedda",3,,,3,,
812,"04_E_34_36-006","EG_G_LGD_Karapa","Gorripudi",43,,,43,,
813,"04_E_34_36-006","EG_G_LGD_Karapa","Kongodu",36,,,36,,
814,"04_E_34_36-006","EG_G_LGD_Karapa","Vemulavada",27,,,27,,
815,"04_E_34_36-006","EG_G_LGD_Karapa","Vakada",,,,0,,
816,"04_E_34_36-006","EG_G_LGD_Karapa","Kurada",3,,,3,,
817,"04_E_34_36-006","EG_G_LGD_Karapa","Chinamamidada",,,,0,,
818,"04_E_34_36-006","EG_G_LGD_Karapa","Velangi",14,,,14,,
819,"04_E_34_36-006","EG_G_LGD_Karapa","Siripuram",13,,,13,,
820,"04_E_34_36-006","EG_G_LGD_Karapa","G.Bhavaram",2,,,2,,
821,"04_E_34_36-006","EG_G_LGD_Karapa","Yendamuru",41,,,41,,
822,"04_E_34_36-006","EG_G_LGD_Karapa","Peddapurappadu",38,,,38,,
823,"04_E_34_36-006","EG_G_LGD_Karapa","Gurajanapalli",11,,,11,,
824,"04_E_34_52-006","EG_G_LGD_ Katrenikona","Cheyyeru",256,,,256,,
825,"04_E_34_52-006","EG_G_LGD_ Katrenikona","Penumalla",2,,,2,,
826,"04_E_34_52-006","EG_G_LGD_ Katrenikona","Lakshmiwada",1,,,1,,
827,"04_E_34_52-006","EG_G_LGD_ Katrenikona","Bantumilli",,,,0,,
828,"04_E_34_52-006","EG_G_LGD_ Katrenikona","Uppidi",,,,0,,
829,"04_E_34_52-006","EG_G_LGD_ Katrenikona","Katrenikona",21,,,21,,
830,"04_E_34_52-006","EG_G_LGD_ Katrenikona","Nadavapalli",13,,,13,,
831,"04_E_34_52-006","EG_G_LGD_ Katrenikona","Kundaleswram",1,,,1,,
832,"04_E_34_52-006","EG_G_LGD_ Katrenikona","Geddanapalli",4,,,4,,
833,"04_E_34_52-006","EG_G_LGD_ Katrenikona","Dontikurru",,,,0,,
834,"04_E_34_52-006","EG_G_LGD_ Katrenikona","Kandikuppa",17,,,17,,
835,"04_E_34_52-006","EG_G_LGD_ Katrenikona","Pallamkurru",29,,,29,,
836,"04_E_34_52-006","EG_G_LGD_ Katrenikona","Chirrayanam",,,,0,,
837,"04_E_34_52-006","EG_G_LGD_ Katrenikona","Brahmasamedhyam",,,,0,,
838,"04_E_34_56-005","EG-G-LGD- Mamidikuduru","Pedapatnamlanka",2,,,2,,
839,"04_E_34_56-005","EG-G-LGD- Mamidikuduru","B.Doddavaram",1,,,1,,
840,"04_E_34_56-005","EG-G-LGD- Mamidikuduru","Appanapalli",2,,,2,,
841,"04_E_34_56-005","EG-G-LGD- Mamidikuduru","Pedapatnam",0,,,0,,
842,"04_E_34_56-005","EG-G-LGD- Mamidikuduru","Nagaram",5,,,5,,
843,"04_E_34_56-005","EG-G-LGD- Mamidikuduru","Geddada",1,,,1,,
844,"04_E_34_56-005","EG-G-LGD- Mamidikuduru","Mogalikuduru",2,,,2,,
845,"04_E_34_56-005","EG-G-LGD- Mamidikuduru","Edarada",1,,,1,,
846,"04_E_34_56-005","EG-G-LGD- Mamidikuduru","Mamidikuduru",5,,,5,,
847,"04_E_34_56-005","EG-G-LGD- Mamidikuduru","Pasarlapudi",10,,,10,,
848,"04_E_34_56-005","EG-G-LGD- Mamidikuduru","Pasarlapudilanka",5,,,5,,
849,"04_E_34_56-005","EG-G-LGD- Mamidikuduru","Lutukurru",4,,,4,,
850,"04_E_34_56-005","EG-G-LGD- Mamidikuduru","Makanapalem",,,,0,,
851,"04_E_34_56-005","EG-G-LGD- Mamidikuduru","Komarada",1,,,1,,
852,"04_E_34_56-005","EG-G-LGD- Mamidikuduru","Aadurru",19,,,19,,
853,"04_E_34_56-005","EG-G-LGD- Mamidikuduru","Magatapalli",5,,,5,,
854,"04_E_34_56-005","EG-G-LGD- Mamidikuduru","Gogannamatam",24,,,24,,
855,"04_E_34_59-002","EG_G_LGD_ Sakhinetipalli","Antervedi",69,,,69,,
856,"04_E_34_59-002","EG_G_LGD_ Sakhinetipalli","Gudimoolalanka",,,,0,,
857,"04_E_34_59-002","EG_G_LGD_ Sakhinetipalli","Rameswaram",18,,,18,,
858,"04_E_34_59-002","EG_G_LGD_ Sakhinetipalli","Sakhinretipalli",59,,,59,,
859,"04_E_34_59-002","EG_G_LGD_ Sakhinetipalli","Antervedipalem",6,,,6,,
860,"04_E_34_59-002","EG_G_LGD_ Sakhinetipalli","Kesavadasupalem",3,,,3,,
861,"04_E_34_59-002","EG_G_LGD_ Sakhinetipalli","Mori",7,,,7,,
862,"04_E_34_59-002","EG_G_LGD_ Sakhinetipalli","Appanaramunilanka",2,,,2,,
863,"04_E_34_37-006","EG_G_LGD_ Tallarevu","Chollangi",11,,,11,,
864,"04_E_34_37-006","EG_G_LGD_ Tallarevu","Chollangipeta",1,,,1,,
865,"04_E_34_37-006","EG_G_LGD_ Tallarevu","G.Vemavaram",31,,,31,,
866,"04_E_34_37-006","EG_G_LGD_ Tallarevu","Patavala",99,,,99,,
867,"04_E_34_37-006","EG_G_LGD_ Tallarevu","Koringa",68,,,68,,
868,"04_E_34_37-006","EG_G_LGD_ Tallarevu","Polekurru",34,,,34,,
869,"04_E_34_37-006","EG_G_LGD_ Tallarevu","P.Mallavaram",4,,,4,,
870,"04_E_34_37-006","EG_G_LGD_ Tallarevu","Lachipalem",,,,0,,
871,"04_E_34_37-006","EG_G_LGD_ Tallarevu","Uppangala",3,,,3,,
872,"04_E_34_37-006","EG_G_LGD_ Tallarevu","Neelapalli",2,,,2,,
873,"04_E_34_37-006","EG_G_LGD_ Tallarevu","Sunkarapalem",,,,0,,
874,"04_E_34_37-006","EG_G_LGD_ Tallarevu","Injaram",21,,,21,,
875,"04_E_34_37-006","EG_G_LGD_ Tallarevu","Pillanka",,,,0,,
876,"04_E_34_53-009","EG_G_LGD_ Upplguptam","N.kottapalli",49,,,49,,
877,"04_E_34_53-009","EG_G_LGD_ Upplguptam","S.Yanam",41,,,41,,
878,"04_E_34_53-009","EG_G_LGD_ Upplguptam","Challapalli",10,,,10,,
879,"04_E_34_53-009","EG_G_LGD_ Upplguptam","Gopavaram",6,,,6,,
880,"04_E_34_53-009","EG_G_LGD_ Upplguptam","Kunavaram",19,,,19,,
881,"04_E_34_53-009","EG_G_LGD_ Upplguptam","Uppalaguptam",59,,,59,,
882,"04_E_34_53-009","EG_G_LGD_ Upplguptam","Munipalli",4,,,4,,
883,"04_E_34_53-009","EG_G_LGD_ Upplguptam","Pedagadavilli",,,,0,,
884,"04_E_34_53-009","EG_G_LGD_ Upplguptam","Chinagadavilli",2,,,2,,
885,"04_E_34_53-009","EG_G_LGD_ Upplguptam","Sannavilli",16,,,16,,
886,"04_E_34_53-009","EG_G_LGD_ Upplguptam","Gollavilli",7,,,7,,
887,"04_E_34_53-009","EG_G_LGD_ Upplguptam","Bhimanapalli",8,,,8,,
888,"04_E_34_53-009","EG_G_LGD_ Upplguptam","Nangavaram",,,,0,,
889,"04_E_34_53-009","EG_G_LGD_ Upplguptam","Vilasavilli",5,,,5,,
890,"04_E_34_58-004","EG_G_LGD_Malkipurm","Mattaparru",1,,,1,,
891,"04_E_34_58-004","EG_G_LGD_Malkipurm","Gudimellanka",18,,,18,,
892,"04_E_34_58-004","EG_G_LGD_Malkipurm","Ramarajulanka",9,,,9,,
893,"04_E_34_58-004","EG_G_LGD_Malkipurm","Malikipuram",19,,,19,,
894,"04_E_34_58-004","EG_G_LGD_Malkipurm","Viseswarayapuram",8,,,8,,
895,"04_E_34_58-004","EG_G_LGD_Malkipurm","Lakkavaram",13,,,13,,
896,"04_E_34_58-004","EG_G_LGD_Malkipurm","Irusumanda",,,,0,,
897,"04_E_34_58-004","EG_G_LGD_Malkipurm","Gudapalli",2,,,2,,
898,"04_E_34_58-004","EG_G_LGD_Malkipurm","Kesanapalli",4,,,4,,
899,"04_E_34_58-004","EG_G_LGD_Malkipurm","Sankaraguptam",4,,,4,,
900,"04_E_34_58-004","EG_G_LGD_Malkipurm","Kattimanda",,,,0,,
901,"04_E_31-1","EG-G-BkNe-Gangavaram","Pothandorapalem",,,,0,,
902,"04_E_31-1","EG-G-BkNe-Gangavaram","Komaravaram",,,,0,,
903,"04_E_31-1","EG-G-BkNe-Gangavaram","Yendapalli",,,,0,,
904,"04_E_31-1","EG-G-BkNe-Gangavaram","Kusumarai",,1,,1,,
905,"04_E_31-1","EG-G-BkNe-Gangavaram","Gangavaram",,,,0,,
906,"04_E_31-1","EG-G-BkNe-Gangavaram","Lakkonda",,,,0,,
907,"04_E_31-1","EG-G-BkNe-Gangavaram","Goragommi",,,,0,,
908,"04_E_31-1","EG-G-BkNe-Gangavaram","Vemulova",,,,0,,
909,"04_E_31-1","EG-G-BkNe-Gangavaram","Pedagarlapadu",,,,0,,
910,"04_E_31-1","EG-G-BkNe-Gangavaram","Doramamidi",,,,0,,
911,"04_E_31-1","EG-G-BkNe-Gangavaram","Amudalabonda",,,,0,,
912,"04_E_31-1","EG-G-BkNe-Gangavaram","Yerrampalem",,,,0,,
913,"04_E_31-1","EG-G-BkNe-Gangavaram","Chinagarlapadu",,2,,2,,
914,"04_E_31-1","EG-G-BkNe-Gangavaram","Pidatamamidi",,1,,1,,
915,"04_E_31-1","EG-G-BkNe-Gangavaram","Nellipudi",,,,0,,
916,"04_E_31-1","EG-G-BkNe-Gangavaram","Donalapalli",,,,0,,
917,"04_E_31-1","EG-G-BkNe-Gangavaram","Ojubanda",,,,0,,
918,"04_E_31-1","EG-G-BkNe-Gangavaram","Jaggampalem",,,,0,,
919,"04_E_31-1","EG-G-BkNe-Gangavaram","Bayyanapalli",,,,0,,
920,"04_E_31-1","EG-G-BkNe-Gangavaram","Pandrapottipalem",,,,0,,
921,"04_E_31-1","EG-G-BkNe-Gangavaram","Rajampela",,,,0,,
922,"04_E_31-1","EG-G-BkNe-Gangavaram","Vuyyalamadugu",,,,0,,
923,"04_E_31-1","EG-G-BkNe-Gangavaram","Kothada",,,,0,,
924,"04_E_31-1","EG-G-BkNe-Gangavaram","Surampalem",,,,0,,
925,"04_E_31-1","EG-G-BkNe-Gangavaram","Kamavarappadu",,,,0,,
926,"04_E_31-1","EG-G-BkNe-Gangavaram","Kondalampalem",,,,0,,
927,"04_E_31-1","EG-G-BkNe-Gangavaram","Jiyyampalem",,,,0,,
928,"04_E_31-1","EG-G-BkNe-Gangavaram","Rajavaram",,,,0,,
929,"04_E_31-1","EG-G-BkNe-Gangavaram","Neladonelapadu",,,,0,,
930,"04_E_31-1","EG-G-BkNe-Gangavaram","Rajupetaloddi",,,,0,,
931,"04_E_31-1","EG-G-BkNe-Gangavaram","Yamanapalli",,,,0,,
932,"04_E_31-1","EG-G-BkNe-Gangavaram","Patharamavaram",,,,0,,
933,"04_E_31-1","EG-G-BkNe-Gangavaram","Kotharamavaram",,,,0,,
934,"04_E_31-1","EG-G-BkNe-Gangavaram","Chodavaram",,,,0,,
935,"04_E_31-1","EG-G-BkNe-Gangavaram","Ummetta",,,,0,,
936,"04_E_31-1","EG-G-BkNe-Gangavaram","Loddipalem",,,,0,,
937,"04_E_31-1","EG-G-BkNe-Gangavaram","FOREST",,6,,6,,
938,"04_E_31-38","EG-G-BkNe-Gangavaram","Mallisala",,8,,8,,
939,"04_E_31-39","EG-G-BkNe-Gangavaram","Kottapalli",,,,0,,
940,"04_E_31-40","EG-G-BkNe-Gangavaram","Sudikonda",,,,0,,
941,"04_E_31-41","EG-G-BkNe-Gangavaram","Sivaramapatnam",,2,,2,,
942,"04_E_31-42","EG-G-BkNe-Gangavaram","Mallavaram",,1,,1,,
943,"04_E_31-43","EG-G-BkNe-Gangavaram","Takurupalem",,,,0,,
944,"04_E_31-44","EG-G-BkNe-Gangavaram","Tirumalayapalem",,8,,8,,
945,"04_E_31-45","EG-G-BkNe-Gangavaram","R.Yerrampalem",,1,,1,,
946,"04_E_31-46","EG-G-BkNe-Gangavaram","Achyutapuram",,7,,7,,
947,"04_E_31-47","EG-G-BkNe-Gangavaram","Gummalladoddi",,2,,2,,
948,"04_E_31-48","EG-G-BkNe-Gangavaram","Kanupuru",,,,0,,
949,"04_E_31-49","EG-G-BkNe-Gangavaram","Nallagonda",,,,0,,
950,"04_E_31-50","EG-G-BkNe-Gangavaram","Jagametlapalem",,,,0,,
951,"04_E_31-51","EG-G-BkNe-Gangavaram","B.Velamakota",,,,0,,
952,"04_E_31-52","EG-G-BkNe-Gangavaram","Utla",,,,0,,
953,"04_E_31-53","EG-G-BkNe-Gangavaram","B.Ramannapalem",,,,0,,
954,"04_E_31-54","EG-G-BkNe-Gangavaram","FOREST",,,,0,,
955,"04_E_28_01-030","EG-G-Pm- Kutravada","PAMULAMAMIDI",,,,0,,
956,"04_E_28_01-030","EG-G-Pm- Kutravada","BANDA",,,,0,,
957,"04_E_28_01-030","EG-G-Pm- Kutravada","SIRIPANLOVA",,,,0,,
958,"04_E_28_01-030","EG-G-Pm- Kutravada","CHAKKAVADA",,,,0,,
959,"04_E_28_01-030","EG-G-Pm- Kutravada","MUNTHAMAMIDI",,,,0,,
960,"04_E_28_01-030","EG-G-Pm- Kutravada","CHAVIDIKOTA",,,,0,,
961,"04_E_28_01-030","EG-G-Pm- Kutravada","BODLANKA",,,,0,,
962,"04_E_28_01-030","EG-G-Pm- Kutravada","GUMPENAGANDI",,,,0,,
963,"04_E_28_01-030","EG-G-Pm- Kutravada","GUNDRATHY",,,,0,,
964,"04_E_28_01-030","EG-G-Pm- Kutravada","PULLANGI",,,,0,,
965,"04_E_28_01-030","EG-G-Pm- Kutravada","PEDDAMARRI",,,,0,,
966,"04_E_28_01-030","EG-G-Pm- Kutravada","ADDARIVALASA",,,,0,,
967,"04_E_28_01-030","EG-G-Pm- Kutravada","EGAVALASA",,,,0,,
968,"04_E_28_01-030","EG-G-Pm- Kutravada","PUSIWADA",,,,0,,
969,"04_E_28_01-030","EG-G-Pm- Kutravada","MUCHILIVADA",,,,0,,
970,"04_E_28_01-030","EG-G-Pm- Kutravada","AKUMAMIDIKOTA",,,,0,,
971,"04_E_28_01-030","EG-G-Pm- Kutravada","VAKKULURU",,,,0,,
972,"04_E_28_01-030","EG-G-Pm- Kutravada","KATCHALAVADA",,,,0,,
973,"04_E_28_01-030","EG-G-Pm- Kutravada","POTLAVADA",,,,0,,
974,"04_E_28_01-030","EG-G-Pm- Kutravada","CHATLAVADA",,,,0,,
975,"04_E_28_01-030","EG-G-Pm- Kutravada","NUKALETIVADA",,,,0,,
976,"04_E_28_01-030","EG-G-Pm- Kutravada","ELIVADA",,,,0,,
977,"04_E_28_01-030","EG-G-Pm- Kutravada","BODULURU",,,,0,,
978,"04_E_28_01-030","EG-G-Pm- Kutravada","GONDIVADA",,,,0,,
979,"04_E_28_01-030","EG-G-Pm- Kutravada","PAMULERU",,,,0,,
980,"04_E_28_01-030","EG-G-Pm- Kutravada","GOGUVALASA",,,,0,,
981,"04_E_28_01-030","EG-G-Pm- Kutravada","KUTRAVADA",,,,0,,
982,"04_E_28_01-030","EG-G-Pm- Kutravada","KAKURU",,,,0,,
983,"04_E_28_01-030","EG-G-Pm- Kutravada","ARJUNALOVA",,,,0,,
984,"04_E_28_01-030","EG-G-Pm- Kutravada","BHIMAVARAM",,,,0,,
985,"04_E_28_01-030","EG-G-Pm- Kutravada","IVAMPALLE",,,,0,,
986,"04_E_28_01-030","EG-G-Pm- Kutravada","KONDAVADA",,,,0,,
987,"04_E_28_01-030","EG-G-Pm- Kutravada","VUTHALURU",,,,0,,
988,"04_E_28_01-030","EG-G-Pm- Kutravada","VALAMURU",,,,0,,
989,"04_E_28_01-030","EG-G-Pm- Kutravada","P.MADDULURU",,,,0,,
990,"04_E_28_01-030","EG-G-Pm- Kutravada","THURUMAMIDI",,,,0,,
991,"04_E_28_01-030","EG-G-Pm- Kutravada","KADUMURU",,,,0,,
992,"04_E_28_01-030","EG-G-Pm- Kutravada","GUJJUMAMIDIVALASA",,,,0,,
993,"04_E_28_01-030","EG-G-Pm- Kutravada","Forest",,,,0,,
994,"04_E_28_01-030","EG-G-Pm- Kutravada","POOLOVA",,,,0,,
995,"04_E_28_01-030","EG-G-Pm- Kutravada","LINGAVARAM",,,,0,,
996,"04_E_28_01-030","EG-G-Pm- Kutravada","BABBILOVA",,,,0,,
997,"04_E_28_01-030","EG-G-Pm- Kutravada","DARAGEDDA",,,,0,,
998,"04_E_28_01-030","EG-G-Pm- Kutravada","NEELAMPALEM",,,,0,,
999,"04_E_28_01-030","EG-G-Pm- Kutravada","JALAGALOVA",,,,0,,
1000,"04_E_28_01-030","EG-G-Pm- Kutravada","POLAMANUGONDI",,,,0,,
1001,"04_E_28_01-030","EG-G-Pm- Kutravada","KANIVADA",,,,0,,
1002,"04_E_28_01-030","EG-G-Pm- Kutravada","JAJIVALASA",,,,0,,
1003,"04_E_28_01-030","EG-G-Pm- Kutravada","BUSIKOTA",,,,0,,
1004,"04_E_28_01-030","EG-G-Pm- Kutravada","BURADAVALASA",,,,0,,
1005,"04_E_28_01-030","EG-G-Pm- Kutravada","KORAMATIGONDI",,,,0,,
1006,"04_E_28_01-030","EG-G-Pm- Kutravada","IRLAVADA",,,,0,,
1007,"04_E_28_01-030","EG-G-Pm- Kutravada","DUMPAVALASA",,,,0,,
1008,"04_E_28_01-030","EG-G-Pm- Kutravada","PERIKIVALASA",,,,0,,
1009,"04_E_28_01-030","EG-G-Pm- Kutravada","Forest",,,,0,,
1010,"04_E_27-5_01-001","EG-G-Sb- Gudisa","GUDISE",,,,0,,
1011,"04_E_27-4_01-041","EG-G-Sb- Ijjaluru","IJJALURU",,,,0,,
1012,"04_E_27-3_01-027","EG-G-Sb- Nelluru","NELLURU",,,,0,,
1013,"04_E_27-2_02-042","EG-G-Sb- Vattigedda","Ganganuru",,,,0,,
1014,"04_E_27-2_02-042","EG-G-Sb- Vattigedda","Thangedukota",,,,0,,
1015,"04_E_27-2_02-042","EG-G-Sb- Vattigedda","Doragondi",,,,0,,
1016,"04_E_27-2_02-042","EG-G-Sb- Vattigedda","Singanakota",,,,0,,
1017,"04_E_27-2_02-042","EG-G-Sb- Vattigedda","Palagondi",,,,0,,
1018,"04_E_27-2_02-042","EG-G-Sb- Vattigedda","Koppulakota",,,,0,,
1019,"04_E_27-2_02-042","EG-G-Sb- Vattigedda","Kothapakalu",,,,0,,
1020,"04_E_27-2_02-042","EG-G-Sb- Vattigedda","Pathakota",,,,0,,
1021,"04_E_27-2_02-042","EG-G-Sb- Vattigedda","Karnikota",,,,0,,
1022,"04_E_27-2_02-042","EG-G-Sb- Vattigedda","Pulimetla",,,,0,,
1023,"04_E_27-2_02-042","EG-G-Sb- Vattigedda","Chananuru",,,,0,,
1024,"04_E_27-2_02-042","EG-G-Sb- Vattigedda","Chilakaveedhilanka",,,,0,,
1025,"04_E_27-2_02-042","EG-G-Sb- Vattigedda","Revadikota",,,,0,,
1026,"04_E_27-2_02-042","EG-G-Sb- Vattigedda","Kadarikota",,,,0,,
1027,"04_E_27-2_02-042","EG-G-Sb- Vattigedda","Allurigedda",,,,0,,
1028,"04_E_27-2_02-042","EG-G-Sb- Vattigedda","Gurtedu",,,,0,,
1029,"04_E_27-2_02-042","EG-G-Sb- Vattigedda","Veerampalem",,,,0,,
1030,"04_E_27-2_02-042","EG-G-Sb- Vattigedda","G.Vattigedda",,,,0,,
1031,"04_E_27-2_02-042","EG-G-Sb- Vattigedda","Kothakota",,,,0,,
1032,"04_E_27-2_02-042","EG-G-Sb- Vattigedda","Edlakonda",,,,0,,
1033,"04_F_19-4_02-083","EG-MHG-Pd- Y.Ramavaram","DARAVADA",,,,0,,
1034,"04_F_19-4_02-083","EG-MHG-Pd- Y.Ramavaram","PEDDURU",,,,0,,
1035,"04_F_19-4_02-083","EG-MHG-Pd- Y.Ramavaram","DORACHINTALAPALEM",,,,0,,
1036,"04_F_19-4_02-083","EG-MHG-Pd- Y.Ramavaram","SRIPURAM",,,,0,,
1037,"04_F_19-4_02-083","EG-MHG-Pd- Y.Ramavaram","NARSAPURAM",,,,0,,
1038,"04_F_19-4_02-083","EG-MHG-Pd- Y.Ramavaram","Forest",,,,0,,
1039,"04_F_19-4_02-083","EG-MHG-Pd- Y.Ramavaram","KATHIRALLA",,,,0,,
1040,"04_F_19-4_02-083","EG-MHG-Pd- Y.Ramavaram","PANCHADARALANKA",,,,0,,
1041,"04_F_19-4_02-083","EG-MHG-Pd- Y.Ramavaram","PUTTAGANDI",,,,0,,
1042,"04_F_19-4_02-083","EG-MHG-Pd- Y.Ramavaram","KUNKUMAMIDI",,,,0,,
1043,"04_F_19-4_02-083","EG-MHG-Pd- Y.Ramavaram","RATSAVALASA",,,,0,,
1044,"04_F_19-4_02-083","EG-MHG-Pd- Y.Ramavaram","DARAWADA",,,,0,,
1045,"04_F_19-4_02-083","EG-MHG-Pd- Y.Ramavaram","DARALOVA",,,,0,,
1046,"04_F_19-4_02-083","EG-MHG-Pd- Y.Ramavaram","GANNAVARAM",,,,0,,
1047,"04_F_19-4_02-083","EG-MHG-Pd- Y.Ramavaram","NULAKAMAMIDI",,,,0,,
1048,"04_F_19-4_02-083","EG-MHG-Pd- Y.Ramavaram","GORABANDA",,,,0,,
1049,"04_F_19-4_02-083","EG-MHG-Pd- Y.Ramavaram","SESHARAI",,,,0,,
1050,"04_F_19-4_02-083","EG-MHG-Pd- Y.Ramavaram","JANGALATHOTA",,,,0,,
1051,"04_F_19-4_02-083","EG-MHG-Pd- Y.Ramavaram","BURADAKOTA",,,,0,,
1052,"04_F_19-4_02-083","EG-MHG-Pd- Y.Ramavaram","JAJIGEDDA",,,,0,,
1053,"04_F_19-4_02-083","EG-MHG-Pd- Y.Ramavaram","NELLIKOTA",,,,0,,
1054,"04_F_19-4_02-083","EG-MHG-Pd- Y.Ramavaram","DADALIKAVADA",,,,0,,
1055,"04_F_19-4_02-083","EG-MHG-Pd- Y.Ramavaram","SINGAVARAM",,,,0,,
1056,"04_F_19-4_02-083","EG-MHG-Pd- Y.Ramavaram","CHAMAGADDA",,,,0,,
1057,"04_F_19-4_02-083","EG-MHG-Pd- Y.Ramavaram","RAMULAKONDA",,,,0,,
1058,"04_F_19-4_02-083","EG-MHG-Pd- Y.Ramavaram","DABBAMAMIDI",,,,0,,
1059,"04_F_19-4_02-083","EG-MHG-Pd- Y.Ramavaram","BANDIGEDDA",,,,0,,
1060,"04_F_19-4_02-083","EG-MHG-Pd- Y.Ramavaram","NAKKARATHIPALEM",,,,0,,
1061,"04_F_19-4_02-083","EG-MHG-Pd- Y.Ramavaram","Y. RAMAVARAM",,,,0,,
1062,"04_F_19-4_02-083","EG-MHG-Pd- Y.Ramavaram","CHINTHAKARRAPALEM",,,,0,,
1063,"04_F_19-4_02-083","EG-MHG-Pd- Y.Ramavaram","YARLAGADDA",,,,0,,
1064,"04_F_19-4_02-083","EG-MHG-Pd- Y.Ramavaram","KOMARAVARAM",,,,0,,
1065,"04_F_19-4_02-083","EG-MHG-Pd- Y.Ramavaram","PAIDIPUTTA",,,,0,,
1066,"04_F_19-4_02-083","EG-MHG-Pd- Y.Ramavaram","PASARUGINNI",,,,0,,
1067,"04_F_19-4_02-083","EG-MHG-Pd- Y.Ramavaram","P. YERRAGONDA",,,,0,,
1068,"04_F_19-4_02-083","EG-MHG-Pd- Y.Ramavaram","VATTIGADDA",,,,0,,
1069,"04_F_19-4_02-083","EG-MHG-Pd- Y.Ramavaram","THADIKOTA",,,,0,,
1070,"04_F_19-4_02-083","EG-MHG-Pd- Y.Ramavaram","DONARAI",,,,0,,
1071,"04_F_19-4_02-083","EG-MHG-Pd- Y.Ramavaram","RAVVAGADDA",,,,0,,
1072,"04_F_19-4_02-083","EG-MHG-Pd- Y.Ramavaram","BHEEMUDUGADDA",,,,0,,
1073,"04_F_19-4_02-083","EG-MHG-Pd- Y.Ramavaram","CHINTHALAPUDI",,,,0,,
1074,"04_F_19-4_02-083","EG-MHG-Pd- Y.Ramavaram","BODDAGUNTA",,,,0,,
1075,"04_F_19-4_02-083","EG-MHG-Pd- Y.Ramavaram","CHINTA KOYYA",,,,0,,
1076,"04_F_19-4_02-083","EG-MHG-Pd- Y.Ramavaram","VEDULLAPALLI",,,,0,,
1077,"04_F_19-4_02-083","EG-MHG-Pd- Y.Ramavaram","SIRIMETLA",,,,0,,
1078,"04_F_19-4_02-083","EG-MHG-Pd- Y.Ramavaram","AMMAPETA",,,,0,,
1079,"04_F_19-4_02-083","EG-MHG-Pd- Y.Ramavaram","ANNAMPALEM",,,,0,,
1080,"04_F_19-4_02-083","EG-MHG-Pd- Y.Ramavaram","BONANGIPALEM",,,,0,,
1081,"04_F_19-4_02-083","EG-MHG-Pd- Y.Ramavaram","MUNAGALAPUDI",,,,0,,
1082,"04_F_19-4_02-083","EG-MHG-Pd- Y.Ramavaram","PULUSUMAMIDI",,,,0,,
1083,"04_F_19-4_02-083","EG-MHG-Pd- Y.Ramavaram","VANAMAMIDIGONDI",,,,0,,
1084,"04_F_19-4_02-083","EG-MHG-Pd- Y.Ramavaram","KOKITAGONDI",,,,0,,
1085,"04_F_19-4_02-083","EG-MHG-Pd- Y.Ramavaram","RACHAPALEM",,,,0,,
1086,"04_F_19-4_02-083","EG-MHG-Pd- Y.Ramavaram","KAPPALABANDA",,,,0,,
1087,"04_F_19-4_02-083","EG-MHG-Pd- Y.Ramavaram","KANATALABANDA",,,,0,,
1088,"04_F_19-4_02-083","EG-MHG-Pd- Y.Ramavaram","PANASALAPALEM",,,,0,,
1089,"04_F_19-4_02-083","EG-MHG-Pd- Y.Ramavaram","BURUGUVADA",,,,0,,
1090,"04_F_19-4_02-083","EG-MHG-Pd- Y.Ramavaram","MUVVALAVADA",,,,0,,
1091,"04_F_19-4_02-083","EG-MHG-Pd- Y.Ramavaram","GOBBILAPANUKULU",,,,0,,
1092,"04_F_19-4_02-083","EG-MHG-Pd- Y.Ramavaram","PUTIKUNTA",,,,0,,
1093,"04_F_19-4_02-083","EG-MHG-Pd- Y.Ramavaram","TOTAKURAPALEM",,,,0,,
1094,"04_F_19-4_02-083","EG-MHG-Pd- Y.Ramavaram","GUMMARAPALEM",,,,0,,
1095,"04_F_19-4_02-083","EG-MHG-Pd- Y.Ramavaram","CHAVITIDIBBALU",,,,0,,
1096,"04_F_19-4_02-083","EG-MHG-Pd- Y.Ramavaram","DEVARAMADUGULA",,,,0,,
1097,"04_F_19-4_02-083","EG-MHG-Pd- Y.Ramavaram","GODUGURAYI",,,,0,,
1098,"04_F_19-4_02-083","EG-MHG-Pd- Y.Ramavaram","DALIPADU",,,,0,,
1099,"04_F_19-4_02-083","EG-MHG-Pd- Y.Ramavaram","PEDAVULEMPADU",,,,0,,
1100,"04_F_19-4_02-083","EG-MHG-Pd- Y.Ramavaram","CHENDURTHI",,,,0,,
1101,"04_F_19-4_02-083","EG-MHG-Pd- Y.Ramavaram","KOTA",,,,0,,
1102,"04_F_19-4_02-083","EG-MHG-Pd- Y.Ramavaram","PUTTAPALLI",,,,0,,
1103,"04_F_19-4_02-083","EG-MHG-Pd- Y.Ramavaram","BULLOJUPALEM",,,,0,,
1104,"04_F_19-4_02-083","EG-MHG-Pd- Y.Ramavaram","KBCHIPPALAMAMIDI",,,,0,,
1105,"04_F_19-4_02-083","EG-MHG-Pd- Y.Ramavaram","CHINAVULEMPADU",,,,0,,
1106,"04_F_19-4_02-083","EG-MHG-Pd- Y.Ramavaram","REGADIPALEM",,,,0,,
1107,"04_F_19-4_02-083","EG-MHG-Pd- Y.Ramavaram","TUMIKELAPADU",,,,0,,
1108,"04_F_19-4_02-083","EG-MHG-Pd- Y.Ramavaram","NAKKALAPADU",,,,0,,
1109,"04_F_19-4_02-083","EG-MHG-Pd- Y.Ramavaram","K. YERRAGONDA",,,,0,,
1110,"04_F_19-4_02-083","EG-MHG-Pd- Y.Ramavaram","SIMHADRIPALEM",,,,0,,
1111,"04_F_19-4_02-083","EG-MHG-Pd- Y.Ramavaram","NUVVUGANTIPALEM",,,,0,,
1112,"04_F_19-4_02-083","EG-MHG-Pd- Y.Ramavaram","YERRAMREDDIPALEM",,,,0,,
1113,"04_F_19-4_02-083","EG-MHG-Pd- Y.Ramavaram","MULASALAPALEM",,,,0,,
1114,"04_F_19-4_02-083","EG-MHG-Pd- Y.Ramavaram","BODDAPALLI",,,,0,,
1115,"04_F_19-4_02-083","EG-MHG-Pd- Y.Ramavaram","GANDEMPALLI",,,,0,,
1116,"04_F_19-4_02-083","EG-MHG-Pd- Y.Ramavaram","Forest",,,,0,,
1117,"04_F_19-4_02-083","EG-MHG-Pd- Y.Ramavaram","Chikkapugadda",,,,0,,
1118,"04_F_19-4_02-083","EG-MHG-Pd- Y.Ramavaram","Seetharampadu",,,,0,,
1119,"04_F_19-4_02-083","EG-MHG-Pd- Y.Ramavaram","Rollagedda",,,,0,,
1120,"04_F_19-4_02-083","EG-MHG-Pd- Y.Ramavaram","Dabbapalem",,,,0,,
1121,"04_F_19-4_02-083","EG-MHG-Pd- Y.Ramavaram","Chakirevulapalem",,,,0,,
1122,"04_F_19-4_02-083","EG-MHG-Pd- Y.Ramavaram","Makaram",,,,0,,
1123,"04_F_19-4_02-083","EG-MHG-Pd- Y.Ramavaram","Veeravaram",,,,0,,
1124,"04_F_19-4_02-083","EG-MHG-Pd- Y.Ramavaram","Peddavadisakarra",,,,0,,
1125,"04_F_19-4_02-083","EG-MHG-Pd- Y.Ramavaram","Penikelapadu",,,,0,,
1126,"04_F_19-4_02-083","EG-MHG-Pd- Y.Ramavaram","Vangalamadugu",,,,0,,
1127,"04_F_19-4_02-083","EG-MHG-Pd- Y.Ramavaram","Chinnapadu",,,,0,,
1128,"04_F_19-4_02-083","EG-MHG-Pd- Y.Ramavaram","Chinavadisakarra",,,,0,,
1129,"04_F_19-4_02-083","EG-MHG-Pd- Y.Ramavaram","Choppanagadda",,,,0,,
1130,"04_F_19-4_02-083","EG-MHG-Pd- Y.Ramavaram","Rayapalli",,,,0,,
1131,"04_F_19-4_02-083","EG-MHG-Pd- Y.Ramavaram","Vedullakonda",,,,0,,
1132,"04_F_19-4_02-083","EG-MHG-Pd- Y.Ramavaram","Annampalem",,,,0,,
1133,"04_F_19-4_02-083","EG-MHG-Pd- Y.Ramavaram","Vutlapalem",,,,0,,
1134,"04_F_19-4_02-083","EG-MHG-Pd- Y.Ramavaram","Anukulapalem",,,,0,,
1135,"04_F_19-4_02-083","EG-MHG-Pd- Y.Ramavaram","Ravulapalem",,,,0,,
1136,"04_F_19-4_02-083","EG-MHG-Pd- Y.Ramavaram","Ravigudem",,,,0,,
1137,"04_F_19-4_02-083","EG-MHG-Pd- Y.Ramavaram","Settipalli",,,,0,,
1138,"04_F_19-4_02-083","EG-MHG-Pd- Y.Ramavaram","Chaparathipalem",,,,0,,
1139,"04_F_19-4_02-083","EG-MHG-Pd- Y.Ramavaram","Jalluru",,,,0,,
1140,"04_F_19-4_02-083","EG-MHG-Pd- Y.Ramavaram","Thungamadugula",,,,0,,
1141,"04_F_19-4_02-083","EG-MHG-Pd- Y.Ramavaram","Ratnampalem",,,,0,,
1142,"04_F_19-4_02-083","EG-MHG-Pd- Y.Ramavaram","Mamidipalem",,,,0,,
1143,"04_F_19-4_02-083","EG-MHG-Pd- Y.Ramavaram","Tiyyamamidi",,,,0,,
1144,"04_F_19-4_02-083","EG-MHG-Pd- Y.Ramavaram","Dhanyampalem",,,,0,,
1145,"04_F_19-4_02-083","EG-MHG-Pd- Y.Ramavaram","Pedamunakanagedda",,,,0,,
1146,"04_F_19-4_02-083","EG-MHG-Pd- Y.Ramavaram","Paidiputtapadu",,,,0,,
1147,"04_F_19-4_02-083","EG-MHG-Pd- Y.Ramavaram","Chinamunakanagedda",,,,0,,
1148,"04_F_19-4_02-083","EG-MHG-Pd- Y.Ramavaram","Mitlapalem",,,,0,,
1149,"04_F_19-4_02-083","EG-MHG-Pd- Y.Ramavaram","Panukuratipalem",,,,0,,
1150,"04_F_19-4_02-083","EG-MHG-Pd- Y.Ramavaram","Latchireddipalem",,,,0,,
1151,"04_F_19-4_02-083","EG-MHG-Pd- Y.Ramavaram","Forest",,,,0,,
1152,"04_F_19-4_02-083","EG-MHG-Pd- Y.Ramavaram","LAKSHMIPURAM",,1,,1,,
1153,"04_F_19-4_02-083","EG-MHG-Pd- Y.Ramavaram","SEETHARAMPADU",,,,0,,
1154,"04_F_19-4_02-083","EG-MHG-Pd- Y.Ramavaram","NUVVUMAMIDI",,,,0,,
1155,"04_F_19-4_02-083","EG-MHG-Pd- Y.Ramavaram","NEELAVARAM",,,,0,,
1156,"04_F_19-4_02-083","EG-MHG-Pd- Y.Ramavaram","MOHANAPURAM",,2,,2,,
1157,"04_F_19-4_02-083","EG-MHG-Pd- Y.Ramavaram","PANDRAPROLU",,,,0,,
1158,"04_F_19-4_02-083","EG-MHG-Pd- Y.Ramavaram","POTHANDORAPALEM",,,,0,,
1159,"04_F_19-4_02-083","EG-MHG-Pd- Y.Ramavaram","KARAKAPADU",,,,0,,
1160,"04_F_19-4_02-083","EG-MHG-Pd- Y.Ramavaram","BARRIMAMIDI",,,,0,,
1161,"04_F_19-4_02-083","EG-MHG-Pd- Y.Ramavaram","YELLAPURAM",,,,0,,
1162,"04_F_19-4_02-083","EG-MHG-Pd- Y.Ramavaram","MARRIPALEM",,,,0,,
1163,"04_F_19-4_02-083","EG-MHG-Pd- Y.Ramavaram","E. RAMAVARAM",,,,0,,
1164,"04_F_19-4_02-083","EG-MHG-Pd- Y.Ramavaram","PEDA ADDAPALLI",,,,0,,
1165,"04_F_19-4_02-083","EG-MHG-Pd- Y.Ramavaram","ZADERU",,,,0,,
1166,"04_F_19-4_02-083","EG-MHG-Pd- Y.Ramavaram","KURAMGONDI",,,,0,,
1167,"04_F_19-4_02-083","EG-MHG-Pd- Y.Ramavaram","SARABHAVARAM",,,,0,,
1168,"04_F_19-4_02-083","EG-MHG-Pd- Y.Ramavaram","YETIPALLI",,,,0,,
1169,"04_F_19-4_02-083","EG-MHG-Pd- Y.Ramavaram","CHINA ADDAPALLI",,,,0,,
1170,"04_F_19-4_02-083","EG-MHG-Pd- Y.Ramavaram","CHEEDIPALEM",,,,0,,
1171,"04_F_19-4_02-083","EG-MHG-Pd- Y.Ramavaram","Forest",,,,0,,
1172,"04_F_19-4_02-083","EG-MHG-Pd- Y.Ramavaram","VADAPALLE",,,,0,,
1173,"04_F_19-4_02-083","EG-MHG-Pd- Y.Ramavaram","NIMMALAPALEM",,,,0,,
1174,"04_F_19-4_02-083","EG-MHG-Pd- Y.Ramavaram","CHERUVURU",,,,0,,
1175,"04_F_19-4_02-083","EG-MHG-Pd- Y.Ramavaram","BOLAGONDA",,,,0,,
1176,"04_F_19-4_02-083","EG-MHG-Pd- Y.Ramavaram","CHUPPARIPALEM",,,,0,,
1177,"04_F_19-4_02-083","EG-MHG-Pd- Y.Ramavaram","FOREST AREA",,,,0,,
1178,"04_E_29_14-001","EG-G-Mv- Kondamodalu","MUNJAMAMIDI",,,,0,,
1179,"04_E_29_14-001","EG-G-Mv- Kondamodalu","KUNDADA",,,,0,,
1180,"04_E_29_14-001","EG-G-Mv- Kondamodalu","MUSURU",,,,0,,
1181,"04_E_29_14-001","EG-G-Mv- Kondamodalu","M.MADDULURU",,,,0,,
1182,"04_E_29_14-001","EG-G-Mv- Kondamodalu","Forest",,,,0,,
1183,"04_E_29_14-001","EG-G-Mv- Kondamodalu","KINTUKURU",,,,0,,
1184,"04_E_29_14-001","EG-G-Mv- Kondamodalu","EETHAPALLE",,,,0,,
1185,"04_E_29_14-001","EG-G-Mv- Kondamodalu","KOYYALAGUDEM",,,,0,,
1186,"04_E_29_14-001","EG-G-Mv- Kondamodalu","LANKAPAKALU",,,,0,,
1187,"04_E_29_14-001","EG-G-Mv- Kondamodalu","VEERLAMAMIDI",,,,0,,
1188,"04_E_29_14-001","EG-G-Mv- Kondamodalu","KAKAVADA",,,,0,,
1189,"04_E_29_14-001","EG-G-Mv- Kondamodalu","CHELAKAVEEDHI",,,,0,,
1190,"04_E_29_14-001","EG-G-Mv- Kondamodalu","VEMULAKONDA",,,,0,,
1191,"04_E_29_14-001","EG-G-Mv- Kondamodalu","TIRUGATIRALLU",,0,,0,,
1192,"04_E_29_14-001","EG-G-Mv- Kondamodalu","AKURU",,,,0,,
1193,"04_E_29_14-001","EG-G-Mv- Kondamodalu","SUVARLAVADA",,,,0,,
1194,"04_E_29_14-001","EG-G-Mv- Kondamodalu","VATTICHELAKALU",,,,0,,
1195,"04_E_29_14-001","EG-G-Mv- Kondamodalu","Forest",,,,0,,
1196,"04_E_29_14-001","EG-G-Mv- Kondamodalu","KONDAMODALU",,,,0,,
1197,"04_E_29_14-001","EG-G-Mv- Kondamodalu","CHINTALAGUDEM",,,,0,,
1198,"04_E_29_14-001","EG-G-Mv- Kondamodalu","MAMIDIVALASA",,,,0,,
1199,"04_E_29_14-001","EG-G-Mv- Kondamodalu","THUMMURU",,,,0,,
1200,"04_E_29_14-001","EG-G-Mv- Kondamodalu","GONDURU",,,,0,,
1201,"04_E_29_14-001","EG-G-Mv- Kondamodalu","KATCHULURU",,,,0,,
1202,"04_E_29_14-001","EG-G-Mv- Kondamodalu","MANTURU",,,,0,,
1203,"04_E_29_14-001","EG-G-Mv- Kondamodalu","LINGAVARAM",,,,0,,
1204,"04_E_29_14-001","EG-G-Mv- Kondamodalu","THOYYERU",,,,0,,
1205,"04_E_29_14-001","EG-G-Mv- Kondamodalu","DEVIPATNAM",,,,0,,
1206,"04_E_29_14-001","EG-G-Mv- Kondamodalu","GANUGULAGONDI",,,,0,,
1207,"04_E_29_14-001","EG-G-Mv- Kondamodalu","KUDAKARAYI",,,,0,,
1208,"04_E_29_14-001","EG-G-Mv- Kondamodalu","Forest",,,,0,,
1209,"04_E_30_13-036","EG-G-Sp- Rchodavaram","Pedageddada",,,,0,,
1210,"04_E_30_13-036","EG-G-Sp- Rchodavaram","Cheruvupalem",,,,0,,
1211,"04_E_30_13-036","EG-G-Sp- Rchodavaram","Chilakamamidi",,,,0,,
1212,"04_E_30_13-036","EG-G-Sp- Rchodavaram","Busigudem",,,,0,,
1213,"04_E_30_13-036","EG-G-Sp- Rchodavaram","Madicharla",,,,0,,
1214,"04_E_30_13-036","EG-G-Sp- Rchodavaram","Immidivaram",,,,0,,
1215,"04_E_30_13-036","EG-G-Sp- Rchodavaram","Gungugudem",,,,0,,
1216,"04_E_30_13-036","EG-G-Sp- Rchodavaram","Isukupatla",,,,0,,
1217,"04_E_30_13-036","EG-G-Sp- Rchodavaram","Kottapakalu",,,,0,,
1218,"04_E_30_13-036","EG-G-Sp- Rchodavaram","Peddapadu",,,,0,,
1219,"04_E_30_13-036","EG-G-Sp- Rchodavaram","Chinageddada",,,,0,,
1220,"04_E_30_13-036","EG-G-Sp- Rchodavaram","Daragudem",,,,0,,
1221,"04_E_30_13-036","EG-G-Sp- Rchodavaram","Dabbavalasa",,,,0,,
1222,"04_E_30_13-036","EG-G-Sp- Rchodavaram","Sokulagudem",,,,0,,
1223,"04_E_30_13-036","EG-G-Sp- Rchodavaram","Gandhinagaram",,,,0,,
1224,"04_E_30_13-036","EG-G-Sp- Rchodavaram","Bhupatipalem",,,,0,,
1225,"04_E_30_13-036","EG-G-Sp- Rchodavaram","Rampa",,5,,5,,
1226,"04_E_30_13-036","EG-G-Sp- Rchodavaram","Ramachodavaram",,,,0,,
1227,"04_E_30_13-036","EG-G-Sp- Rchodavaram","Marrivada",,,,0,,
1228,"04_E_30_13-036","EG-G-Sp- Rchodavaram","Bhimavaram",,,,0,,
1229,"04_E_30_13-036","EG-G-Sp- Rchodavaram","Korumilli",,,,0,,
1230,"04_E_30_13-036","EG-G-Sp- Rchodavaram","Bandapalli",,,,0,,
1231,"04_E_30_13-036","EG-G-Sp- Rchodavaram","Kunjamveedhi",,,,0,,
1232,"04_E_30_13-036","EG-G-Sp- Rchodavaram","Sirigindalapadu",,,,0,,
1233,"04_E_30_13-036","EG-G-Sp- Rchodavaram","Pandirimamidi",,,,0,,
1234,"04_E_30_13-036","EG-G-Sp- Rchodavaram","Gogumilli",,,,0,,
1235,"04_E_30_13-036","EG-G-Sp- Rchodavaram","T.Burugubandha",,1,,1,,
1236,"04_E_30_13-036","EG-G-Sp- Rchodavaram","Usirijonnala",,,,0,,
1237,"04_E_30_13-036","EG-G-Sp- Rchodavaram","Doramadugula",,,,0,,
1238,"04_E_30_13-036","EG-G-Sp- Rchodavaram","Tatiwada",,,,0,,
1239,"04_E_30_13-036","EG-G-Sp- Rchodavaram","Bornagudem",,,,0,,
1240,"04_E_30_13-036","EG-G-Sp- Rchodavaram","Italapalli",,0,,0,,
1241,"04_E_30_13-036","EG-G-Sp- Rchodavaram","Polavaram",,,,0,,
1242,"04_E_30_13-036","EG-G-Sp- Rchodavaram","Beerampalli",,0,,0,,
1243,"04_E_30_13-036","EG-G-Sp- Rchodavaram","Sithapalli",,,,0,,
1244,"04_E_30_13-036","EG-G-Sp- Rchodavaram","Jagarampalli",,,,0,,
1245,"04_E_30_13-036","EG-G-Sp- Rchodavaram","Chinabarangi",,,,0,,
1246,"04_E_30_13-036","EG-G-Sp- Rchodavaram","Pedabarangi",,2,,2,,
1247,"04_E_30_13-036","EG-G-Sp- Rchodavaram","Musurimilli",,,,0,,
1248,"04_E_30_13-036","EG-G-Sp- Rchodavaram","Tamarapalli",,,,0,,
1249,"04_E_30_13-036","EG-G-Sp- Rchodavaram","Gopavaram",,,,0,,
1250,"04_E_30_13-036","EG-G-Sp- Rchodavaram","Gotlagudem",,,,0,,
1251,"04_E_30_13-036","EG-G-Sp- Rchodavaram","Nunepalli",,,,0,,
1252,"04_E_30_13-036","EG-G-Sp- Rchodavaram","DOKULAPADU",,,,0,,
1253,"04_E_30_13-036","EG-G-Sp- Rchodavaram","PEDDAKONDA",,,,0,,
1254,"04_E_30_13-036","EG-G-Sp- Rchodavaram","GINNEPALLE",,,,0,,
1255,"04_E_30_13-036","EG-G-Sp- Rchodavaram","KOMARAVARAM",,,,0,,
1256,"04_E_30_13-036","EG-G-Sp- Rchodavaram","Forest",,,,0,,
1257,"04_E_30_13-036","EG-G-Sp- Rchodavaram","PEDDANOOTULU",,,,0,,
1258,"04_E_30_13-036","EG-G-Sp- Rchodavaram","MULAKALAGUDEM",,,,0,,
1259,"04_E_30_13-036","EG-G-Sp- Rchodavaram","KOTTAGUDEM",,,,0,,
1260,"04_E_30_13-036","EG-G-Sp- Rchodavaram","TATIWADA",,,,0,,
1261,"04_E_30_13-036","EG-G-Sp- Rchodavaram","PEDDURU",,,,0,,
1262,"04_E_30_13-036","EG-G-Sp- Rchodavaram","PAMUGANDI",,,,0,,
1263,"04_E_30_13-036","EG-G-Sp- Rchodavaram","PALURU(PALEM)",,,,0,,
1264,"04_E_30_13-036","EG-G-Sp- Rchodavaram","DONALANKA",,,,0,,
1265,"04_E_30_13-036","EG-G-Sp- Rchodavaram","MADDIRATIGUDEM",,,,0,,
1266,"04_E_30_13-036","EG-G-Sp- Rchodavaram","CHOPPAKONDA",,,,0,,
1267,"04_E_30_13-036","EG-G-Sp- Rchodavaram","DAMANAPALLI",,,,0,,
1268,"04_E_30_13-036","EG-G-Sp- Rchodavaram","V.RAYANAPALEM",,,,0,,
1269,"04_E_30_13-036","EG-G-Sp- Rchodavaram","LAKSHMIPURAM",,,,0,,
1270,"04_E_30_13-036","EG-G-Sp- Rchodavaram","GUMPANAPALLI",,,,0,,
1271,"04_E_30_13-036","EG-G-Sp- Rchodavaram","A.VEERAVARAM",,,,0,,
1272,"04_E_30_13-036","EG-G-Sp- Rchodavaram","CH.RAMANAYYAPET",,,,0,,
1273,"04_E_30_13-036","EG-G-Sp- Rchodavaram","DANDANGI",,,,0,,
1274,"04_E_30_13-036","EG-G-Sp- Rchodavaram","VELAGAPALLI",,,,0,,
1275,"04_E_30_13-036","EG-G-Sp- Rchodavaram","GANGAVARAM",,,,0,,
1276,"04_E_30_13-036","EG-G-Sp- Rchodavaram","YERRAMETLA",,,,0,,
1277,"04_E_30_13-036","EG-G-Sp- Rchodavaram","RAYAVARAM",,,,0,,
1278,"04_E_30_13-036","EG-G-Sp- Rchodavaram","PUDIPALLE",,,,0,,
1279,"04_E_30_13-036","EG-G-Sp- Rchodavaram","ANGULURU",,,,0,,
1280,"04_E_30_13-036","EG-G-Sp- Rchodavaram","Forest",,,,0,,
1281,"04_E_30_13-036","EG-G-Sp- Rchodavaram","KUDURU",,,,0,,
1282,"04_E_30_13-036","EG-G-Sp- Rchodavaram","VETIKURU",,2,,2,,
1283,"04_E_30_13-036","EG-G-Sp- Rchodavaram","MAREDUMILLI",,,,0,,
1284,"04_E_30_13-036","EG-G-Sp- Rchodavaram","TURRURU",,,,0,,
1285,"04_E_30_13-036","EG-G-Sp- Rchodavaram","RAMANNAVALASA",,,,0,,
1286,"04_E_30_13-036","EG-G-Sp- Rchodavaram","SUNNAMPADU",,,,0,,
1287,"04_E_30_13-036","EG-G-Sp- Rchodavaram","DEVARAPALLI",,,,0,,
1288,"04_E_30_13-036","EG-G-Sp- Rchodavaram","NOORUPUDI",,,,0,,
1289,"04_E_30_13-036","EG-G-Sp- Rchodavaram","DENDULURU",,,,0,,
1290,"04_E_30_13-036","EG-G-Sp- Rchodavaram","GORAMAMIDI",,,,0,,
1291,"04_E_30_13-036","EG-G-Sp- Rchodavaram","MALLAVARAM",,,,0,,
1292,"04_E_30_13-036","EG-G-Sp- Rchodavaram","MADDIVEDU",,,,0,,
1293,"04_E_30_13-036","EG-G-Sp- Rchodavaram","TADEPALLI",,,,0,,
1294,"04_E_30_13-036","EG-G-Sp- Rchodavaram","VYDUPUDI",,,,0,,
1295,"04_E_30_13-036","EG-G-Sp- Rchodavaram","P.G.LANKA",,,,0,,
1296,"04_E_30_13-036","EG-G-Sp- Rchodavaram","PANDIRIMAMIDIKOTA",,,,0,,
1297,"04_E_30_13-036","EG-G-Sp- Rchodavaram","PUJARIPAKALU",,,,0,,
1298,"04_E_30_13-036","EG-G-Sp- Rchodavaram","D.VELAMALAKOTA",,,,0,,
1299,"04_E_30_13-036","EG-G-Sp- Rchodavaram","DORAMAMIDI",,,,0,,
1300,"04_E_30_13-036","EG-G-Sp- Rchodavaram","PEDAMALLUPADU",,,,0,,
1301,"04_E_30_13-036","EG-G-Sp- Rchodavaram","Forest",,,,0,,
1302,"04_F_19-1_04-055","EG-MHG-Dg- Bornagudem","Doddivaka",,,,0,,
1303,"04_F_19-1_04-055","EG-MHG-Dg- Bornagudem","Timmapuram",,,,0,,
1304,"04_F_19-1_04-055","EG-MHG-Dg- Bornagudem","Forest",,,,0,,
1305,"04_F_19-1_04-055","EG-MHG-Dg- Bornagudem","Komarapuram",,,,0,,
1306,"04_F_19-1_04-055","EG-MHG-Dg- Bornagudem","Ameenabada",,,,0,,
1307,"04_F_19-1_04-055","EG-MHG-Dg- Bornagudem","Marripalem",,,,0,,
1308,"04_F_19-1_04-055","EG-MHG-Dg- Bornagudem","Cherukumpalem",,,,0,,
1309,"04_F_19-1_04-055","EG-MHG-Dg- Bornagudem","Urlakulapadu",,,,0,,
1310,"04_F_19-1_04-055","EG-MHG-Dg- Bornagudem","Bornagudem",,,,0,,
1311,"04_F_19-1_04-055","EG-MHG-Dg- Bornagudem","G.sarabhavaram",,,,0,,
1312,"04_F_19-1_04-055","EG-MHG-Dg- Bornagudem","Forest",,2,,2,,
1313,"04_F_19-1_04-055","EG-MHG-Dg- Bornagudem","J.Annavaram",,,,0,,
1314,"04_F_19-1_04-055","EG-MHG-Dg- Bornagudem","Lakkavaram",,0,,0,,
1315,"04_F_19-1_04-055","EG-MHG-Dg- Bornagudem","Marriveedu",,,,0,,
1316,"04_F_19-1_04-055","EG-MHG-Dg- Bornagudem","Forest",,,,0,,
1317,"04_F_19-3_03-043","EG-MHG-Md- Jaddangi","KIRRABU",,,,0,,
1318,"04_F_19-3_03-043","EG-MHG-Md- Jaddangi","TALLAPALEM",,,,0,,
1319,"04_F_19-3_03-043","EG-MHG-Md- Jaddangi","BODLAGONDI",,,,0,,
1320,"04_F_19-3_03-043","EG-MHG-Md- Jaddangi","BOYAPADU",,,,0,,
1321,"04_F_19-3_03-043","EG-MHG-Md- Jaddangi","VANAKARAYI",,1,,1,,
1322,"04_F_19-3_03-043","EG-MHG-Md- Jaddangi","SARABHAVARAM",,,,0,,
1323,"04_F_19-3_03-043","EG-MHG-Md- Jaddangi","APPANNAPALEM",,,,0,,
1324,"04_F_19-3_03-043","EG-MHG-Md- Jaddangi","DAMANAPALEM",,,,0,,
1325,"04_F_19-3_03-043","EG-MHG-Md- Jaddangi","JEELUGULAPADU",,,,0,,
1326,"04_F_19-3_03-043","EG-MHG-Md- Jaddangi","KINDRA",,1,,1,,
1327,"04_F_19-3_03-043","EG-MHG-Md- Jaddangi","LAGARAYI",,,,0,,
1328,"04_F_19-3_03-043","EG-MHG-Md- Jaddangi","KONDAPALLI",,,,0,,
1329,"04_F_19-3_03-043","EG-MHG-Md- Jaddangi","DAKARAYI",,,,0,,
1330,"04_F_19-3_03-043","EG-MHG-Md- Jaddangi","BADADANAMPALLI",,,,0,,
1331,"04_F_19-3_03-043","EG-MHG-Md- Jaddangi","CHINARELLANGIPADU",,,,0,,
1332,"04_F_19-3_03-043","EG-MHG-Md- Jaddangi","AMMIREKALA",,,,0,,
1333,"04_F_19-3_03-043","EG-MHG-Md- Jaddangi","KIMILIGEDDA",,,,0,,
1334,"04_F_19-3_03-043","EG-MHG-Md- Jaddangi","SURAMPALEM",,,,0,,
1335,"04_F_19-3_03-043","EG-MHG-Md- Jaddangi","LABBARTHI",,,,0,,
1336,"04_F_19-3_03-043","EG-MHG-Md- Jaddangi","MUNJAVARAPPADU",,,,0,,
1337,"04_F_19-3_03-043","EG-MHG-Md- Jaddangi","ANANTHAGIRI",,,,0,,
1338,"04_F_19-3_03-043","EG-MHG-Md- Jaddangi","DONGALA MALLAVARAM",,,,0,,
1339,"04_F_19-3_03-043","EG-MHG-Md- Jaddangi","NELLIMETLA",,,,0,,
1340,"04_F_19-3_03-043","EG-MHG-Md- Jaddangi","DUSARIPAMU",,11,,11,,
1341,"04_F_19-3_03-043","EG-MHG-Md- Jaddangi","RAJAVOMMANGI",,,,0,,
1342,"04_F_19-3_03-043","EG-MHG-Md- Jaddangi","VOYYEDU",,,,0,,
1343,"04_F_19-3_03-043","EG-MHG-Md- Jaddangi","MURLAVANIPALEM",,,,0,,
1344,"04_F_19-3_03-043","EG-MHG-Md- Jaddangi","SUBBAMPADU",,,,0,,
1345,"04_F_19-3_03-043","EG-MHG-Md- Jaddangi","GINJERTHI",,,,0,,
1346,"04_F_19-3_03-043","EG-MHG-Md- Jaddangi","THANTIKONDA",,,,0,,
1347,"04_F_19-3_03-043","EG-MHG-Md- Jaddangi","YERRAMPADU",,,,0,,
1348,"04_F_19-3_03-043","EG-MHG-Md- Jaddangi","SINGAMPALLE",,,,0,,
1349,"04_F_19-3_03-043","EG-MHG-Md- Jaddangi","GOBBILAMADUGU",,,,0,,
1350,"04_F_19-3_03-043","EG-MHG-Md- Jaddangi","DONELAPALEM",,20,,20,,
1351,"04_F_19-3_03-043","EG-MHG-Md- Jaddangi","JADDANGI",,,,0,,
1352,"04_F_19-3_03-043","EG-MHG-Md- Jaddangi","REVATIPALEM",,,,0,,
1353,"04_F_19-3_03-043","EG-MHG-Md- Jaddangi","VELAGALAPALEM",,,,0,,
1354,"04_F_19-3_03-043","EG-MHG-Md- Jaddangi","Forest",,,,0,,
1355,"04_F_19-3_03-043","EG-MHG-Md- Jaddangi","Kinaparti",,,,0,,
1356,"04_F_19-3_03-043","EG-MHG-Md- Jaddangi","Gavarayyapeta",,,,0,,
1357,"04_F_19-3_03-043","EG-MHG-Md- Jaddangi","Konalova",,,,0,,
1358,"04_F_19-3_03-043","EG-MHG-Md- Jaddangi","Veerabhadrapuram",,,,0,,
1359,"04_F_19-3_03-043","EG-MHG-Md- Jaddangi","Gondolu",,,,0,,
1360,"04_F_19-3_03-043","EG-MHG-Md- Jaddangi","Rajavaram",,,,0,,
1361,"04_F_19-3_03-043","EG-MHG-Md- Jaddangi","Sarampeta",,,,0,,
1362,"04_F_19-3_03-043","EG-MHG-Md- Jaddangi","Gangampalem",,,,0,,
1363,"04_F_19-3_03-043","EG-MHG-Md- Jaddangi","Achayyapeta",,,,0,,
1364,"04_F_19-3_03-043","EG-MHG-Md- Jaddangi","Venkatanagaram",,,,0,,
1365,"04_F_19-3_03-043","EG-MHG-Md- Jaddangi","Mulakalayala Bhimavaram",,,,0,,
1366,"04_F_19-3_03-043","EG-MHG-Md- Jaddangi","Bandamamillu",,,,0,,
1367,"04_F_19-3_03-043","EG-MHG-Md- Jaddangi","Bodlanka",,,,0,,
1368,"04_F_19-3_03-043","EG-MHG-Md- Jaddangi","Dakodu",,,,0,,
1369,"04_F_19-3_03-043","EG-MHG-Md- Jaddangi","Gottilapadu",,,,0,,
1370,"04_F_19-3_03-043","EG-MHG-Md- Jaddangi","Kottampalem",,,,0,,
1371,"04_F_19-3_03-043","EG-MHG-Md- Jaddangi","Languparthi",,,,0,,
1372,"04_F_19-3_03-043","EG-MHG-Md- Jaddangi","Nadimpalem",,,,0,,
1373,"04_F_19-3_03-043","EG-MHG-Md- Jaddangi","Rajanagaram",,,,0,,
1374,"04_F_19-3_03-043","EG-MHG-Md- Jaddangi","Forest",,,,0,,
1375,"04_F_19-2_03-061","EG-MHG-Mg- Addateegala","Bonangipalem",,,,0,,
1376,"04_F_19-2_03-061","EG-MHG-Mg- Addateegala","Gaduvakurthi",,,,0,,
1377,"04_F_19-2_03-061","EG-MHG-Mg- Addateegala","Forest",,1,,1,,
1378,"04_F_19-2_03-061","EG-MHG-Mg- Addateegala","Vetamamidi",,,,0,,
1379,"04_F_19-2_03-061","EG-MHG-Mg- Addateegala","D.Bhimavaram",,,,0,,
1380,"04_F_19-2_03-061","EG-MHG-Mg- Addateegala","Mallavarammamilla",,,,0,,
1381,"04_F_19-2_03-061","EG-MHG-Mg- Addateegala","Nimmalapalem",,,,0,,
1382,"04_F_19-2_03-061","EG-MHG-Mg- Addateegala","Doramamidi",,,,0,,
1383,"04_F_19-2_03-061","EG-MHG-Mg- Addateegala","Somannapalem",,,,0,,
1384,"04_F_19-2_03-061","EG-MHG-Mg- Addateegala","Uligogula",,,,0,,
1385,"04_F_19-2_03-061","EG-MHG-Mg- Addateegala","Kalimamidi",,,,0,,
1386,"04_F_19-2_03-061","EG-MHG-Mg- Addateegala","Jajipalem",,,,0,,
1387,"04_F_19-2_03-061","EG-MHG-Mg- Addateegala","Tirumalawada",,,,0,,
1388,"04_F_19-2_03-061","EG-MHG-Mg- Addateegala","Durcharti",,,,0,,
1389,"04_F_19-2_03-061","EG-MHG-Mg- Addateegala","Potuluru",,,,0,,
1390,"04_F_19-2_03-061","EG-MHG-Mg- Addateegala","D.Ramavaram",,,,0,,
1391,"04_F_19-2_03-061","EG-MHG-Mg- Addateegala","Nukarai",,,,0,,
1392,"04_F_19-2_03-061","EG-MHG-Mg- Addateegala","Bandakonda",,,,0,,
1393,"04_F_19-2_03-061","EG-MHG-Mg- Addateegala","D.Ammapeta",,,,0,,
1394,"04_F_19-2_03-061","EG-MHG-Mg- Addateegala","D.Kothuru",,,,0,,
1395,"04_F_19-2_03-061","EG-MHG-Mg- Addateegala","D.Chodavaram",,,,0,,
1396,"04_F_19-2_03-061","EG-MHG-Mg- Addateegala","Darsinutula(Regulapadu)",,,,0,,
1397,"04_F_19-2_03-061","EG-MHG-Mg- Addateegala","Duppalapalem",,,,0,,
1398,"04_F_19-2_03-061","EG-MHG-Mg- Addateegala","Panasaloddi",,,,0,,
1399,"04_F_19-2_03-061","EG-MHG-Mg- Addateegala","Yellapuram",,,,0,,
1400,"04_F_19-2_03-061","EG-MHG-Mg- Addateegala","Anigeru",,9,,9,,
1401,"04_F_19-2_03-061","EG-MHG-Mg- Addateegala","Addateegala",,,,0,,
1402,"04_F_19-2_03-061","EG-MHG-Mg- Addateegala","Kovelapalem",,,,0,,
1403,"04_F_19-2_03-061","EG-MHG-Mg- Addateegala","Dokkapalem",,1,,1,,
1404,"04_F_19-2_03-061","EG-MHG-Mg- Addateegala","Bhimudupakalu",,1,,1,,
1405,"04_F_19-2_03-061","EG-MHG-Mg- Addateegala","Papampet",,,,0,,
1406,"04_F_19-2_03-061","EG-MHG-Mg- Addateegala","Chinna Addateegala",,,,0,,
1407,"04_F_19-2_03-061","EG-MHG-Mg- Addateegala","Yellavaram",,,,0,,
1408,"04_F_19-2_03-061","EG-MHG-Mg- Addateegala","Forest",,,,0,,
,,,,1,1,1,1,1,1
