,,,,CA,NCA,PQA,
,,,,Industrial,Industrial,Industrial,
Sr.no,Watershed code,GW watershed name,village name,Industrial Wells,Industrial Wells,Industrial Wells,Total 
1,10-C-74-41,Ctr-Swarna-Poli-Poli,Anantapadmanabhapuram,0,,,0
2,10-C-74-41,Ctr-Swarna-Poli-Poli,Appalayagunta,0,,,0
3,10-C-74-41,Ctr-Swarna-Poli-Poli,Bahudur venkatapuram,0,,,0
4,10-C-74-41,Ctr-Swarna-Poli-Poli,Bhimavaram,0,,,0
5,10-C-74-41,Ctr-Swarna-Poli-Poli,Poli,0,,,0
6,10-C-74-41,Ctr-Swarna-Poli-Poli,Vampalle,0,,,0
7,10-C-74-41,Ctr-Swarna-Poli-Poli,Chemuru,,,,0
8,10-C-74-41,Ctr-Swarna-Poli-Poli,Chiyyavaram,,,,0
9,10-C-74-41,Ctr-Swarna-Poli-Poli,Kondachenukandriga,,,,0
10,10-C-74-41,Ctr-Swarna-Poli-Poli,Dainedu,,,,0
11,10-C-74-41,Ctr-Swarna-Poli-Poli,Pillamedu,,,,0
12,10-C-74-41,Ctr-Swarna-Poli-Poli,Mamidigunta,,,,0
13,10-C-74-41,Ctr-Swarna-Poli-Poli,Kasaram,,,,0
14,10-C-74-41,Ctr-Swarna-Poli-Poli,Rambatlapalli,,,,0
15,10-C-74-41,Ctr-Swarna-Poli-Poli,Gottipudi,,,,0
16,10-C-74-42,Ctr-Swarna-Sri Kalahasti-Thottambedu,Peddakanaparthi,1,0,,1
17,10-C-74-42,Ctr-Swarna-Sri Kalahasti-Thottambedu,Thottambedu,,1,,1
18,10-C-74-42,Ctr-Swarna-Sri Kalahasti-Thottambedu,CRN kandriga,,1,,1
19,10-C-74-42,Ctr-Swarna-Sri Kalahasti-Thottambedu,Edulagunta,1,0,,1
20,10-C-74-42,Ctr-Swarna-Sri Kalahasti-Thottambedu,Poyya,1,0,,1
21,10-C-74-42,Ctr-Swarna-Sri Kalahasti-Thottambedu,Karlapudi,1,0,,1
22,10-C-74-42,Ctr-Swarna-Sri Kalahasti-Thottambedu,Tatiparti,1,0,,1
23,10-C-74-42,Ctr-Swarna-Sri Kalahasti-Thottambedu,Gurukulapalem,1,0,,1
24,10-C-74-42,Ctr-Swarna-Sri Kalahasti-Thottambedu,Gummadigaunta,,1,,1
25,10-C-74-42,Ctr-Swarna-Sri Kalahasti-Thottambedu,Chinnasingamala,,0,,0
26,10-C-74-42,Ctr-Swarna-Sri Kalahasti-Thottambedu,Pudi,1,0,,1
27,10-C-74-42,Ctr-Swarna-Sri Kalahasti-Thottambedu,I laganuru,1,0,,1
28,10-C-74-42,Ctr-Swarna-Sri Kalahasti-Thottambedu,Konathaneri,,1,,1
29,10-C-74-42,Ctr-Swarna-Sri Kalahasti-Thottambedu,Pennela Padu,,0,,0
30,10-C-74-42,Ctr-Swarna-Sri Kalahasti-Thottambedu,Konnali,,0,,0
31,10-C-74-42,Ctr-Swarna-Sri Kalahasti-Thottambedu,Peddakannali,,0,,0
32,10-C-74-42,Ctr-Swarna-Sri Kalahasti-Thottambedu,Sambaiahpalem,,1,,1
33,10-C-74-42,Ctr-Swarna-Sri Kalahasti-Thottambedu,Basavaiahpalem,,1,,1
34,10-C-74-42,Ctr-Swarna-Sri Kalahasti-Thottambedu,Forest,,,,0
35,10-C-74-42,Ctr-Swarna-Sri Kalahasti-Thottambedu,Chukkalanidigallu,,1,,1
36,10-C-74-42,Ctr-Swarna-Sri Kalahasti-Thottambedu,Ramapuram,,1,,1
37,10-C-74-42,Ctr-Swarna-Sri Kalahasti-Thottambedu,Sahasralingeswarapuram,,0,,0
38,10-C-74-42,Ctr-Swarna-Sri Kalahasti-Thottambedu,Sri Kalahasthi,,10,,10
39,10-C-74-42,Ctr-Swarna-Sri Kalahasti-Thottambedu,Vedam,,1,,1
40,10-C-74-42,Ctr-Swarna-Sri Kalahasti-Thottambedu,Modugulapalem,,1,,1
41,10-C-76-43,Ctr-Kalangi-Katuru-Katuru,Tangellapalem,,,,0
42,10-C-76-43,Ctr-Kalangi-Katuru-Katuru,Gowdamala,,,,0
43,10-C-76-43,Ctr-Kalangi-Katuru-Katuru,Routhusuramala,,,,0
44,10-C-76-43,Ctr-Kalangi-Katuru-Katuru,Forest,,,,0
45,10-C-76-43,Ctr-Kalangi-Katuru-Katuru,Parlapalli,,,,0
46,10-C-76-43,Ctr-Kalangi-Katuru-Katuru,Pallemala,,,,0
47,10-C-76-43,Ctr-Kalangi-Katuru-Katuru,Katuru,,,,0
48,10-C-76-43,Ctr-Kalangi-Katuru-Katuru,Bhavani sankarapuram,,,,0
49,10-C-76-43,Ctr-Kalangi-Katuru-Katuru,Alathuru,,,,0
50,10-C-76-43,Ctr-Kalangi-Katuru-Katuru,Taripedu,,,,0
51,10-C-76-43,Ctr-Kalangi-Katuru-Katuru,Chinnagunta,,,,0
52,10-C-76-43,Ctr-Kalangi-Katuru-Katuru,Putteri,,,,0
53,10-C-76-43,Ctr-Kalangi-Katuru-Katuru,Peddapalavedu,,,,0
54,10-C-76-43,Ctr-Kalangi-Katuru-Katuru,Vijayagopalapuram,,,,0
55,10-C-76-43,Ctr-Kalangi-Katuru-Katuru,Kananambedu,,,,0
56,10-C-76-44,Ctr-Kalangi-KVB Puram-KVB Puram,Adavaram,,,,0
57,10-C-76-44,Ctr-Kalangi-KVB Puram-KVB Puram,Katrapalli,,,,0
58,10-C-76-44,Ctr-Kalangi-KVB Puram-KVB Puram,Thimmasamudram,,,,0
59,10-C-76-44,Ctr-Kalangi-KVB Puram-KVB Puram,Suramala,,,,0
60,10-C-76-44,Ctr-Kalangi-KVB Puram-KVB Puram,Chellamambapuram,,,,0
61,10-C-76-44,Ctr-Kalangi-KVB Puram-KVB Puram,Kalathuru,,,,0
62,10-C-76-44,Ctr-Kalangi-KVB Puram-KVB Puram,KVB puram,,,,0
63,10-C-76-44,Ctr-Kalangi-KVB Puram-KVB Puram,Perindesam,,,,0
64,10-C-76-44,Ctr-Kalangi-KVB Puram-KVB Puram,MA Rajulakandriga,,,,0
65,10-C-76-44,Ctr-Kalangi-KVB Puram-KVB Puram,Subramanyapuram,,,,0
66,10-C-76-44,Ctr-Kalangi-KVB Puram-KVB Puram,Adaram,,,,0
67,10-C-76-44,Ctr-Kalangi-KVB Puram-KVB Puram,Ragigunta,,,,0
68,10-C-76-44,Ctr-Kalangi-KVB Puram-KVB Puram,Rangaiah gunta,,,,0
69,10-C-76-44,Ctr-Kalangi-KVB Puram-KVB Puram,Kanchera chenganna kandriga,,,,0
70,10-C-76-44,Ctr-Kalangi-KVB Puram-KVB Puram,Pathapalem,,,,0
71,10-C-76-44,Ctr-Kalangi-KVB Puram-KVB Puram,Kovanur,,,,0
72,10-C-76-44,Ctr-Kalangi-KVB Puram-KVB Puram,Gnanamamba puram @Pavanivarikandriga,,,,0
73,10-C-76-44,Ctr-Kalangi-KVB Puram-KVB Puram,Bramhanacheruvu,,,,0
74,10-C-76-44,Ctr-Kalangi-KVB Puram-KVB Puram,Venkatapuram,,,,0
75,10-C-76-44,Ctr-Kalangi-KVB Puram-KVB Puram,Angericheruvu,,,,0
76,10-C-76-44,Ctr-Kalangi-KVB Puram-KVB Puram,Bramhanapalli,,,,0
77,10-C-76-44,Ctr-Kalangi-KVB Puram-KVB Puram,Bakkapotukunta,,,,0
78,10-C-76-44,Ctr-Kalangi-KVB Puram-KVB Puram,Timmanaidugunta,,,,0
79,10-C-76-44,Ctr-Kalangi-KVB Puram-KVB Puram,Pudi (a) Chennakesava-puram,,,,0
80,10-C-76-44,Ctr-Kalangi-KVB Puram-KVB Puram,Kandluru,,,,0
81,10-C-76-44,Ctr-Kalangi-KVB Puram-KVB Puram,Anjuru,,,,0
82,10-C-76-44,Ctr-Kalangi-KVB Puram-KVB Puram,Guntipedu,,,,0
83,10-C-76-44,Ctr-Kalangi-KVB Puram-KVB Puram,Forest,,,,0
84,10-C-76-44,Ctr-Kalangi-KVB Puram-KVB Puram,Bonupalle,,,,0
85,10-C-76-44,Ctr-Kalangi-KVB Puram-KVB Puram,Sri Krishnapuram,,,,0
86,10-C-76-44,Ctr-Kalangi-KVB Puram-KVB Puram,Kanchanapalli,,,,0
87,10-C-76-44,Ctr-Kalangi-KVB Puram-KVB Puram,Chittatur,,,,0
88,10-C-76-44,Ctr-Kalangi-KVB Puram-KVB Puram,Dongalamadugu,,,,0
89,10-C-76-44,Ctr-Kalangi-KVB Puram-KVB Puram,Sivanadhapalem,,,,0
90,10-C-76-44,Ctr-Kalangi-KVB Puram-KVB Puram,Forest,,,,0
91,10-C-76-44,Ctr-Kalangi-KVB Puram-KVB Puram,Forest,,,,0
92,10-C-76-44,Ctr-Kalangi-KVB Puram-KVB Puram,Timmabhupalapuram,,,,0
93,10-C-76-44,Ctr-Kalangi-KVB Puram-KVB Puram,Kothapalem,,,,0
94,10-C-76-44,Ctr-Kalangi-KVB Puram-KVB Puram,Tangellapuram,,,,0
95,10-C-76-44,Ctr-Kalangi-KVB Puram-KVB Puram,Vallur,,,,0
96,10-C-76-44,Ctr-Kalangi-KVB Puram-KVB Puram,Vagathur,,,,0
97,10-C-76-45,Ctr_Kalangi_Nirpakota,Nirpakota,1,,,1
98,10-C-76-45,Ctr_Kalangi_Nirpakota,Gajulapalluru,1,,,1
99,10-C-76-45,Ctr_Kalangi_Nirpakota,Kanchanaputturu,1,,,1
100,10-C-76-45,Ctr_Kalangi_Nirpakota,Padamara vanathuru,1,,,1
101,10-C-76-45,Ctr_Kalangi_Nirpakota,Kukkambakam,1,,,1
102,10-C-76-45,Ctr_Kalangi_Nirpakota,Talarivettu,1,,,1
103,10-C-76-45,Ctr_Kalangi_Nirpakota,K.V.Puram,0,,,0
104,10-C-76-45,Ctr_Kalangi_Nirpakota,Kallivettu,1,,,1
105,10-C-76-45,Ctr_Kalangi_Nirpakota,Chellemambapuram,,1,,1
106,10-C-76-45,Ctr_Kalangi_Nirpakota,Nelavoy,1,,,1
107,10-C-76-45,Ctr_Kalangi_Nirpakota,V.palem,1,,,1
108,10-C-76-45,Ctr_Kalangi_Nirpakota,Kambakam,2,,,2
109,10-C-76-45,Ctr_Kalangi_Nirpakota,Kadur,1,,,1
110,10-C-76-45,Ctr_Kalangi_Nirpakota,Nellatur,1,,,1
111,10-C-76-45,Ctr_Kalangi_Nirpakota,Gudalavaripalem,,1,,1
112,10-C-76-45,Ctr_Kalangi_Nirpakota,Kolathur,,1,,1
113,10-C-76-45,Ctr_Kalangi_Nirpakota,Thonduru,,1,,1
114,10-C-76-45,Ctr_Kalangi_Nirpakota,Siddama Agraharam,,1,,1
115,10-C-76-45,Ctr_Kalangi_Nirpakota,Vittaiah Palem,1,,,1
116,10-C-76-45,Ctr_Kalangi_Nirpakota,Maruduvada,1,,,1
117,10-C-76-45,Ctr_Kalangi_Nirpakota,Amburu,1,,,1
118,10-C-76-45,Ctr_Kalangi_Nirpakota,Ayyavaripalem,1,,,1
119,10-C-76-45,Ctr_Kalangi_Nirpakota,Santavelur,1,,,1
120,10-C-76-45,Ctr_Kalangi_Nirpakota,Satambedu,1,,,1
121,10-C-76-45,Ctr_Kalangi_Nirpakota,Isukapalem,,0,,0
122,10-C-76-45,Ctr_Kalangi_Nirpakota,Kuvvakolli,1,,,1
123,10-C-76-45,Ctr_Kalangi_Nirpakota,Racherla,1,,,1
124,10-C-76-45,Ctr_Kalangi_Nirpakota,Yanadivettu,1,,,1
125,10-C-76-45,Ctr_Kalangi_Nirpakota,Padirikuppam,1,,,1
126,10-C-76-45,Ctr_Kalangi_Nirpakota,Panduru,1,,,1
127,10-C-76-45,Ctr_Kalangi_Nirpakota,Kovurpadu,1,,,1
128,10-C-76-45,Ctr_Kalangi_Nirpakota,Thowdambattu,1,,,1
129,10-C-76-45,Ctr_Kalangi_Nirpakota,Chinnapandur,1,,,1
130,10-C-76-45,Ctr_Kalangi_Nirpakota,Aruduru,1,,,1
131,10-C-76-45,Ctr_Kalangi_Nirpakota,Chavali Lingamanaidupalli,1,,,1
132,10-C-76-45,Ctr_Kalangi_Nirpakota,Kurinjalem,,1,,1
133,10-C-76-45,Ctr_Kalangi_Nirpakota,Forest,,,,0
134,10-C-76-45,Ctr_Kalangi_Nirpakota,388 Arur,,1,,1
135,10-C-76-45,Ctr_Kalangi_Nirpakota,Appaiahpalem,,1,,1
136,10-C-76-45,Ctr_Kalangi_Nirpakota,Pedda Etipakam,,1,,1
137,10-C-76-45,Ctr_Kalangi_Nirpakota,Chinna Etipakam,,1,,1
138,10-C-76-45,Ctr_Kalangi_Nirpakota,P.V.Puram,,2,,2
139,10-C-76-45,Ctr_Kalangi_Nirpakota,Rajagopalapuram,1,,,1
140,10-C-76-45,Ctr_Kalangi_Nirpakota,Kannavaram,,1,,1
141,10-C-76-45,Ctr_Kalangi_Nirpakota,Forest,,,,0
142,10-C-76-45,Ctr_Kalangi_Nirpakota,Birakuppam,,1,,1
143,10-C-76-45,Ctr_Kalangi_Nirpakota,Tripuranthakapuram kota,,1,,1
144,10-C-69-1,CTR_C_69_PAPAGHNI_KANDUKURU,Kandukur,,0,,0
145,10-C-69-1,CTR_C_69_PAPAGHNI_KANDUKURU,Pattemvandla palle,,0,,0
146,10-C-69-1,CTR_C_69_PAPAGHNI_KANDUKURU,T.Sadum,,0,,0
147,10-C-69-1,CTR_C_69_PAPAGHNI_KANDUKURU,Anantapuram,,0,,0
148,10-C-69-1,CTR_C_69_PAPAGHNI_KANDUKURU,Chinna Pongupalli,,0,,0
149,10-C-69-2,Ctr_Papa_K Kota,Kadirinaduni Kota,,,,0
150,10-C-69-2,Ctr_Papa_K Kota,Nayuni Cheruvu Palle,,,,0
151,10-C-69-2,Ctr_Papa_K Kota,Marellagadda,,,,0
152,10-C-69-2,Ctr_Papa_K Kota,Forest,,,,0
153,10-C-69-2,Ctr_Papa_K Kota,Pulikallu,,,,0
154,10-C-69-2,Ctr_Papa_K Kota,Katnagallu,,,,0
155,10-C-69-2,Ctr_Papa_K Kota,Jagadamvari Palle,,,,0
156,10-C-69-3,Ctr-Papa-PTM,Pedda Thippa Samudram,,0,,0
157,10-C-69-3,Ctr-Papa-PTM,Maddaiahgaripalli,,0,,0
158,10-C-69-3,Ctr-Papa-PTM,Mallela,,0,,0
159,10-C-69-3,Ctr-Papa-PTM,Amalla Banda Kota,,0,,0
160,10-C-69-3,Ctr-Papa-PTM,Sampathi Kota,,0,,0
161,10-C-69-3,Ctr-Papa-PTM,Buchi Palle,,0,,0
162,10-C-69-3,Ctr-Papa-PTM,Tummara Kunta,,0,,0
163,10-C-69-3,Ctr-Papa-PTM,Chennappagaripalli,,0,,0
164,10-C-69-3,Ctr-Papa-PTM,Chennaiahgaripalli,,0,,0
165,10-C-69-4,Ctr_Papa_Gummasamudram,B.Kothakota,,,,0
166,10-C-69-4,Ctr_Papa_Gummasamudram,Badikayalapalle,,,,0
167,10-C-69-4,Ctr_Papa_Gummasamudram,Boyyappagaripalle,,,,0
168,10-C-69-4,Ctr_Papa_Gummasamudram,Beerangi,,,,0
169,10-C-69-4,Ctr_Papa_Gummasamudram,Gattu,,,,0
170,10-C-69-4,Ctr_Papa_Gummasamudram,Gollapalle,,,,0
171,10-C-69-4,Ctr_Papa_Gummasamudram,Gummasamudram,,,,0
172,10-C-69-4,Ctr_Papa_Gummasamudram,Kotavooru,,,,0
173,10-C-69-4,Ctr_Papa_Gummasamudram,Thummanagutta,,,,0
174,10-C-69-4,Ctr_Papa_Gummasamudram,Forest,,,,0
175,10-C-69-4,Ctr_Papa_Gummasamudram,Burakaykota,,,,0
176,10-C-69-4,Ctr_Papa_Gummasamudram,Devalacheruvu,,,,0
177,10-C-69-4,Ctr_Papa_Gummasamudram,Devarapalli,,,,0
178,10-C-69-4,Ctr_Papa_Gummasamudram,M.Nayanipalli,,,,0
179,10-C-69-4,Ctr_Papa_Gummasamudram,Nadigadda Timmapalli,,,,0
180,10-C-69-4,Ctr_Papa_Gummasamudram,Peddapalem,,,,0
181,10-C-69-4,Ctr_Papa_Gummasamudram,Vepurikota,,,,0
182,10-C-69-4,Ctr_Papa_Gummasamudram,Forest,,,,0
183,10-C-69-4,Ctr_Papa_Gummasamudram,Boorlapalle,,,,0
184,10-C-69-4,Ctr_Papa_Gummasamudram,Kamsala vandla palle,,,,0
185,10-C-69-4,Ctr_Papa_Gummasamudram,Madumuru,,,,0
186,10-C-69-4,Ctr_Papa_Gummasamudram,Rangasamudram,,,,0
187,10-C-69-5,Ctr-Papa-Molakalacheruvu,Forest,,,,0
188,10-C-69-5,Ctr-Papa-Molakalacheruvu,Molakacheruvu,,,,0
189,10-C-69-5,Ctr-Papa-Molakalacheruvu,Gudupalle,,,,0
190,10-C-69-5,Ctr-Papa-Molakalacheruvu,Kalva Palle,,,,0
191,10-C-69-6,Ctr-Papa-Sompalle-Sompalle,Diguvapalli,,,,0
192,10-C-69-6,Ctr-Papa-Sompalle-Sompalle,Junjurupenta,,,,0
193,10-C-69-6,Ctr-Papa-Sompalle-Sompalle,Gangireddipalli,,,,0
194,10-C-69-6,Ctr-Papa-Sompalle-Sompalle,Kotlapalli,,,,0
195,10-C-69-6,Ctr-Papa-Sompalle-Sompalle,Forest,,,,0
196,10-C-69-6,Ctr-Papa-Sompalle-Sompalle,Sompalli,,,,0
197,10-C-69-6,Ctr-Papa-Sompalle-Sompalle,Chowdasamudram,,,,0
198,10-C-69-7,Ctr-Papa-Peddaeru east- Bandrevu,Gopidinne,,1,,1
199,10-C-69-7,Ctr-Papa-Peddaeru east- Bandrevu,Kotala,,1,,1
200,10-C-69-7,Ctr-Papa-Peddaeru east- Bandrevu,Forest,,,,0
201,10-C-69-7,Ctr-Papa-Peddaeru east- Bandrevu,Musalikunta,,1,,1
202,10-C-69-7,Ctr-Papa-Peddaeru east- Bandrevu,Bandrevu,,1,,1
203,10-C-69-8,Ctr-Papa-Mudivedu,Pitchandlapalli,,,,0
204,10-C-69-8,Ctr-Papa-Mudivedu,Mudivedu,,,,0
205,10-C-69-8,Ctr-Papa-Mudivedu,Forest,,,,0
206,10-C-69-8,Ctr-Papa-Mudivedu,Tamballapalli,,,,0
207,10-C-69-8,Ctr-Papa-Mudivedu,Kannemadugu,,,,0
208,10-C-69-8,Ctr-Papa-Mudivedu,Errasanipalli,,,,0
209,10-C-69-8,Ctr-Papa-Mudivedu,Eddulavaripalli,,,,0
210,10-C-69-8,Ctr-Papa-Mudivedu,Panchalamari,,,,0
211,10-C-69-8,Ctr-Papa-Mudivedu,Marri makulapalli,,,,0
212,10-C-69-8,Ctr-Papa-Mudivedu,Renu makulapalli,,,,0
213,10-C-69-8,Ctr-Papa-Mudivedu,Kosuvaripalli,,,,0
214,10-C-69-8,Ctr-Papa-Mudivedu,Gundlapalli,,,,0
215,10-C-69-8,Ctr-Papa-Mudivedu,Diguvapalem,,,,0
216,10-C-69-9,Ctr_Papa_Kush_Pedda,Kandriga,,,,0
217,10-C-69-9,Ctr_Papa_Kush_Pedda,Sangasamudram,,,,0
218,10-C-69-9,Ctr_Papa_Kush_Pedda,Gurramkonda,,,,0
219,10-C-69-9,Ctr_Papa_Kush_Pedda,Forest,,,,0
220,10-C-69-9,Ctr_Papa_Kush_Pedda,Forest,,,,0
221,10-C-69-9,Ctr_Papa_Kush_Pedda,Kotakonda,,,,0
222,10-C-69-9,Ctr_Papa_Kush_Pedda,Kukkarajupalli,,,,0
223,10-C-69-9,Ctr_Papa_Kush_Pedda,Forest,,,,0
224,10-C-69-9,Ctr_Papa_Kush_Pedda,Peddamandyam,,,,0
225,10-C-69-9,Ctr_Papa_Kush_Pedda,Papepalli,,,,0
226,10-C-69-9,Ctr_Papa_Kush_Pedda,Kalicharla,,,,0
227,10-C-69-9,Ctr_Papa_Kush_Pedda,Siddavaram,,,,0
228,10-C-69-9,Ctr_Papa_Kush_Pedda,Sivapuram,,,,0
229,10-C-69-9,Ctr_Papa_Kush_Pedda,Veligallu,,,,0
230,10-C-71-10,Ctr-Ch-Pasala-Pasalavandlapalle,Forest,,,,0
231,10-C-71-10,Ctr-Ch-Pasala-Pasalavandlapalle,Forest,,,,0
232,10-C-71-10,Ctr-Ch-Pasala-Pasalavandlapalle,Pasalavandlapalli,,,,0
233,10-C-71-11,Ctr-Ch-Satyavathi-Cherlopalle,Ellutla,,,,0
234,10-C-71-11,Ctr-Ch-Satyavathi-Cherlopalle,Cherlopalli,,,,0
235,10-C-71-11,Ctr-Ch-Satyavathi-Cherlopalle,Chittiboyanapalli,,,,0
236,10-C-71-11,Ctr-Ch-Satyavathi-Cherlopalle,Sarimadugu,,,,0
237,10-C-71-11,Ctr-Ch-Satyavathi-Cherlopalle,Nadimkandriga,,,,0
238,10-C-71-11,Ctr-Ch-Satyavathi-Cherlopalle,Forest,,,,0
239,10-C-71-11,Ctr-Ch-Satyavathi-Cherlopalle,Forest,,,,0
240,10-C-71-11,Ctr-Ch-Satyavathi-Cherlopalle,Kalakada Kothapalli,,,,0
241,10-C-71-11,Ctr-Ch-Satyavathi-Cherlopalle,Devalapalli,,,,0
242,10-C-71-11,Ctr-Ch-Satyavathi-Cherlopalle,Kadirayacheruvu,,,,0
243,10-C-71-11,Ctr-Ch-Satyavathi-Cherlopalle,Nadimcherla,,,,0
244,10-C-71-11,Ctr-Ch-Satyavathi-Cherlopalle,Madinenipalem,,,,0
245,10-C-71-11,Ctr-Ch-Satyavathi-Cherlopalle,Kona,,,,0
246,10-C-71-11,Ctr-Ch-Satyavathi-Cherlopalle,Gudibanda,,,,0
247,10-C-71-12,Ctr-Ch-Doddipalle-Enugondapalem,Marrimakulapalli,,,,0
248,10-C-71-12,Ctr-Ch-Doddipalle-Enugondapalem,Forest,,,,0
249,10-C-71-12,Ctr-Ch-Doddipalle-Enugondapalem,Forest,,,,0
250,10-C-71-12,Ctr-Ch-Doddipalle-Enugondapalem,Gangapuram,,,,0
251,10-C-71-12,Ctr-Ch-Doddipalle-Enugondapalem,Ratiguntapalli,,,,0
252,10-C-71-12,Ctr-Ch-Doddipalle-Enugondapalem,Errakotapalli,,,,0
253,10-C-71-12,Ctr-Ch-Doddipalle-Enugondapalem,Nawabpeta,,,,0
254,10-C-71-12,Ctr-Ch-Doddipalle-Enugondapalem,Mudiamvaripalli,,,,0
255,10-C-71-12,Ctr-Ch-Doddipalle-Enugondapalem,Enugondapalem,,,,0
256,10-C-71-12,Ctr-Ch-Doddipalle-Enugondapalem,Kalakada Doddipalle,,,,0
257,10-C-71-13,Ctr-Ch-Marripadu-Tarikonda,Nagarimadugu,,,,0
258,10-C-71-13,Ctr-Ch-Marripadu-Tarikonda,Velagapalli,,,,0
259,10-C-71-13,Ctr-Ch-Marripadu-Tarikonda,Jarravaripalli,,,,0
260,10-C-71-13,Ctr-Ch-Marripadu-Tarikonda,Ayyavaripalli,,,,0
261,10-C-71-13,Ctr-Ch-Marripadu-Tarikonda,Chintaparti,,,,0
262,10-C-71-13,Ctr-Ch-Marripadu-Tarikonda,Jamallapalli,,,,0
263,10-C-71-13,Ctr-Ch-Marripadu-Tarikonda,Budidavedu,,,,0
264,10-C-71-13,Ctr-Ch-Marripadu-Tarikonda,Tsakirevupalli,,,,0
265,10-C-71-13,Ctr-Ch-Marripadu-Tarikonda,Manchur,,,,0
266,10-C-71-13,Ctr-Ch-Marripadu-Tarikonda,Forest,,,,0
267,10-C-71-13,Ctr-Ch-Marripadu-Tarikonda,Amilepalli,,,,0
268,10-C-71-13,Ctr-Ch-Marripadu-Tarikonda,Arigalavaripalli,,,,0
269,10-C-71-13,Ctr-Ch-Marripadu-Tarikonda,Settivaripalli,,,,0
270,10-C-71-13,Ctr-Ch-Marripadu-Tarikonda,Ramapuram,,,,0
271,10-C-71-13,Ctr-Ch-Marripadu-Tarikonda,Marripadu,,,,0
272,10-C-71-13,Ctr-Ch-Marripadu-Tarikonda,Tarigonda,,,,0
273,10-C-71-13,Ctr-Ch-Marripadu-Tarikonda,T.Rachapalli,,,,0
274,10-C-71-13,Ctr-Ch-Marripadu-Tarikonda,Matlivaripalli,,,,0
275,10-C-71-13,Ctr-Ch-Marripadu-Tarikonda,Potuvaripalli,,,,0
276,10-C-71-13,Ctr-Ch-Marripadu-Tarikonda,Forest,,,,0
277,10-C-71-13,Ctr-Ch-Marripadu-Tarikonda,Forest,,,,0
278,10-C-71-13,Ctr-Ch-Marripadu-Tarikonda,Parapatla,,,,0
279,10-C-71-13,Ctr-Ch-Marripadu-Tarikonda,Chikatipalli,,,,0
280,10-C-71-13,Ctr-Ch-Marripadu-Tarikonda,Gundluru,,,,0
281,10-C-71-13,Ctr-Ch-Marripadu-Tarikonda,Mahalrajupalli,,,,0
282,10-C-71-14,Ctr-Ch-Thettuvanka-Vayalpadu,CTM,,,,0
283,10-C-71-14,Ctr-Ch-Thettuvanka-Vayalpadu,Kothavaripalli,,,,0
284,10-C-71-14,Ctr-Ch-Thettuvanka-Vayalpadu,Kasiraopeta,,,,0
285,10-C-71-14,Ctr-Ch-Thettuvanka-Vayalpadu,Pothapolu,,,,0
286,10-C-71-14,Ctr-Ch-Thettuvanka-Vayalpadu,Kurabalakota,,,,0
287,10-C-71-14,Ctr-Ch-Thettuvanka-Vayalpadu,Thettu,,,,0
288,10-C-71-14,Ctr-Ch-Thettuvanka-Vayalpadu,Angallu,,,,0
289,10-C-71-14,Ctr-Ch-Thettuvanka-Vayalpadu,Bramhanapalli,,,,0
290,10-C-71-14,Ctr-Ch-Thettuvanka-Vayalpadu,Mutakavaripalli,,,,0
291,10-C-71-14,Ctr-Ch-Thettuvanka-Vayalpadu,Forest,,,,0
292,10-C-71-14,Ctr-Ch-Thettuvanka-Vayalpadu,Valmiki Puram,,,,0
293,10-C-71-14,Ctr-Ch-Thettuvanka-Vayalpadu,Chintalavaripalli,,,,0
294,10-C-71-14,Ctr-Ch-Thettuvanka-Vayalpadu,Aramadaka,,,,0
295,10-C-71-14,Ctr-Ch-Thettuvanka-Vayalpadu,Kuraparti,,,,0
296,10-C-71-14,Ctr-Ch-Thettuvanka-Vayalpadu,Vitalam,,,,0
297,10-C-71-14,Ctr-Ch-Thettuvanka-Vayalpadu,Kollabailu,,,,0
298,10-C-71-15,Ctr-Ch-Regadakalva-Madanapalle,Madanapalli,,,,0
299,10-C-71-15,Ctr-Ch-Regadakalva-Madanapalle,Bandamidakampalli,,,,0
300,10-C-71-15,Ctr-Ch-Regadakalva-Madanapalle,Kampalli,,,,0
301,10-C-71-15,Ctr-Ch-Regadakalva-Madanapalle,Basinikonda,,,,0
302,10-C-71-15,Ctr-Ch-Regadakalva-Madanapalle,Venkappakota,,,,0
303,10-C-71-15,Ctr-Ch-Regadakalva-Madanapalle,Pamayyagaripalli,,,,0
304,10-C-71-15,Ctr-Ch-Regadakalva-Madanapalle,Valasapalli,,,,0
305,10-C-71-15,Ctr-Ch-Regadakalva-Madanapalle,Molakaladinne,,,,0
306,10-C-71-15,Ctr-Ch-Regadakalva-Madanapalle,Penchupadu,,,,0
307,10-C-71-15,Ctr-Ch-Regadakalva-Madanapalle,Malepadu,,,,0
308,10-C-71-15,Ctr-Ch-Regadakalva-Madanapalle,Teneegalavandlapalli,,,,0
309,10-C-71-15,Ctr-Ch-Regadakalva-Madanapalle,Vempalli,,,,0
310,10-C-71-15,Ctr-Ch-Regadakalva-Madanapalle,Ponnetipalem,,,,0
311,10-C-71-15,Ctr-Ch-Regadakalva-Madanapalle,Chippili,,,,0
312,10-C-71-15,Ctr-Ch-Regadakalva-Madanapalle,Papireddigaripalli,,,,0
313,10-C-71-15,Ctr-Ch-Regadakalva-Madanapalle,Ankisettipalli,,,,0
314,10-C-71-15,Ctr-Ch-Regadakalva-Madanapalle,Forest,,,,0
315,10-C-71-15,Ctr-Ch-Regadakalva-Madanapalle,Chandramakulapalli,,,,0
316,10-C-71-15,Ctr-Ch-Regadakalva-Madanapalle,Bodevaripalli,,,,0
317,10-C-71-15,Ctr-Ch-Regadakalva-Madanapalle,Palempalli,,,,0
318,10-C-71-15,Ctr-Ch-Regadakalva-Madanapalle,Rachavetivaripalli,,,,0
319,10-C-71-15,Ctr-Ch-Regadakalva-Madanapalle,Machireddigaripalli,,,,0
320,10-C-71-15,Ctr-Ch-Regadakalva-Madanapalle,Reddivaripalli,,,,0
321,10-C-71-15,Ctr-Ch-Regadakalva-Madanapalle,Bandlapayi,,,,0
322,10-C-71-16,Ctr-Ch-Reservoir-Nimmanapalle,Nimmanapalli,,,,0
323,10-C-71-16,Ctr-Ch-Reservoir-Nimmanapalle,Mustooru,,,,0
324,10-C-71-16,Ctr-Ch-Reservoir-Nimmanapalle,Choukillavaripalli,,,,0
325,10-C-71-16,Ctr-Ch-Reservoir-Nimmanapalle,Tavalam,,,,0
326,10-C-71-16,Ctr-Ch-Reservoir-Nimmanapalle,Agraharam,,,,0
327,10-C-71-16,Ctr-Ch-Reservoir-Nimmanapalle,Vengamvaripalli,,,,0
328,10-C-71-16,Ctr-Ch-Reservoir-Nimmanapalle,Forest,,,,0
329,10-C-71-16,Ctr-Ch-Reservoir-Nimmanapalle,Forest,,,,0
330,10-C-71-16,Ctr-Ch-Reservoir-Nimmanapalle,Forest,,,,0
331,10-C-71-16,Ctr-Ch-Reservoir-Nimmanapalle,Mugalamarri,,,,0
332,10-C-79-52,Ctr-Kor-Kundetivanka,Alathur,,,,0
333,10-C-79-52,Ctr-Kor-Kundetivanka,Annuru kasabagayat,,,,0
334,10-C-79-52,Ctr-Kor-Kundetivanka,Battuvaripalli,,,,0
335,10-C-79-52,Ctr-Kor-Kundetivanka,Gazanki,,,,0
336,10-C-79-52,Ctr-Kor-Kundetivanka,Kasava Raja Pura Agraharam,,,,0
337,10-C-79-52,Ctr-Kor-Kundetivanka,Karvetinagarm,,,,0
338,10-C-79-52,Ctr-Kor-Kundetivanka,Katherapalle,,,,0
339,10-C-79-52,Ctr-Kor-Kundetivanka,Kesavakuppam,,,,0
340,10-C-79-52,Ctr-Kor-Kundetivanka,Kollagunta,,,,0
341,10-C-79-52,Ctr-Kor-Kundetivanka,Makamamba Vilasam,,,,0
342,10-C-79-52,Ctr-Kor-Kundetivanka,Mukkara vari palli,,,,0
343,10-C-79-52,Ctr-Kor-Kundetivanka,Nissanka Durgam,,,,0
344,10-C-79-52,Ctr-Kor-Kundetivanka,Ponnagallu,,,,0
345,10-C-79-52,Ctr-Kor-Kundetivanka,Rajakumara Venkata Bahadur Peta,,,,0
346,10-C-79-52,Ctr-Kor-Kundetivanka,Thirumala Kondamamba gari Peta,,,,0
347,10-C-79-52,Ctr-Kor-Kundetivanka,Viratapuram - Ammapalle RF,,,,0
348,10-C-79-52,Ctr-Kor-Kundetivanka,Yerramarajupalli,,,,0
349,10-C-79-52,Ctr-Kor-Kundetivanka,Kamachinnayapalli,,,,0
350,10-C-79-52,Ctr-Kor-Kundetivanka,Chillamakulapalli,,,,0
351,10-C-79-52,Ctr-Kor-Kundetivanka,Chokkamadugu,,,,0
352,10-C-79-52,Ctr-Kor-Kundetivanka,Muddikuppam,,,,0
353,10-C-79-52,Ctr-Kor-Kundetivanka,Nelavai,,,,0
354,10-C-79-52,Ctr-Kor-Kundetivanka,Pillarikuppam,,,,0
355,10-C-79-52,Ctr-Kor-Kundetivanka,Venkatapuram,,,,0
356,10-C-79-52,Ctr-Kor-Kundetivanka,Aggichenupalli,,,,0
357,10-C-79-52,Ctr-Kor-Kundetivanka,Allamadugu,,,,0
358,10-C-79-52,Ctr-Kor-Kundetivanka,Bramhanapalli,,,,0
359,10-C-79-52,Ctr-Kor-Kundetivanka,Chenchugudi,,,,0
360,10-C-79-52,Ctr-Kor-Kundetivanka,Devaragudipalli,,,,0
361,10-C-79-52,Ctr-Kor-Kundetivanka,Goduguchinta,,,,0
362,10-C-79-52,Ctr-Kor-Kundetivanka,Inam kothur,,,,0
363,10-C-79-52,Ctr-Kor-Kundetivanka,Jakkadona,,,,0
364,10-C-79-52,Ctr-Kor-Kundetivanka,Jarlabailu,,,,0
365,10-C-79-52,Ctr-Kor-Kundetivanka,Kommaragunta,,,,0
366,10-C-79-52,Ctr-Kor-Kundetivanka,Kondakindapalli,,,,0
367,10-C-79-52,Ctr-Kor-Kundetivanka,Kurivikuppam,,,,0
368,10-C-79-52,Ctr-Kor-Kundetivanka,KVM Agraharam,,,,0
369,10-C-79-52,Ctr-Kor-Kundetivanka,Makamamba-puram,,,,0
370,10-C-79-52,Ctr-Kor-Kundetivanka,Mambedu,,,,0
371,10-C-79-52,Ctr-Kor-Kundetivanka,Mandivenganapalli,,,,0
372,10-C-79-52,Ctr-Kor-Kundetivanka,Marepalli,,,,0
373,10-C-79-52,Ctr-Kor-Kundetivanka,Pachikapallam,,,,0
374,10-C-79-52,Ctr-Kor-Kundetivanka,Perumallapalli,,,,0
375,10-C-79-52,Ctr-Kor-Kundetivanka,Petagunta,,,,0
376,10-C-79-52,Ctr-Kor-Kundetivanka,TKM puram,,,,0
377,10-C-79-52,Ctr-Kor-Kundetivanka,Vedurukuppam,,,,0
378,10-C-79-52,Ctr-Kor-Kundetivanka,Venugopalapuram,,,,0
379,10-C-79-52,Ctr-Kor-Kundetivanka,Veperi,,,,0
380,10-C-71-17,Ctr-Ch-Bahudaeast-Marrikuntapalle,Marrikuntapalli,,,,0
381,10-C-71-17,Ctr-Ch-Bahudaeast-Marrikuntapalle,Medikurti,,,,0
382,10-C-71-17,Ctr-Ch-Bahudaeast-Marrikuntapalle,Pallavolu,,,,0
383,10-C-71-17,Ctr-Ch-Bahudaeast-Marrikuntapalle,Boppasamudram,,,,0
384,10-C-71-17,Ctr-Ch-Bahudaeast-Marrikuntapalle,Galivaripalli,,1,,1
385,10-C-71-17,Ctr-Ch-Bahudaeast-Marrikuntapalle,Gyarampalli,,1,,1
386,10-C-71-17,Ctr-Ch-Bahudaeast-Marrikuntapalle,Hissapalli,,,,0
387,10-C-71-17,Ctr-Ch-Bahudaeast-Marrikuntapalle,Timmapuram,,1,,1
388,10-C-71-17,Ctr-Ch-Bahudaeast-Marrikuntapalle,Titavaguntapalli,,1,,1
389,10-C-71-17,Ctr-Ch-Bahudaeast-Marrikuntapalle,Tuvapalli,,1,,1
390,10-C-71-17,Ctr-Ch-Bahudaeast-Marrikuntapalle,Gandaboyanapalli,,1,,1
391,10-C-71-17,Ctr-Ch-Bahudaeast-Marrikuntapalle,Tatiguntapalli,,1,,1
392,10-C-71-17,Ctr-Ch-Bahudaeast-Marrikuntapalle,Forest,,,,0
393,10-C-71-17,Ctr-Ch-Bahudaeast-Marrikuntapalle,Forest,,,,0
394,10-C-71-17,Ctr-Ch-Bahudaeast-Marrikuntapalle,Mahal,,1,,1
395,10-C-71-18,Ctr-Ch-Bahudawest-Kalakada,Kalakada,,,,0
396,10-C-71-19,Ctr-Ch-KV PalleVanka-KV Palle,Maddipatla Vari Palle,,,,0
397,10-C-71-19,Ctr-Ch-KV PalleVanka-KV Palle,Khambham Vari Palli,,,,0
398,10-C-71-19,Ctr-Ch-KV PalleVanka-KV Palle,Garnimitta,,,,0
399,10-C-71-19,Ctr-Ch-KV PalleVanka-KV Palle,Matampalli,,,,0
400,10-C-71-19,Ctr-Ch-KV PalleVanka-KV Palle,Marella,,,,0
401,10-C-71-19,Ctr-Ch-KV PalleVanka-KV Palle,Forest,,,,0
402,10-C-71-19,Ctr-Ch-KV PalleVanka-KV Palle,Nuthana Kalva,,,,0
403,10-C-71-20,Ctr-Ch-Sorakayalapeta-Vagalla,Pattegada,,1,,1
404,10-C-71-20,Ctr-Ch-Sorakayalapeta-Vagalla,Sandravaripalli,,1,,1
405,10-C-71-20,Ctr-Ch-Sorakayalapeta-Vagalla,Munellapalli,,1,,1
406,10-C-71-20,Ctr-Ch-Sorakayalapeta-Vagalla,Vagalla,,1,,1
407,10-C-71-20,Ctr-Ch-Sorakayalapeta-Vagalla,Ketamreddipalle,,,,0
408,10-C-71-20,Ctr-Ch-Sorakayalapeta-Vagalla,Kasireddipalle,,,,0
409,10-C-71-20,Ctr-Ch-Sorakayalapeta-Vagalla,Yerlampalle,,,,0
410,10-C-71-20,Ctr-Ch-Sorakayalapeta-Vagalla,Gorandlapalli,,1,,1
411,10-C-71-20,Ctr-Ch-Sorakayalapeta-Vagalla,Sorakayalapeta,,1,,1
412,10-C-71-20,Ctr-Ch-Sorakayalapeta-Vagalla,Forest,,,,0
413,10-C-71-20,Ctr-Ch-Sorakayalapeta-Vagalla,Forest,,,,0
414,10-C-71-20,Ctr-Ch-Sorakayalapeta-Vagalla,Kavalipalli,,1,,1
415,10-C-71-20,Ctr-Ch-Sorakayalapeta-Vagalla,M Cheruvu,,1,,1
416,10-C-71-20,Ctr-Ch-Sorakayalapeta-Vagalla,Avuvaripalle,,,,0
417,10-C-71-20,Ctr-Ch-Sorakayalapeta-Vagalla,Mudupulavemula,,1,,1
418,10-C-71-21,Ctr-Ch-Chinthalavari Palle-Kalikiri,Vootupalli,,,,0
419,10-C-71-21,Ctr-Ch-Chinthalavari Palle-Kalikiri,79 Chinthamakula palli,,,,0
420,10-C-71-21,Ctr-Ch-Chinthalavari Palle-Kalikiri,Palamanda,,,,0
421,10-C-71-21,Ctr-Ch-Chinthalavari Palle-Kalikiri,Forest,,,,0
422,10-C-71-21,Ctr-Ch-Chinthalavari Palle-Kalikiri,Forest,,,,0
423,10-C-71-21,Ctr-Ch-Chinthalavari Palle-Kalikiri,Vepulabilu,,,,0
424,10-C-71-21,Ctr-Ch-Chinthalavari Palle-Kalikiri,Forest,,,,0
425,10-C-71-21,Ctr-Ch-Chinthalavari Palle-Kalikiri,Guttapalem,,,,0
426,10-C-71-21,Ctr-Ch-Chinthalavari Palle-Kalikiri,Kalikiri Reddy Palli,,,,0
427,10-C-71-21,Ctr-Ch-Chinthalavari Palle-Kalikiri,Kalikiri,,,,0
428,10-C-71-21,Ctr-Ch-Chinthalavari Palle-Kalikiri,Korlakunta,,,,0
429,10-C-71-22,Ctr-Ch-Valligatla-Kanduru,Nellimanda,,,,0
430,10-C-71-22,Ctr-Ch-Valligatla-Kanduru,Kamireddipalli,,,,0
431,10-C-71-22,Ctr-Ch-Valligatla-Kanduru,Valligatla,,,,0
432,10-C-71-22,Ctr-Ch-Valligatla-Kanduru,Kanduru,,,,0
433,10-C-71-22,Ctr-Ch-Valligatla-Kanduru,Mittapalli,,,,0
434,10-C-71-22,Ctr-Ch-Valligatla-Kanduru,Tamminayanipalli,,,,0
435,10-C-71-22,Ctr-Ch-Valligatla-Kanduru,Forest,,,,0
436,10-C-71-22,Ctr-Ch-Valligatla-Kanduru,Forest,,,,0
437,10-C-71-22,Ctr-Ch-Valligatla-Kanduru,Forest,,,,0
438,10-C-71-22,Ctr-Ch-Valligatla-Kanduru,Khambhamvaripalle,,,,0
439,10-C-71-23,Ctr-Ch-Peddavagu West-Somala,Gaddamvaripalli,,,,0
440,10-C-71-23,Ctr-Ch-Peddavagu West-Somala,Forest,,,,0
441,10-C-71-23,Ctr-Ch-Peddavagu West-Somala,Ammagaripalli,,,,0
442,10-C-71-23,Ctr-Ch-Peddavagu West-Somala,Gongivaripalli,,,,0
443,10-C-71-23,Ctr-Ch-Peddavagu West-Somala,Timmanayanapalle,,,,0
444,10-C-71-23,Ctr-Ch-Peddavagu West-Somala,Avulapalli,,,,0
445,10-C-71-23,Ctr-Ch-Peddavagu West-Somala,Irikipenta,,,,0
446,10-C-71-23,Ctr-Ch-Peddavagu West-Somala,Nanjampeta,,,,0
447,10-C-71-23,Ctr-Ch-Peddavagu West-Somala,S Nadimpalli,,,,0
448,10-C-71-23,Ctr-Ch-Peddavagu West-Somala,Somala,,,,0
449,10-C-71-24,Ctr_Ch_Peddaupparapalle_Peddaupparapalle,Peddaupparapalli,,,,0
450,10-C-71-25,Ctr-Ch-Peddavagueast-Sadum,81 Upparapalli,,,,0
451,10-C-71-25,Ctr-Ch-Peddavagueast-Sadum,Tatiguntapalem T,,,,0
452,10-C-71-25,Ctr-Ch-Peddavagueast-Sadum,Nadigadda,,,,0
453,10-C-71-25,Ctr-Ch-Peddavagueast-Sadum,Yerrativaripalli,,,,0
454,10-C-71-25,Ctr-Ch-Peddavagueast-Sadum,Buragamanda,,,,0
455,10-C-71-25,Ctr-Ch-Peddavagueast-Sadum,Cherukuvaripalli,,,,0
456,10-C-71-25,Ctr-Ch-Peddavagueast-Sadum,Sodam,,,,0
457,10-C-71-26,Ctr-Ch-CG Gallu Vanka-Rompicherla,Bakarapeta,,,,0
458,10-C-71-26,Ctr-Ch-CG Gallu Vanka-Rompicherla,Chinnagottigallu,,,,0
459,10-C-71-26,Ctr-Ch-CG Gallu Vanka-Rompicherla,Chitte cherla,,,,0
460,10-C-71-26,Ctr-Ch-CG Gallu Vanka-Rompicherla,Digavuru,,,,0
461,10-C-71-26,Ctr-Ch-CG Gallu Vanka-Rompicherla,Egavuru,,,,0
462,10-C-71-26,Ctr-Ch-CG Gallu Vanka-Rompicherla,Kotabilu,,,,0
463,10-C-71-26,Ctr-Ch-CG Gallu Vanka-Rompicherla,Rangannagarigadda,,,,0
464,10-C-71-26,Ctr-Ch-CG Gallu Vanka-Rompicherla,Tippereddipalle,,,,0
465,10-C-71-26,Ctr-Ch-CG Gallu Vanka-Rompicherla,Chattevari Palle,,,,0
466,10-C-71-26,Ctr-Ch-CG Gallu Vanka-Rompicherla,Agraharam,,,,0
467,10-C-71-26,Ctr-Ch-CG Gallu Vanka-Rompicherla,Bodu Malluvaripalle,,,,0
468,10-C-71-26,Ctr-Ch-CG Gallu Vanka-Rompicherla,Doddipalli,,,,0
469,10-C-71-26,Ctr-Ch-CG Gallu Vanka-Rompicherla,Erragundlapalli,,,,0
470,10-C-71-26,Ctr-Ch-CG Gallu Vanka-Rompicherla,Gudarevulapalli,,,,0
471,10-C-71-26,Ctr-Ch-CG Gallu Vanka-Rompicherla,Piler,,,,0
472,10-C-71-26,Ctr-Ch-CG Gallu Vanka-Rompicherla,Regallu,,,,0
473,10-C-71-26,Ctr-Ch-CG Gallu Vanka-Rompicherla,103Reddivaripalle,,,,0
474,10-C-71-26,Ctr-Ch-CG Gallu Vanka-Rompicherla,Ayyavandlapalli,,,,0
475,10-C-71-26,Ctr-Ch-CG Gallu Vanka-Rompicherla,Bodireddigaripalli,,,,0
476,10-C-71-26,Ctr-Ch-CG Gallu Vanka-Rompicherla,Devalampet,,,,0
477,10-C-71-26,Ctr-Ch-CG Gallu Vanka-Rompicherla,Venkatadasaripalli,,,,0
478,10-C-71-26,Ctr-Ch-CG Gallu Vanka-Rompicherla,Reddivari Palle,,,,0
479,10-C-71-26,Ctr-Ch-CG Gallu Vanka-Rompicherla,Bandakindapalli,,,,0
480,10-C-71-26,Ctr-Ch-CG Gallu Vanka-Rompicherla,Bommayapalli,,,,0
481,10-C-71-26,Ctr-Ch-CG Gallu Vanka-Rompicherla,Motu Mallela,,,,0
482,10-C-71-26,Ctr-Ch-CG Gallu Vanka-Rompicherla,Pedda Mallela,,,,0
483,10-C-71-26,Ctr-Ch-CG Gallu Vanka-Rompicherla,Peddagottigallu,,,,0
484,10-C-71-26,Ctr-Ch-CG Gallu Vanka-Rompicherla,Rompicherla,,,,0
485,10-C-71-26,Ctr-Ch-CG Gallu Vanka-Rompicherla,Forest,,,,0
486,10-C-71-27,Ctr-ch-GM Vanka-Mellacheruvu,Jandla,,1,,1
487,10-C-71-27,Ctr-ch-GM Vanka-Mellacheruvu,Talupula,,1,,1
488,10-C-71-27,Ctr-ch-GM Vanka-Mellacheruvu,Mellacheruvu,,1,,1
489,10-C-71-27,Ctr-ch-GM Vanka-Mellacheruvu,Forest,,,,0
490,10-C-71-27,Ctr-ch-GM Vanka-Mellacheruvu,Forest,,,,0
491,10-C-71-28,Ctr-Ch-Jillelamanda-Jillelamanda,Forest,,,,0
492,10-C-71-28,Ctr-Ch-Jillelamanda-Jillelamanda,Forest,,,,0
493,10-C-71-28,Ctr-Ch-Jillelamanda-Jillelamanda,Jillellamanda,,2,,2
494,10-C-71-29,Ctr-Ch-Gajuleru-Y V Palem,Ustikayalapenta,,1,,1
495,10-C-71-29,Ctr-Ch-Gajuleru-Y V Palem,VRAgraharam,,1,,1
496,10-C-71-29,Ctr-Ch-Gajuleru-Y V Palem,BVPalli,,1,,1
497,10-C-71-29,Ctr-Ch-Gajuleru-Y V Palem,Yellamanda,,1,,1
498,10-C-71-29,Ctr-Ch-Gajuleru-Y V Palem,Nerabilu,,1,,1
499,10-C-71-29,Ctr-Ch-Gajuleru-Y V Palem,Chintagunta,,1,,1
500,10-C-71-29,Ctr-Ch-Gajuleru-Y V Palem,YVpalem,,1,,1
501,10-C-71-29,Ctr-Ch-Gajuleru-Y V Palem,UM Agraharam,,1,,1
502,10-C-71-29,Ctr-Ch-Gajuleru-Y V Palem,Udayamanikyam,,1,,1
503,10-C-71-29,Ctr-Ch-Gajuleru-Y V Palem,Kammalayapalli,,1,,1
504,10-C-71-29,Ctr-Ch-Gajuleru-Y V Palem,Forest,,,,0
505,10-C-71-29,Ctr-Ch-Gajuleru-Y V Palem,Forest,,,,0
506,10-C-71-29,Ctr-Ch-Gajuleru-Y V Palem,Forest,,,,0
507,10-C-71-29,Ctr-Ch-Gajuleru-Y V Palem,Devarakonda,,1,,1
508,10-C-71-29,Ctr-Ch-Gajuleru-Y V Palem,Ganugachinta,,1,,1
509,10-C-74-30,Ctr-Swarna-Nagapatla-Nagapatla,Nagapatla,,,,0
510,10-C-74-30,Ctr-Swarna-Nagapatla-Nagapatla,Narasingapuram,,1,,1
511,10-C-74-30,Ctr-Swarna-Nagapatla-Nagapatla,Mittapalem,,1,,1
512,10-C-74-30,Ctr-Swarna-Nagapatla-Nagapatla,Forest,,,,0
513,10-C-74-30,Ctr-Swarna-Nagapatla-Nagapatla,Forest,,,,0
514,10-C-74-30,Ctr-Swarna-Nagapatla-Nagapatla,Forest,,,,0
515,10-C-74-31,Ctr-Swarna-Bheema-Kotala,Kotala,,1,,1
516,10-C-74-31,Ctr-Swarna-Bheema-Kotala,Arepalli,,1,,1
517,10-C-74-31,Ctr-Swarna-Bheema-Kotala,Pullaiahgaripalli,,1,,1
518,10-C-74-31,Ctr-Swarna-Bheema-Kotala,Seshapuram,,1,,1
519,10-C-74-31,Ctr-Swarna-Bheema-Kotala,Bhimavaram,,1,,1
520,10-C-74-31,Ctr-Swarna-Bheema-Kotala,Chinnaramapuram,,1,,1
521,10-C-74-31,Ctr-Swarna-Bheema-Kotala,Konreddikandriga,,1,,1
522,10-C-74-31,Ctr-Swarna-Bheema-Kotala,68_Ramireddipalli,,1,,1
523,10-C-74-31,Ctr-Swarna-Bheema-Kotala,Forest,,,,0
524,10-C-74-31,Ctr-Swarna-Bheema-Kotala,Forest,,,,0
525,10-C-74-32,Ctr-Swarna-Gadanki-Gadanki,Adenapalli,,1,,1
526,10-C-74-32,Ctr-Swarna-Gadanki-Gadanki,Gadanki,,1,,1
527,10-C-74-32,Ctr-Swarna-Gadanki-Gadanki,Forest,,,,0
528,10-C-74-32,Ctr-Swarna-Gadanki-Gadanki,MungilipattuKothapalle,,1,,1
529,10-C-74-33,Ctr-Swarna-Panapakam-Panapakam,Panapakam,,,,0
530,10-C-74-33,Ctr-Swarna-Panapakam-Panapakam,Kalroad palli,,6,,6
531,10-C-74-33,Ctr-Swarna-Panapakam-Panapakam,Mamanduru,,3,,3
532,10-C-74-33,Ctr-Swarna-Panapakam-Panapakam,Ayitepalli,,5,,5
533,10-C-74-33,Ctr-Swarna-Panapakam-Panapakam,Forest,,,,0
534,10-C-74-33,Ctr-Swarna-Panapakam-Panapakam,Agarala,,4,,4
535,10-C-74-34,Ctr-Swarna_Kuppambadur,Chandragiri,,,,0
536,10-C-74-34,Ctr-Swarna_Kuppambadur,Dornakombala,,,,0
537,10-C-74-34,Ctr-Swarna_Kuppambadur,Reddivaripalli,,,,0
538,10-C-74-34,Ctr-Swarna_Kuppambadur,Thondavada,,,,0
539,10-C-74-34,Ctr-Swarna_Kuppambadur,Forest,,,,0
540,10-C-74-34,Ctr-Swarna_Kuppambadur,Forest,,,,0
541,10-C-74-34,Ctr-Swarna_Kuppambadur,Forest,,,,0
542,10-C-74-34,Ctr-Swarna_Kuppambadur,Bramhanakalva,,,,0
543,10-C-74-34,Ctr-Swarna_Kuppambadur,Kammapalle,,,,0
544,10-C-74-34,Ctr-Swarna_Kuppambadur,Kuppam badur,,,,0
545,10-C-74-34,Ctr-Swarna_Kuppambadur,Ravillavaripalle,,,,0
546,10-C-74-34,Ctr-Swarna_Kuppambadur,Adusupalem,,,,0
547,10-C-74-34,Ctr-Swarna_Kuppambadur,Ammavaripatteda,,,,0
548,10-C-74-34,Ctr-Swarna_Kuppambadur,Atturu,,,,0
549,10-C-74-34,Ctr-Swarna_Kuppambadur,Ellamandyam,,,,0
550,10-C-74-34,Ctr-Swarna_Kuppambadur,Gajulamandyam,,20,,20
551,10-C-74-34,Ctr-Swarna_Kuppambadur,Jipalem,,,,0
552,10-C-74-34,Ctr-Swarna_Kuppambadur,Kotramangalam,,,,0
553,10-C-74-34,Ctr-Swarna_Kuppambadur,Kottapalem,,,,0
554,10-C-74-34,Ctr-Swarna_Kuppambadur,Krishnakalva,,,,0
555,10-C-74-34,Ctr-Swarna_Kuppambadur,Kurukalva,,,,0
556,10-C-74-34,Ctr-Swarna_Kuppambadur,Molagamudi,,,,0
557,10-C-74-34,Ctr-Swarna_Kuppambadur,Nallapalem,,,,0
558,10-C-74-34,Ctr-Swarna_Kuppambadur,Sanjeevarayapattda,,,,0
559,10-C-74-34,Ctr-Swarna_Kuppambadur,Surappakasam,,,,0
560,10-C-74-34,Ctr-Swarna_Kuppambadur,Tandlam,,,,0
561,10-C-74-34,Ctr-Swarna_Kuppambadur,Tataiah kalva,,,,0
562,10-C-74-34,Ctr-Swarna_Kuppambadur,Bramhanapattu,,,,0
563,10-C-74-34,Ctr-Swarna_Kuppambadur,AM Puram,,,,0
564,10-C-74-34,Ctr-Swarna_Kuppambadur,Ayyannagaripalle,,,,0
565,10-C-74-34,Ctr-Swarna_Kuppambadur,J.C.Agraharam,,,,0
566,10-C-74-34,Ctr-Swarna_Kuppambadur,K.G.Kandriga,,,,0
567,10-C-74-34,Ctr-Swarna_Kuppambadur,Kadirimangalam,,,,0
568,10-C-74-34,Ctr-Swarna_Kuppambadur,Kayam,,,,0
569,10-C-74-34,Ctr-Swarna_Kuppambadur,Kalluru,,,,0
570,10-C-74-34,Ctr-Swarna_Kuppambadur,Pachi kalva,,,,0
571,10-C-74-34,Ctr-Swarna_Kuppambadur,Padiredu,,,,0
572,10-C-74-34,Ctr-Swarna_Kuppambadur,Padiredu aranyam,,,,0
573,10-C-74-34,Ctr-Swarna_Kuppambadur,Patti Putturu,,,,0
574,10-C-74-34,Ctr-Swarna_Kuppambadur,Pudi,,,,0
575,10-C-74-34,Ctr-Swarna_Kuppambadur,Ramasamudram,,,,0
576,10-C-74-34,Ctr-Swarna_Kuppambadur,S.V.Puram,,,,0
577,10-C-74-34,Ctr-Swarna_Kuppambadur,Sitamma agraharam,,,,0
578,10-C-74-34,Ctr-Swarna_Kuppambadur,Sitaramapuram,,,,0
579,10-C-74-34,Ctr-Swarna_Kuppambadur,Srinivasapuram,,,,0
580,10-C-74-34,Ctr-Swarna_Kuppambadur,Tatneri,,,,0
581,10-C-74-34,Ctr-Swarna_Kuppambadur,Tirumandyam,,,,0
582,10-C-74-34,Ctr-Swarna_Kuppambadur,Vadamalapeta,,,,0
583,10-C-74-34,Ctr-Swarna_Kuppambadur,Vamapuram,,,,0
584,10-C-74-34,Ctr-Swarna_Kuppambadur,Gudimallam,,,,0
585,10-C-74-34,Ctr-Swarna_Kuppambadur,Munagalapalem,,,,0
586,10-C-74-34,Ctr-Swarna_Kuppambadur,Pennagadam,,,,0
587,10-C-74-34,Ctr-Swarna_Kuppambadur,Penumallam,,,,0
588,10-C-74-34,Ctr-Swarna_Kuppambadur,Vedullacheruvu,,,,0
589,10-C-74-34,Ctr-Swarna_Kuppambadur,Vikruthamala,,,,0
590,10-C-74-35,Ctr-Swarna-Kalyani_Tiruchanuru,Chintagunta,,,,0
591,10-C-74-35,Ctr-Swarna-Kalyani_Tiruchanuru,Annasanipalli,,,,0
592,10-C-74-35,Ctr-Swarna-Kalyani_Tiruchanuru,Balupalli,,,,0
593,10-C-74-35,Ctr-Swarna-Kalyani_Tiruchanuru,Karakambadi,,5,,5
594,10-C-74-35,Ctr-Swarna-Kalyani_Tiruchanuru,Renigunta,,10,,10
595,10-C-74-35,Ctr-Swarna-Kalyani_Tiruchanuru,Tukivakam,,,,0
596,10-C-74-35,Ctr-Swarna-Kalyani_Tiruchanuru,Vedullacheruvu,,,,0
597,10-C-74-35,Ctr-Swarna-Kalyani_Tiruchanuru,Venkatapuram,,,,0
598,10-C-74-35,Ctr-Swarna-Kalyani_Tiruchanuru,Yerrareddi palem,,,,0
599,10-C-74-35,Ctr-Swarna-Kalyani_Tiruchanuru,Forest,,,,0
600,10-C-74-35,Ctr-Swarna-Kalyani_Tiruchanuru,Forest,,,,0
601,10-C-74-35,Ctr-Swarna-Kalyani_Tiruchanuru,Akkarampalli,,4,,4
602,10-C-74-35,Ctr-Swarna-Kalyani_Tiruchanuru,Chennayagunta,,,,0
603,10-C-74-35,Ctr-Swarna-Kalyani_Tiruchanuru,Konka chinnaya gunta,,,,0
604,10-C-74-35,Ctr-Swarna-Kalyani_Tiruchanuru,Mangalam,,,,0
605,10-C-74-35,Ctr-Swarna-Kalyani_Tiruchanuru,Settipalle,,,,0
606,10-C-74-35,Ctr-Swarna-Kalyani_Tiruchanuru,Timminaidupalem,,,,0
607,10-C-74-35,Ctr-Swarna-Kalyani_Tiruchanuru,Tirupathi,,20,,20
608,10-C-74-35,Ctr-Swarna-Kalyani_Tiruchanuru,Avilala,,4,,4
609,10-C-74-35,Ctr-Swarna-Kalyani_Tiruchanuru,Mallavaram,,6,,6
610,10-C-74-35,Ctr-Swarna-Kalyani_Tiruchanuru,Cherlopalle,,,,0
611,10-C-74-35,Ctr-Swarna-Kalyani_Tiruchanuru,Chiguruvada Dakshina kandriga,,,,0
612,10-C-74-35,Ctr-Swarna-Kalyani_Tiruchanuru,Chiguruvada Uttarapukandirga,,,,0
613,10-C-74-35,Ctr-Swarna-Kalyani_Tiruchanuru,Dominedu,,,,0
614,10-C-74-35,Ctr-Swarna-Kalyani_Tiruchanuru,Gollapalle,,,,0
615,10-C-74-35,Ctr-Swarna-Kalyani_Tiruchanuru,Kalur,,,,0
616,10-C-74-35,Ctr-Swarna-Kalyani_Tiruchanuru,Mallamgunta,,,,0
617,10-C-74-35,Ctr-Swarna-Kalyani_Tiruchanuru,Paidipalle,,,,0
618,10-C-74-35,Ctr-Swarna-Kalyani_Tiruchanuru,Patakalva,,,,0
619,10-C-74-35,Ctr-Swarna-Kalyani_Tiruchanuru,Peruru,,,,0
620,10-C-74-35,Ctr-Swarna-Kalyani_Tiruchanuru,Pudipatla,,,,0
621,10-C-74-35,Ctr-Swarna-Kalyani_Tiruchanuru,Ramanujupalle,,,,0
622,10-C-74-35,Ctr-Swarna-Kalyani_Tiruchanuru,Tiruchanur,,5,,5
623,10-C-74-35,Ctr-Swarna-Kalyani_Tiruchanuru,Tummalagunta,,,,0
624,10-C-74-35,Ctr-Swarna-Kalyani_Tiruchanuru,Vedantapuram,,,,0
625,10-C-74-35,Ctr-Swarna-Kalyani_Tiruchanuru,Yogimallavaram,,2,,2
626,10-C-74-36,Ctr-Swarna-Avvachari Kona-Mamanduru,Mamanduru,,2,,2
627,10-C-74-36,Ctr-Swarna-Avvachari Kona-Mamanduru,Yerragunta,,1,,1
628,10-C-74-36,Ctr-Swarna-Avvachari Kona-Mamanduru,Srinivasa Udasipuram,,,,0
629,10-C-74-36,Ctr-Swarna-Avvachari Kona-Mamanduru,Dharmapuram kandriga,,,,0
630,10-C-74-36,Ctr-Swarna-Avvachari Kona-Mamanduru,Anagunta,,,,0
631,10-C-74-36,Ctr-Swarna-Avvachari Kona-Mamanduru,Krishnapuram,,5,,5
632,10-C-74-36,Ctr-Swarna-Avvachari Kona-Mamanduru,Forest,,,,0
633,10-C-74-36,Ctr-Swarna-Avvachari Kona-Mamanduru,Forest,,,,0
634,10-C-74-36,Ctr-Swarna-Avvachari Kona-Mamanduru,R.Mallavaram,,1,,1
635,10-C-74-37,Ctr-Swarna-Rayalcheruvu-Durgasamudram,Durgasamudram,,,,0
636,10-C-74-37,Ctr-Swarna-Rayalcheruvu-Durgasamudram,Kupuchandrapeta,,,,0
637,10-C-74-37,Ctr-Swarna-Rayalcheruvu-Durgasamudram,Tanapalli,,,,0
638,10-C-74-37,Ctr-Swarna-Rayalcheruvu-Durgasamudram,Kuntrapakam,,4,,4
639,10-C-74-37,Ctr-Swarna-Rayalcheruvu-Durgasamudram,Vemur,,1,,1
640,10-C-74-37,Ctr-Swarna-Rayalcheruvu-Durgasamudram,Nallamanukalva,,1,,1
641,10-C-74-37,Ctr-Swarna-Rayalcheruvu-Durgasamudram,Mundlapudi,,1,,1
642,10-C-74-37,Ctr-Swarna-Rayalcheruvu-Durgasamudram,Kothur,,1,,1
643,10-C-74-37,Ctr-Swarna-Rayalcheruvu-Durgasamudram,Padi,,1,,1
644,10-C-74-37,Ctr-Swarna-Rayalcheruvu-Durgasamudram,Panakam,,1,,1
645,10-C-74-37,Ctr-Swarna-Rayalcheruvu-Durgasamudram,Forest,,,,0
646,10-C-74-37,Ctr-Swarna-Rayalcheruvu-Durgasamudram,Forest,,,,0
647,10-C-74-37,Ctr-Swarna-Rayalcheruvu-Durgasamudram,Forest,,,,0
648,10-C-74-37,Ctr-Swarna-Rayalcheruvu-Durgasamudram,Anuppalli,,,,0
649,10-C-74-37,Ctr-Swarna-Rayalcheruvu-Durgasamudram,Nettakuppam,,1,,1
650,10-C-74-37,Ctr-Swarna-Rayalcheruvu-Durgasamudram,C.Kalepalli,,1,,1
651,10-C-74-37,Ctr-Swarna-Rayalcheruvu-Durgasamudram,Rayalacheruvu-peta,,1,,1
652,10-C-74-37,Ctr-Swarna-Rayalcheruvu-Durgasamudram,Sanjeevaraya-puram,,,,0
653,10-C-74-37,Ctr-Swarna-Rayalcheruvu-Durgasamudram,P.V.Puram,,1,,1
654,10-C-74-37,Ctr-Swarna-Rayalcheruvu-Durgasamudram,K.Venkatapuram,,1,,1
655,10-C-74-37,Ctr-Swarna-Rayalcheruvu-Durgasamudram,Gangireddipalli,,,,0
656,10-C-74-37,Ctr-Swarna-Rayalcheruvu-Durgasamudram,Nadavalur,,1,,1
657,10-C-74-37,Ctr-Swarna-Rayalcheruvu-Durgasamudram,C.Ramapuram,,1,,1
658,10-C-74-37,Ctr-Swarna-Rayalcheruvu-Durgasamudram,Nannur,,1,,1
659,10-C-74-37,Ctr-Swarna-Rayalcheruvu-Durgasamudram,Sorakayalapalem,,,,0
660,10-C-74-37,Ctr-Swarna-Rayalcheruvu-Durgasamudram,Sevvaikalva,,,,0
661,10-C-74-37,Ctr-Swarna-Rayalcheruvu-Durgasamudram,Subbanaidu kandriga,,1,,1
662,10-C-74-37,Ctr-Swarna-Rayalcheruvu-Durgasamudram,Katrakayalagunta,,,,0
663,10-C-74-37,Ctr-Swarna-Rayalcheruvu-Durgasamudram,Chelluru,,1,,1
664,10-C-74-37,Ctr-Swarna-Rayalcheruvu-Durgasamudram,M.D.Puthuru,,1,,1
665,10-C-74-37,Ctr-Swarna-Rayalcheruvu-Durgasamudram,Kandadu,,1,,1
666,10-C-74-37,Ctr-Swarna-Rayalcheruvu-Durgasamudram,Musalipedu,,0,,0
667,10-C-74-37,Ctr-Swarna-Rayalcheruvu-Durgasamudram,Sanambatla,,1,,1
668,10-C-74-38,Ctr-Swarna-Thondamanadu-Yerpedu,Madhavamala,,1,,1
669,10-C-74-38,Ctr-Swarna-Thondamanadu-Yerpedu,Arugorla kandriga,,,,0
670,10-C-74-38,Ctr-Swarna-Thondamanadu-Yerpedu,Kobaka,,1,,1
671,10-C-74-38,Ctr-Swarna-Thondamanadu-Yerpedu,Mannasamudram,,1,,1
672,10-C-74-38,Ctr-Swarna-Thondamanadu-Yerpedu,Merlapaka,,1,,1
673,10-C-74-38,Ctr-Swarna-Thondamanadu-Yerpedu,Erpedu,,6,,6
674,10-C-74-38,Ctr-Swarna-Thondamanadu-Yerpedu,Sitarampeta,,,,0
675,10-C-74-38,Ctr-Swarna-Thondamanadu-Yerpedu,Patavirapuram,,1,,1
676,10-C-74-38,Ctr-Swarna-Thondamanadu-Yerpedu,Venkatapuram,,,,0
677,10-C-74-38,Ctr-Swarna-Thondamanadu-Yerpedu,Pedda anjinedu,,1,,1
678,10-C-74-38,Ctr-Swarna-Thondamanadu-Yerpedu,Chinna anjinedu,,1,,1
679,10-C-74-38,Ctr-Swarna-Thondamanadu-Yerpedu,Isukatageli,,,,0
680,10-C-74-38,Ctr-Swarna-Thondamanadu-Yerpedu,Nachaneri,,1,,1
681,10-C-74-38,Ctr-Swarna-Thondamanadu-Yerpedu,Nanjampalli,,1,,1
682,10-C-74-38,Ctr-Swarna-Thondamanadu-Yerpedu,Durgiperi,,1,,1
683,10-C-74-38,Ctr-Swarna-Thondamanadu-Yerpedu,Krishnampalli,,1,,1
684,10-C-74-38,Ctr-Swarna-Thondamanadu-Yerpedu,Chindepalli,,,,0
685,10-C-74-38,Ctr-Swarna-Thondamanadu-Yerpedu,Eguvaveedi,,1,,1
686,10-C-74-38,Ctr-Swarna-Thondamanadu-Yerpedu,Diguva veedi,,1,,1
687,10-C-74-38,Ctr-Swarna-Thondamanadu-Yerpedu,Tondamanadu,,1,,1
688,10-C-74-38,Ctr-Swarna-Thondamanadu-Yerpedu,Pullareddikandriga,,1,,1
689,10-C-74-38,Ctr-Swarna-Thondamanadu-Yerpedu,Ramalingapuram,,1,,1
690,10-C-74-38,Ctr-Swarna-Thondamanadu-Yerpedu,Ammapalem,,1,,1
691,10-C-74-38,Ctr-Swarna-Thondamanadu-Yerpedu,Panagal,,1,,1
692,10-C-74-38,Ctr-Swarna-Thondamanadu-Yerpedu,Arava kothuru,,1,,1
693,10-C-74-38,Ctr-Swarna-Thondamanadu-Yerpedu,Cherukula padu,,1,,1
694,10-C-74-38,Ctr-Swarna-Thondamanadu-Yerpedu,Guntakinda palle,,1,,1
695,10-C-74-38,Ctr-Swarna-Thondamanadu-Yerpedu,Urandur,,3,,3
696,10-C-74-38,Ctr-Swarna-Thondamanadu-Yerpedu,Maddiledu,,,,0
697,10-C-74-38,Ctr-Swarna-Thondamanadu-Yerpedu,Racha gunneri,,1,,1
698,10-C-74-38,Ctr-Swarna-Thondamanadu-Yerpedu,Kapu gunneri,,,,0
699,10-C-74-38,Ctr-Swarna-Thondamanadu-Yerpedu,Challa palem,,1,,1
700,10-C-74-38,Ctr-Swarna-Thondamanadu-Yerpedu,Bokkasam palem,,,,0
701,10-C-74-38,Ctr-Swarna-Thondamanadu-Yerpedu,Cherlopalle Vyavasaya Kandriga,,,,0
702,10-C-74-39,Ctr-Swarna-Valagalamanda-Muchuvolu,Penubaka,,,,0
703,10-C-74-39,Ctr-Swarna-Valagalamanda-Muchuvolu,Akkurthi,,,,0
704,10-C-74-39,Ctr-Swarna-Valagalamanda-Muchuvolu,Ammacheruvu,,,,0
705,10-C-74-39,Ctr-Swarna-Valagalamanda-Muchuvolu,Bodavaripalli,,,,0
706,10-C-74-39,Ctr-Swarna-Valagalamanda-Muchuvolu,Bramhanapalli,,,,0
707,10-C-74-39,Ctr-Swarna-Valagalamanda-Muchuvolu,Cherlopalli,,,,0
708,10-C-74-39,Ctr-Swarna-Valagalamanda-Muchuvolu,Empedu,,,,0
709,10-C-74-39,Ctr-Swarna-Valagalamanda-Muchuvolu,Yerra gudi padu,,,,0
710,10-C-74-39,Ctr-Swarna-Valagalamanda-Muchuvolu,Gollapalle,,,,0
711,10-C-74-39,Ctr-Swarna-Valagalamanda-Muchuvolu,Kalavagunta,,,,0
712,10-C-74-39,Ctr-Swarna-Valagalamanda-Muchuvolu,Kamma kothur,,,,0
713,10-C-74-39,Ctr-Swarna-Valagalamanda-Muchuvolu,Koneru gunta,,,,0
714,10-C-74-39,Ctr-Swarna-Valagalamanda-Muchuvolu,Marrimakulachenu kandriga,,,,0
715,10-C-74-39,Ctr-Swarna-Valagalamanda-Muchuvolu,Melachur,,,,0
716,10-C-74-39,Ctr-Swarna-Valagalamanda-Muchuvolu,Muchuvolu,,,,0
717,10-C-74-39,Ctr-Swarna-Valagalamanda-Muchuvolu,Muddu mudi,,,,0
718,10-C-74-39,Ctr-Swarna-Valagalamanda-Muchuvolu,Murthy palem,,,,0
719,10-C-74-39,Ctr-Swarna-Valagalamanda-Muchuvolu,Narayanapuram,,,,0
720,10-C-74-39,Ctr-Swarna-Valagalamanda-Muchuvolu,Obulaya palle,,,,0
721,10-C-74-39,Ctr-Swarna-Valagalamanda-Muchuvolu,Papanapalli,,,,0
722,10-C-74-39,Ctr-Swarna-Valagalamanda-Muchuvolu,Pathagunta,,,,0
723,10-C-74-39,Ctr-Swarna-Valagalamanda-Muchuvolu,Ramanujapalle,,,,0
724,10-C-74-39,Ctr-Swarna-Valagalamanda-Muchuvolu,Reddipalle,,,,0
725,10-C-74-39,Ctr-Swarna-Valagalamanda-Muchuvolu,Vagavedu,,,,0
726,10-C-74-39,Ctr-Swarna-Valagalamanda-Muchuvolu,Velampadu,,,,0
727,10-C-74-39,Ctr-Swarna-Valagalamanda-Muchuvolu,Velavedu,,,,0
728,10-C-74-39,Ctr-Swarna-Valagalamanda-Muchuvolu,Vengalampalli,,,,0
729,10-C-74-39,Ctr-Swarna-Valagalamanda-Muchuvolu,Udamalapadu,,,,0
730,10-C-74-39,Ctr-Swarna-Valagalamanda-Muchuvolu,Yarla pudi,,,,0
731,10-C-74-39,Ctr-Swarna-Valagalamanda-Muchuvolu,Kothuru,,,,0
732,10-C-74-39,Ctr-Swarna-Valagalamanda-Muchuvolu,Kuntipudi,,,,0
733,10-C-74-39,Ctr-Swarna-Valagalamanda-Muchuvolu,Mada mala,,,,0
734,10-C-74-39,Ctr-Swarna-Valagalamanda-Muchuvolu,Mangala gunta,,,,0
735,10-C-74-39,Ctr-Swarna-Valagalamanda-Muchuvolu,Mangala puri,,,,0
736,10-C-74-39,Ctr-Swarna-Valagalamanda-Muchuvolu,Forest,,,,0
737,10-C-74-39,Ctr-Swarna-Valagalamanda-Muchuvolu,Peddagunta Agraharam,,,,0
738,10-C-74-39,Ctr-Swarna-Valagalamanda-Muchuvolu,Chodavaram,,,,0
739,10-C-74-39,Ctr-Swarna-Valagalamanda-Muchuvolu,Siddagunta,,,,0
740,10-C-74-39,Ctr-Swarna-Valagalamanda-Muchuvolu,Virupakshapuram,,,,0
741,10-C-74-39,Ctr-Swarna-Valagalamanda-Muchuvolu,Gummadiigunta,,,,0
742,10-C-74-39,Ctr-Swarna-Valagalamanda-Muchuvolu,Srinivasapuram,,,,0
743,10-C-74-39,Ctr-Swarna-Valagalamanda-Muchuvolu,Panguru,,,,0
744,10-C-74-39,Ctr-Swarna-Valagalamanda-Muchuvolu,Pagali,,,,0
745,10-C-74-39,Ctr-Swarna-Valagalamanda-Muchuvolu,Chintalapalem,,,,0
746,10-C-74-39,Ctr-Swarna-Valagalamanda-Muchuvolu,Pallam,,,,0
747,10-C-74-40,Ctr-Swarna_Inagaluru_Inagaluru,Govinda Rao palli,,2,,2
748,10-C-74-40,Ctr-Swarna_Inagaluru_Inagaluru,Inagalur,,2,,2
749,10-C-74-40,Ctr-Swarna_Inagaluru_Inagaluru,Kothapalli chintala,,2,,2
750,10-C-74-40,Ctr-Swarna_Inagaluru_Inagaluru,Forest,,,,0
751,10-C-74-40,Ctr-Swarna_Inagaluru_Inagaluru,Mannavaram,,10,,10
752,10-C-78-47,Ctr-Arani-Sivagiri Vanka-Nindra,Reppalapattu,,,,0
753,10-C-78-47,Ctr-Arani-Sivagiri Vanka-Nindra,Velur,,,,0
754,10-C-78-47,Ctr-Arani-Sivagiri Vanka-Nindra,Niruvoy,,,,0
755,10-C-78-47,Ctr-Arani-Sivagiri Vanka-Nindra,Vengalathur,,,,0
756,10-C-78-47,Ctr-Arani-Sivagiri Vanka-Nindra,Sivagiri,,,,0
757,10-C-78-47,Ctr-Arani-Sivagiri Vanka-Nindra,Govardhanagiri,,,,0
758,10-C-78-47,Ctr-Arani-Sivagiri Vanka-Nindra,Karur (Krishnagiri),,,,0
759,10-C-78-47,Ctr-Arani-Sivagiri Vanka-Nindra,Pudikundram,,,,0
760,10-C-78-47,Ctr-Arani-Sivagiri Vanka-Nindra,S.B.Peta,,,,0
761,10-C-78-47,Ctr-Arani-Sivagiri Vanka-Nindra,Chilamathuru(bangla),,,,0
762,10-C-78-47,Ctr-Arani-Sivagiri Vanka-Nindra,Nindra,,,,0
763,10-C-78-47,Ctr-Arani-Sivagiri Vanka-Nindra,Agaram,,,,0
764,10-C-78-47,Ctr-Arani-Sivagiri Vanka-Nindra,Athuru,,,,0
765,10-C-78-47,Ctr-Arani-Sivagiri Vanka-Nindra,Elakatur,,,,0
766,10-C-78-47,Ctr-Arani-Sivagiri Vanka-Nindra,Chavarambakam,,,,0
767,10-C-78-47,Ctr-Arani-Sivagiri Vanka-Nindra,Kacharavedu,,,,0
768,10-C-78-47,Ctr-Arani-Sivagiri Vanka-Nindra,Aruru,,,,0
769,10-C-78-47,Ctr-Arani-Sivagiri Vanka-Nindra,Kunemarajupalem,,,,0
770,10-C-78-47,Ctr-Arani-Sivagiri Vanka-Nindra,Padiri,,,,0
771,10-C-78-47,Ctr-Arani-Sivagiri Vanka-Nindra,Netteri,,,,0
772,10-C-78-47,Ctr-Arani-Sivagiri Vanka-Nindra,Jaganadhapuram,,,,0
773,10-C-78-47,Ctr-Arani-Sivagiri Vanka-Nindra,Pannur,,,,0
774,10-C-78-47,Ctr-Arani-Sivagiri Vanka-Nindra,Gangamambapuram,,,,0
775,10-C-78-47,Ctr-Arani-Sivagiri Vanka-Nindra,Kalikapuram,,,,0
776,10-C-78-47,Ctr-Arani-Sivagiri Vanka-Nindra,Buchivanatham,,,,0
777,10-C-78-47,Ctr-Arani-Sivagiri Vanka-Nindra,Samireddikandriga,,,,0
778,10-C-78-47,Ctr-Arani-Sivagiri Vanka-Nindra,Kaliyambakam,,,,0
779,10-C-78-47,Ctr-Arani-Sivagiri Vanka-Nindra,Alapakkam,,,,0
780,10-C-78-47,Ctr-Arani-Sivagiri Vanka-Nindra,Yellasamudram,,,,0
781,10-C-78-48,Ctr-Arani-Arani-Narayana vanam,Surendranagar,,,,0
782,10-C-78-48,Ctr-Arani-Arani-Narayana vanam,Arai,,,,0
783,10-C-78-48,Ctr-Arani-Arani-Narayana vanam,Diguvaputtur,,,,0
784,10-C-78-48,Ctr-Arani-Arani-Narayana vanam,Eguvaputtur,,,,0
785,10-C-78-48,Ctr-Arani-Arani-Narayana vanam,Middekandriga,,,,0
786,10-C-78-48,Ctr-Arani-Arani-Narayana vanam,Raipedu,,,,0
787,10-C-78-48,Ctr-Arani-Arani-Narayana vanam,Sadasivapuram,,,,0
788,10-C-78-48,Ctr-Arani-Arani-Narayana vanam,Sakthi Ganeshapuram,,,,0
789,10-C-78-48,Ctr-Arani-Arani-Narayana vanam,Siddamnaidukandriga,,,,0
790,10-C-78-48,Ctr-Arani-Arani-Narayana vanam,Srinivasapuram,,,,0
791,10-C-78-48,Ctr-Arani-Arani-Narayana vanam,Suryanarayanapuram,,,,0
792,10-C-78-48,Ctr-Arani-Arani-Narayana vanam,Aranyamkandriga,,,,0
793,10-C-78-48,Ctr-Arani-Arani-Narayana vanam,Bimunicheruvu,,,,0
794,10-C-78-48,Ctr-Arani-Arani-Narayana vanam,Bopparajupalem,,,,0
795,10-C-78-48,Ctr-Arani-Arani-Narayana vanam,Diguvakanakampalem,,,,0
796,10-C-78-48,Ctr-Arani-Arani-Narayana vanam,Erikambattu,,,,0
797,10-C-78-48,Ctr-Arani-Arani-Narayana vanam,Ippam thangal,,,,0
798,10-C-78-48,Ctr-Arani-Arani-Narayana vanam,Kalyanapuram,,,,0
799,10-C-78-48,Ctr-Arani-Arani-Narayana vanam,Kasimitta,,,,0
800,10-C-78-48,Ctr-Arani-Arani-Narayana vanam,Kilagaram,,,,0
801,10-C-78-48,Ctr-Arani-Arani-Narayana vanam,Kondacheruvu,,,,0
802,10-C-78-48,Ctr-Arani-Arani-Narayana vanam,Narayanavanam,,,,0
803,10-C-78-48,Ctr-Arani-Arani-Narayana vanam,Palamangalam,,,,0
804,10-C-78-48,Ctr-Arani-Arani-Narayana vanam,Samudayam,,,,0
805,10-C-78-48,Ctr-Arani-Arani-Narayana vanam,Tiruvattam,,,,0
806,10-C-78-48,Ctr-Arani-Arani-Narayana vanam,Tumburu,,,,0
807,10-C-78-48,Ctr-Arani-Arani-Narayana vanam,Venkatakrishna-palem,,,,0
808,10-C-78-48,Ctr-Arani-Arani-Narayana vanam,Kavanur,,,,0
809,10-C-78-48,Ctr-Arani-Arani-Narayana vanam,Koppedu,,,,0
810,10-C-78-48,Ctr-Arani-Arani-Narayana vanam,Samayapuram,,,,0
811,10-C-78-48,Ctr-Arani-Arani-Narayana vanam,Sriramapuram,,,,0
812,10-C-78-48,Ctr-Arani-Arani-Narayana vanam,Kilapudi,,,,0
813,10-C-78-48,Ctr-Arani-Arani-Narayana vanam,Mudiyur,,,,0
814,10-C-78-48,Ctr-Arani-Arani-Narayana vanam,Pitchatur,,,,0
815,10-C-78-48,Ctr-Arani-Arani-Narayana vanam,Cherlopalli,,,,0
816,10-C-78-48,Ctr-Arani-Arani-Narayana vanam,Gollapalle,,,,0
817,10-C-78-48,Ctr-Arani-Arani-Narayana vanam,Putturu_ Govindapalem,,,,0
818,10-C-78-48,Ctr-Arani-Arani-Narayana vanam,Iswarapuram,,,,0
819,10-C-78-48,Ctr-Arani-Arani-Narayana vanam,Kasimkuppam,,,,0
820,10-C-78-48,Ctr-Arani-Arani-Narayana vanam,KBR puram,,,,0
821,10-C-78-48,Ctr-Arani-Arani-Narayana vanam,KMAgraharam,,,,0
822,10-C-78-48,Ctr-Arani-Arani-Narayana vanam,Nandimangalam,,,,0
823,10-C-78-48,Ctr-Arani-Arani-Narayana vanam,Nesanuru,,,,0
824,10-C-78-48,Ctr-Arani-Arani-Narayana vanam,Parameswaramanglam,,,,0
825,10-C-78-48,Ctr-Arani-Arani-Narayana vanam,Puttur Rural,,,,0
826,10-C-78-48,Ctr-Arani-Arani-Narayana vanam,Sirusurajupuram,,,,0
827,10-C-78-48,Ctr-Arani-Arani-Narayana vanam,Taduku,,,,0
828,10-C-78-48,Ctr-Arani-Arani-Narayana vanam,Tirumalakuppam,,,,0
829,10-C-78-48,Ctr-Arani-Arani-Narayana vanam,Turur,,,,0
830,10-C-78-48,Ctr-Arani-Arani-Narayana vanam,Uttarapu Kandriga,,,,0
831,10-C-78-48,Ctr-Arani-Arani-Narayana vanam,Vepagunta,,,,0
832,10-C-78-48,Ctr-Arani-Arani-Narayana vanam,Virapureddipalem,,,,0
833,10-C-78-48,Ctr-Arani-Arani-Narayana vanam,SBR puram,,,,0
834,10-C-79-49,Ctr-Kor-Nagari,Adavikothuru,,,,0
835,10-C-79-49,Ctr-Kor-Nagari,Satravada,,,,0
836,10-C-79-49,Ctr-Kor-Nagari,Ekambarakuppam,,,,0
837,10-C-79-49,Ctr-Kor-Nagari,Salvapatteda,,,,0
838,10-C-79-49,Ctr-Kor-Nagari,Nagari,,,,0
839,10-C-79-49,Ctr-Kor-Nagari,Gundrajukuppam,,,,0
840,10-C-79-49,Ctr-Kor-Nagari,Kakaredu,,,,0
841,10-C-79-49,Ctr-Kor-Nagari,T.R. kandriga,,,,0
842,10-C-79-49,Ctr-Kor-Nagari,Mangadu,,,,0
843,10-C-79-49,Ctr-Kor-Nagari,SRN Agraharam,,,,0
844,10-C-79-49,Ctr-Kor-Nagari,Mittapalem,,,,0
845,10-C-79-49,Ctr-Kor-Nagari,Velavadi,,,,0
846,10-C-79-49,Ctr-Kor-Nagari,TVB puram,,,,0
847,10-C-79-49,Ctr-Kor-Nagari,104 Agaram,,,,0
848,10-C-79-49,Ctr-Kor-Nagari,Damarapakkam,,,,0
849,10-C-79-49,Ctr-Kor-Nagari,Iruguvay,,,,0
850,10-C-79-50,Ctr_Kor_Vijayapuram,Terani,,1,,1
851,10-C-79-50,Ctr_Kor_Vijayapuram,Mela Pattu,,1,,1
852,10-C-79-50,Ctr_Kor_Vijayapuram,Keela pattu,,1,,1
853,10-C-79-50,Ctr_Kor_Vijayapuram,Nettam Kandriga,,,,0
854,10-C-79-50,Ctr_Kor_Vijayapuram,Nagaraju Kuppam,,1,,1
855,10-C-79-50,Ctr_Kor_Vijayapuram,Kannikapuram,,1,,1
856,10-C-79-50,Ctr_Kor_Vijayapuram,O.G.Kuppam,,1,,1
857,10-C-79-50,Ctr_Kor_Vijayapuram,Virakaveriraja-puram,,,,0
858,10-C-79-50,Ctr_Kor_Vijayapuram,Mudi Palli,,,,0
859,10-C-79-50,Ctr_Kor_Vijayapuram,Srinivasapuram,,,,0
860,10-C-79-50,Ctr_Kor_Vijayapuram,Saraswathivilasapuram,,,,0
861,10-C-79-50,Ctr_Kor_Vijayapuram,Taduku Peta,,,,0
862,10-C-79-50,Ctr_Kor_Vijayapuram,VNR peta,,,,0
863,10-C-79-50,Ctr_Kor_Vijayapuram,Kavetipuram,,,,0
864,10-C-79-50,Ctr_Kor_Vijayapuram,Vijaya Raghavapuram,,,,0
865,10-C-79-50,Ctr_Kor_Vijayapuram,KV puram,,,,0
866,10-C-79-50,Ctr_Kor_Vijayapuram,Mangalam,,,,0
867,10-C-79-50,Ctr_Kor_Vijayapuram,Vijayapuram,,1,,1
868,10-C-79-50,Ctr_Kor_Vijayapuram,Ellattur,,,,0
869,10-C-79-50,Ctr_Kor_Vijayapuram,Kosalanagaram,,1,,1
870,10-C-79-50,Ctr_Kor_Vijayapuram,Pata Arcod,,,,0
871,10-C-79-50,Ctr_Kor_Vijayapuram,Sri haripuram,,1,,1
872,10-C-79-50,Ctr_Kor_Vijayapuram,Maharajapuram,,,,0
873,10-C-79-51,Ctr-Kor-Annuru,DM puram,,,,0
874,10-C-79-51,Ctr-Kor-Annuru,KM puram,,,,0
875,10-C-79-51,Ctr-Kor-Annuru,Iduvaripalli,,,,0
876,10-C-79-51,Ctr-Kor-Annuru,Annuru,,,,0
877,10-C-79-51,Ctr-Kor-Annuru,Krishnasamudram,,,,0
878,10-C-79-51,Ctr-Kor-Annuru,Kotaravedu,,,,0
879,10-C-79-51,Ctr-Kor-Annuru,Lakshmirajapeta,,,,0
880,10-C-79-51,Ctr-Kor-Annuru,Gopisettipalli,,,,0
881,10-C-79-53,Ctr-Kor-S R Puram,Amudala,,,,0
882,10-C-79-53,Ctr-Kor-S R Puram,Vana durga puram,,1,,1
883,10-C-79-53,Ctr-Kor-S R Puram,Pachigunta,,,,0
884,10-C-79-53,Ctr-Kor-S R Puram,Vinjam,,2,,2
885,10-C-79-53,Ctr-Kor-S R Puram,Pullur,,1,,1
886,10-C-79-53,Ctr-Kor-S R Puram,Padmapuram,,,,0
887,10-C-79-53,Ctr-Kor-S R Puram,Kondrajupuram,,,,0
888,10-C-79-53,Ctr-Kor-S R Puram,Kannikapuram,,,,0
889,10-C-79-53,Ctr-Kor-S R Puram,Suprarajapapuram,,,,0
890,10-C-79-53,Ctr-Kor-S R Puram,Venugopalapuram,,,,0
891,10-C-79-53,Ctr-Kor-S R Puram,Nallepalli,,,,0
892,10-C-79-53,Ctr-Kor-S R Puram,Tatimakulapalli,,,,0
893,10-C-79-53,Ctr-Kor-S R Puram,Peddakondepalli,,,,0
894,10-C-79-53,Ctr-Kor-S R Puram,SSr Puram,,,,0
895,10-C-79-53,Ctr-Kor-S R Puram,Kannikapuram,,,,0
896,10-C-79-53,Ctr-Kor-S R Puram,Basivireddipalli,,,,0
897,10-C-79-53,Ctr-Kor-S R Puram,Arimakulapalli,,,,0
898,10-C-79-53,Ctr-Kor-S R Puram,Voddipalli,,,,0
899,10-C-79-53,Ctr-Kor-S R Puram,Kannikapuram,,,,0
900,10-C-79-53,Ctr-Kor-S R Puram,Jangalapalli,,,,0
901,10-C-79-53,Ctr-Kor-S R Puram,Chinnathayyur,,1,,1
902,10-C-79-53,Ctr-Kor-S R Puram,S.R.Puram,,1,,1
903,10-C-79-53,Ctr-Kor-S R Puram,Patapalyam,,,,0
904,10-C-79-53,Ctr-Kor-S R Puram,Durgarajapuram,,,,0
905,10-C-79-53,Ctr-Kor-S R Puram,Narasimharaja-puram,,1,,1
906,10-C-79-53,Ctr-Kor-S R Puram,Giddamarajapuram,,1,,1
907,10-C-79-53,Ctr-Kor-S R Puram,Machalamarri,,,,0
908,10-C-79-53,Ctr-Kor-S R Puram,Mangunta,,1,,1
909,10-C-79-53,Ctr-Kor-S R Puram,Donnibumireddy,,,,0
910,10-C-79-53,Ctr-Kor-S R Puram,Vilasavaraha-puram,,,,0
911,10-C-79-53,Ctr-Kor-S R Puram,Ripunjayaraja-puram,,,,0
912,10-C-79-54,Ctr-Kor-Palasamudram,Tirumalarajapuram,,1,,1
913,10-C-79-54,Ctr-Kor-Palasamudram,Gangamambapuram,,,,0
914,10-C-79-54,Ctr-Kor-Palasamudram,Narasimhapuram,,1,,1
915,10-C-79-54,Ctr-Kor-Palasamudram,Allapalagunta,,,,0
916,10-C-79-54,Ctr-Kor-Palasamudram,Mamidi Manumula,,,,0
917,10-C-79-54,Ctr-Kor-Palasamudram,L.N.Puram,,,,0
918,10-C-79-54,Ctr-Kor-Palasamudram,Vengalrajukuppam,,1,,1
919,10-C-79-54,Ctr-Kor-Palasamudram,Palasamudram,,2,,2
920,10-C-79-54,Ctr-Kor-Palasamudram,Matavalam,,,,0
921,10-C-79-54,Ctr-Kor-Palasamudram,Simharajapuram,,,,0
922,10-C-79-54,Ctr-Kor-Palasamudram,Sri Kaverirajapuram,,1,,1
923,10-C-79-54,Ctr-Kor-Palasamudram,Krishna Janma puram,,1,,1
924,10-C-79-54,Ctr-Kor-Palasamudram,Siddiraju Rangaraju kandriga,,,,0
925,10-C-81-55,ctr_pa_GDNellore_GDNellore,100_Gollapalli,,,,0
926,10-C-81-55,ctr_pa_GDNellore_GDNellore,Agaramangalam,,,,0
927,10-C-81-55,ctr_pa_GDNellore_GDNellore,Ambodarapalli,,,,0
928,10-C-81-55,ctr_pa_GDNellore_GDNellore,Atmakuru,,,,0
929,10-C-81-55,ctr_pa_GDNellore_GDNellore,B.E.Kandirga,,,,0
930,10-C-81-55,ctr_pa_GDNellore_GDNellore,Bujjinayanipalli,,,,0
931,10-C-81-55,ctr_pa_GDNellore_GDNellore,Bukkapatnam,,,,0
932,10-C-81-55,ctr_pa_GDNellore_GDNellore,Chinnavepanjeri,,,,0
933,10-C-81-55,ctr_pa_GDNellore_GDNellore,Ellapalli,,,,0
934,10-C-81-55,ctr_pa_GDNellore_GDNellore,Errabodireddipalli,,,,0
935,10-C-81-55,ctr_pa_GDNellore_GDNellore,G.D.Nellore,,,,0
936,10-C-81-55,ctr_pa_GDNellore_GDNellore,Garigalapalli,,,,0
937,10-C-81-55,ctr_pa_GDNellore_GDNellore,Kadapagunta,,,,0
938,10-C-81-55,ctr_pa_GDNellore_GDNellore,Kalijavedu,,,,0
939,10-C-81-55,ctr_pa_GDNellore_GDNellore,Kondepalli,,,,0
940,10-C-81-55,ctr_pa_GDNellore_GDNellore,Kotagaram,,,,0
941,10-C-81-55,ctr_pa_GDNellore_GDNellore,Kottavenkatapuram,,,,0
942,10-C-81-55,ctr_pa_GDNellore_GDNellore,Mahadevamangalam,,,,0
943,10-C-81-55,ctr_pa_GDNellore_GDNellore,Mukkalathuru,,,,0
944,10-C-81-55,ctr_pa_GDNellore_GDNellore,Murtinayanipalli,,,,0
945,10-C-81-55,ctr_pa_GDNellore_GDNellore,Nallarallapalli,,,,0
946,10-C-81-55,ctr_pa_GDNellore_GDNellore,Nandanur,,,,0
947,10-C-81-55,ctr_pa_GDNellore_GDNellore,Nellepalli,,,,0
948,10-C-81-55,ctr_pa_GDNellore_GDNellore,P.Venkatapuram,,,,0
949,10-C-81-55,ctr_pa_GDNellore_GDNellore,Patapalyam,,,,0
950,10-C-81-55,ctr_pa_GDNellore_GDNellore,Tungundram,,,,0
951,10-C-81-55,ctr_pa_GDNellore_GDNellore,Varathuru,,,,0
952,10-C-81-55,ctr_pa_GDNellore_GDNellore,Vejjupalli,,,,0
953,10-C-81-55,ctr_pa_GDNellore_GDNellore,Vepanjeri,,,,0
954,10-C-81-55,ctr_pa_GDNellore_GDNellore,Viraka Nellore,,,,0
955,10-C-81-55,ctr_pa_GDNellore_GDNellore,Amudala Putturu,,,,0
956,10-C-81-55,ctr_pa_GDNellore_GDNellore,Balakrishnapuram,,,,0
957,10-C-81-55,ctr_pa_GDNellore_GDNellore,KaveriRajapuram,,,,0
958,10-C-81-55,ctr_pa_GDNellore_GDNellore,Charvaganiaplli,,,,0
959,10-C-81-55,ctr_pa_GDNellore_GDNellore,Chinnasamudram Agraharam,,,,0
960,10-C-81-55,ctr_pa_GDNellore_GDNellore,Guntipalli,,,,0
961,10-C-81-55,ctr_pa_GDNellore_GDNellore,Kalavagunta,,,,0
962,10-C-81-55,ctr_pa_GDNellore_GDNellore,Kondama Agraharam,,,,0
963,10-C-81-55,ctr_pa_GDNellore_GDNellore,Mopireddipalli,,,,0
964,10-C-81-55,ctr_pa_GDNellore_GDNellore,Nanjarapalli,,,,0
965,10-C-81-55,ctr_pa_GDNellore_GDNellore,Pulikallu,,,,0
966,10-C-81-55,ctr_pa_GDNellore_GDNellore,Samireddipalli,,,,0
967,10-C-81-55,ctr_pa_GDNellore_GDNellore,Satambakam,,,,0
968,10-C-81-55,ctr_pa_GDNellore_GDNellore,Basireddipalli,,,,0
969,10-C-81-55,ctr_pa_GDNellore_GDNellore,Katikapalli,,,,0
970,10-C-81-55,ctr_pa_GDNellore_GDNellore,Kotarlapalli,,,,0
971,10-C-81-55,ctr_pa_GDNellore_GDNellore,Kottapalli,,,,0
972,10-C-81-55,ctr_pa_GDNellore_GDNellore,Marripalli D.K.,,,,0
973,10-C-81-55,ctr_pa_GDNellore_GDNellore,Bommayapalli,,,,0
974,10-C-81-55,ctr_pa_GDNellore_GDNellore,Devalampeta,,,,0
975,10-C-81-55,ctr_pa_GDNellore_GDNellore,Gaarampalli,,,,0
976,10-C-81-55,ctr_pa_GDNellore_GDNellore,Jada Bapana Palli,,,,0
977,10-C-81-55,ctr_pa_GDNellore_GDNellore,Marripalli uttarapu kandriga,,,,0
978,10-C-81-55,ctr_pa_GDNellore_GDNellore,Tettugundlapalli100,,,,0
979,10-C-81-55,ctr_pa_GDNellore_GDNellore,Tippinayudupalli,,,,0
980,10-C-81-55,ctr_pa_GDNellore_GDNellore,Yetti Rangani palle,,,,0
981,10-C-81-55,ctr_pa_GDNellore_GDNellore,Ramakrishnapuram,,,,0
982,10-C-81-56,ctr-pa-Mangalampetavanka-puthalapattu,Achamma Agraharam,,,,0
983,10-C-81-56,ctr-pa-Mangalampetavanka-puthalapattu,Ganugupenta,,,,0
984,10-C-81-56,ctr-pa-Mangalampetavanka-puthalapattu,Gorpadu,,1,,1
985,10-C-81-56,ctr-pa-Mangalampetavanka-puthalapattu,K.Oddupalli,,1,,1
986,10-C-81-56,ctr-pa-Mangalampetavanka-puthalapattu,Maddinayunipalli,,,,0
987,10-C-81-56,ctr-pa-Mangalampetavanka-puthalapattu,Mogarala,,,,0
988,10-C-81-56,ctr-pa-Mangalampetavanka-puthalapattu,Nagamma Agraharam,,,,0
989,10-C-81-56,ctr-pa-Mangalampetavanka-puthalapattu,Pakala,,5,,5
990,10-C-81-56,ctr-pa-Mangalampetavanka-puthalapattu,Peddaramapuram,,,,0
991,10-C-81-56,ctr-pa-Mangalampetavanka-puthalapattu,Thotathimmaiah Palle,,,,0
992,10-C-81-56,ctr-pa-Mangalampetavanka-puthalapattu,Vallivedu,,1,,1
993,10-C-81-56,ctr-pa-Mangalampetavanka-puthalapattu,Ammagaripalli,,,,0
994,10-C-81-56,ctr-pa-Mangalampetavanka-puthalapattu,Chinnamareddi kandriga,,,,0
995,10-C-81-56,ctr-pa-Mangalampetavanka-puthalapattu,Chintapenta,,,,0
996,10-C-81-56,ctr-pa-Mangalampetavanka-puthalapattu,Kaligiri,,1,,1
997,10-C-81-56,ctr-pa-Mangalampetavanka-puthalapattu,Penumur,,1,,1
998,10-C-81-56,ctr-pa-Mangalampetavanka-puthalapattu,Tatireddipalli,,,,0
999,10-C-81-56,ctr-pa-Mangalampetavanka-puthalapattu,106RRgaripalli,,,,0
1000,10-C-81-56,ctr-pa-Mangalampetavanka-puthalapattu,Bandrlapalli,,1,,1
1001,10-C-81-56,ctr-pa-Mangalampetavanka-puthalapattu,Gaddamvaripalli,,,,0
1002,10-C-81-56,ctr-pa-Mangalampetavanka-puthalapattu,Kalluru,,1,,1
1003,10-C-81-56,ctr-pa-Mangalampetavanka-puthalapattu,Kavetigaripalli,,,,0
1004,10-C-81-56,ctr-pa-Mangalampetavanka-puthalapattu,Mangalampeta,,,,0
1005,10-C-81-56,ctr-pa-Mangalampetavanka-puthalapattu,Rayavaripalli,,,,0
1006,10-C-81-56,ctr-pa-Mangalampetavanka-puthalapattu,Vallivetivaripalli,,,,0
1007,10-C-81-56,ctr-pa-Mangalampetavanka-puthalapattu,Yellankivaripalli,,,,0
1008,10-C-81-56,ctr-pa-Mangalampetavanka-puthalapattu,Akanambattu,,,,0
1009,10-C-81-56,ctr-pa-Mangalampetavanka-puthalapattu,Chitiperala,,,,0
1010,10-C-81-56,ctr-pa-Mangalampetavanka-puthalapattu,Goduguchinta,,,,0
1011,10-C-81-56,ctr-pa-Mangalampetavanka-puthalapattu,Kothakota,,,,0
1012,10-C-81-56,ctr-pa-Mangalampetavanka-puthalapattu,Polavaram,,,,0
1013,10-C-81-56,ctr-pa-Mangalampetavanka-puthalapattu,Potukanuma,,,,0
1014,10-C-81-56,ctr-pa-Mangalampetavanka-puthalapattu,Puthalapattu,,3,,3
1015,10-C-81-56,ctr-pa-Mangalampetavanka-puthalapattu,Siddalingampalli,,,,0
1016,10-C-81-56,ctr-pa-Mangalampetavanka-puthalapattu,Thippanapalli,,,,0
1017,10-C-81-56,ctr-pa-Mangalampetavanka-puthalapattu,Venuthapalli,,,,0
1018,10-C-81-56,ctr-pa-Mangalampetavanka-puthalapattu,Vepanapalli,,,,0
1019,10-C-81-57,ctr-pa-Gargeyavanka-Irala,Pudipatlabilu,,,,0
1020,10-C-81-57,ctr-pa-Gargeyavanka-Irala,Damalcheruvu,,,,0
1021,10-C-81-57,ctr-pa-Gargeyavanka-Irala,Gudlapalli,,,,0
1022,10-C-81-57,ctr-pa-Gargeyavanka-Irala,VSAgraharam,,,,0
1023,10-C-81-57,ctr-pa-Gargeyavanka-Irala,Polakala,,,,0
1024,10-C-81-57,ctr-pa-Gargeyavanka-Irala,Peddasamireddypalle,,,,0
1025,10-C-81-57,ctr-pa-Gargeyavanka-Irala,Nampalli,,,,0
1026,10-C-81-57,ctr-pa-Gargeyavanka-Irala,Ayyala Krishna Reddy Palle,,,,0
1027,10-C-81-57,ctr-pa-Gargeyavanka-Irala,Morampalli,,,,0
1028,10-C-81-57,ctr-pa-Gargeyavanka-Irala,Pulluru,,,,0
1029,10-C-81-57,ctr-pa-Gargeyavanka-Irala,Paturu,,,,0
1030,10-C-81-57,ctr-pa-Gargeyavanka-Irala,Errachervupalli,,,,0
1031,10-C-81-57,ctr-pa-Gargeyavanka-Irala,Talupulapalli,,,,0
1032,10-C-81-57,ctr-pa-Gargeyavanka-Irala,Tenepalli,,,,0
1033,10-C-81-57,ctr-pa-Gargeyavanka-Irala,Baitapalli,,,,0
1034,10-C-81-57,ctr-pa-Gargeyavanka-Irala,Palakuru,,,,0
1035,10-C-81-57,ctr-pa-Gargeyavanka-Irala,Petagraharam,,,,0
1036,10-C-81-57,ctr-pa-Gargeyavanka-Irala,Mudigolam,,,,0
1037,10-C-81-57,ctr-pa-Gargeyavanka-Irala,Kami Nayanipalli,,,,0
1038,10-C-81-57,ctr-pa-Gargeyavanka-Irala,Putramaddi,,,,0
1039,10-C-81-57,ctr-pa-Gargeyavanka-Irala,Erlampalli,,,,0
1040,10-C-81-57,ctr-pa-Gargeyavanka-Irala,Irala,,,,0
1041,10-C-81-57,ctr-pa-Gargeyavanka-Irala,Kollapalli,,,,0
1042,10-C-81-57,ctr-pa-Gargeyavanka-Irala,Chenganapalli,,,,0
1043,10-C-81-58,ctr-pa-Godduvanka-Thavanampalli,Pedda kapalli,,,,0
1044,10-C-81-58,ctr-pa-Godduvanka-Thavanampalli,Madhavaram,,,,0
1045,10-C-81-58,ctr-pa-Godduvanka-Thavanampalli,Mallakunta,,,,0
1046,10-C-81-58,ctr-pa-Godduvanka-Thavanampalli,Kattakindapalli,,,,0
1047,10-C-81-58,ctr-pa-Godduvanka-Thavanampalli,Govindareddipalli,,,,0
1048,10-C-81-58,ctr-pa-Godduvanka-Thavanampalli,Sarakallu,,,,0
1049,10-C-81-58,ctr-pa-Godduvanka-Thavanampalli,Gurukupalli,,,,0
1050,10-C-81-58,ctr-pa-Godduvanka-Thavanampalli,Cherlopalli,,,,0
1051,10-C-81-58,ctr-pa-Godduvanka-Thavanampalli,Gandupalli,,,,0
1052,10-C-81-58,ctr-pa-Godduvanka-Thavanampalli,EACHINERY,,,,0
1053,10-C-81-58,ctr-pa-Godduvanka-Thavanampalli,Aragonda,,,,0
1054,10-C-81-58,ctr-pa-Godduvanka-Thavanampalli,Eguvatadakara,,,,0
1055,10-C-81-58,ctr-pa-Godduvanka-Thavanampalli,Diguvamagham,,,,0
1056,10-C-81-58,ctr-pa-Godduvanka-Thavanampalli,Pallecheruvu,,,,0
1057,10-C-81-58,ctr-pa-Godduvanka-Thavanampalli,Diguvatadakara,,,,0
1058,10-C-81-58,ctr-pa-Godduvanka-Thavanampalli,Tavanampalli,,,,0
1059,10-C-81-58,ctr-pa-Godduvanka-Thavanampalli,Karakampalli,,,,0
1060,10-C-81-58,ctr-pa-Godduvanka-Thavanampalli,T.Puttur,,,,0
1061,10-C-81-58,ctr-pa-Godduvanka-Thavanampalli,Uttarabramhanapalli,,,,0
1062,10-C-81-58,ctr-pa-Godduvanka-Thavanampalli,Punyasamudram,,,,0
1063,10-C-81-58,ctr-pa-Godduvanka-Thavanampalli,Patnam,,,,0
1064,10-C-81-58,ctr-pa-Godduvanka-Thavanampalli,Paimagham,,,,0
1065,10-C-81-58,ctr-pa-Godduvanka-Thavanampalli,Tambuganipalli,,,,0
1066,10-C-81-58,ctr-pa-Godduvanka-Thavanampalli,Kanipakam,,,,0
1067,10-C-81-58,ctr-pa-Godduvanka-Thavanampalli,Chigarapalli,,,,0
1068,10-C-81-58,ctr-pa-Godduvanka-Thavanampalli,45 Kothapalli,,,,0
1069,10-C-81-58,ctr-pa-Godduvanka-Thavanampalli,Vaviltota,,,,0
1070,10-C-81-58,ctr-pa-Godduvanka-Thavanampalli,Muthirevula,,,,0
1071,10-C-81-58,ctr-pa-Godduvanka-Thavanampalli,Oddipalli,,,,0
1072,10-C-81-59,ctr-pa-Niva-Chittoor,Kotrakona,,,,0
1073,10-C-81-59,ctr-pa-Niva-Chittoor,Murakambattu,,,,0
1074,10-C-81-59,ctr-pa-Niva-Chittoor,Doddipalli,,,,0
1075,10-C-81-59,ctr-pa-Niva-Chittoor,T.Samudram,,,,0
1076,10-C-81-59,ctr-pa-Niva-Chittoor,Mangasamudram,,,,0
1077,10-C-81-59,ctr-pa-Niva-Chittoor,Tenabanda,,,,0
1078,10-C-81-59,ctr-pa-Niva-Chittoor,Chittoor,,,,0
1079,10-C-81-59,ctr-pa-Niva-Chittoor,Greemspet,,,,0
1080,10-C-81-59,ctr-pa-Niva-Chittoor,Iruvaram,,,,0
1081,10-C-81-59,ctr-pa-Niva-Chittoor,Kukkalapalle,,,,0
1082,10-C-81-59,ctr-pa-Niva-Chittoor,Majara Kotha Palle,,,,0
1083,10-C-81-59,ctr-pa-Niva-Chittoor,Budithireddipalli,,,,0
1084,10-C-81-59,ctr-pa-Niva-Chittoor,Kotalam,,,,0
1085,10-C-81-59,ctr-pa-Niva-Chittoor,Yadamari,,,,0
1086,10-C-81-59,ctr-pa-Niva-Chittoor,Periambadi,,,,0
1087,10-C-81-59,ctr-pa-Niva-Chittoor,Madhavaram,,,,0
1088,10-C-81-59,ctr-pa-Niva-Chittoor,Jangalapalli,,,,0
1089,10-C-81-59,ctr-pa-Niva-Chittoor,Dasarapalli,,,,0
1090,10-C-81-59,ctr-pa-Niva-Chittoor,Kasiralla,,,,0
1091,10-C-81-59,ctr-pa-Niva-Chittoor,144 Otivaripalli,,,,0
1092,10-C-81-59,ctr-pa-Niva-Chittoor,Nadimpalli,,,,0
1093,10-C-81-59,ctr-pa-Niva-Chittoor,Otivaripalli,,,,0
1094,10-C-81-59,ctr-pa-Niva-Chittoor,Muddaramapuram,,,,0
1095,10-C-81-59,ctr-pa-Niva-Chittoor,Siddareddipalli,,,,0
1096,10-C-81-59,ctr-pa-Niva-Chittoor,Modipalli,,,,0
1097,10-C-81-59,ctr-pa-Niva-Chittoor,Patrapalli,,,,0
1098,10-C-81-59,ctr-pa-Niva-Chittoor,Bodigutlapalli,,,,0
1099,10-C-81-59,ctr-pa-Niva-Chittoor,Kammapalli,,,,0
1100,10-C-81-59,ctr-pa-Niva-Chittoor,Kanathalacheruvu,,,,0
1101,10-C-81-59,ctr-pa-Niva-Chittoor,Bhumireddipalli,,,,0
1102,10-C-81-59,ctr-pa-Niva-Chittoor,Madireddipalli,,,,0
1103,10-C-81-59,ctr-pa-Niva-Chittoor,184 Gollapalli,,,,0
1104,10-C-81-59,ctr-pa-Niva-Chittoor,Konapalli,,,,0
1105,10-C-81-59,ctr-pa-Niva-Chittoor,Nunegundlapalli,,,,0
1106,10-C-81-59,ctr-pa-Niva-Chittoor,Mahasamudram,,,,0
1107,10-C-81-59,ctr-pa-Niva-Chittoor,G.Kattamanchi,,,,0
1108,10-C-81-59,ctr-pa-Niva-Chittoor,Kallurupalli,,,,0
1109,10-C-81-59,ctr-pa-Niva-Chittoor,Kurmaipalli,,,,0
1110,10-C-81-59,ctr-pa-Niva-Chittoor,Bodabandla,,,,0
1111,10-C-81-59,ctr-pa-Niva-Chittoor,Ragimanupenta,,,,0
1112,10-C-81-59,ctr-pa-Niva-Chittoor,K.M.Kandriga,,,,0
1113,10-C-81-59,ctr-pa-Niva-Chittoor,Nellisettipalli,,,,0
1114,10-C-81-59,ctr-pa-Niva-Chittoor,Kattamanchi,,,,0
1115,10-C-81-59,ctr-pa-Niva-Chittoor,Gandlapalli,,,,0
1116,10-C-81-59,ctr-pa-Niva-Chittoor,Mapakshi,,,,0
1117,10-C-81-59,ctr-pa-Niva-Chittoor,Anupalle,,,,0
1118,10-C-81-59,ctr-pa-Niva-Chittoor,Bandlapalli,,,,0
1119,10-C-81-59,ctr-pa-Niva-Chittoor,Lakshmambapuram,,,,0
1120,10-C-81-59,ctr-pa-Niva-Chittoor,Narigapalli,,,,0
1121,10-C-81-59,ctr-pa-Niva-Chittoor,Siddampalli,,,,0
1122,10-C-81-59,ctr-pa-Niva-Chittoor,36.Gollapalli,,,,0
1123,10-C-81-59,ctr-pa-Niva-Chittoor,Varadarajulupalli,,,,0
1124,10-C-81-59,ctr-pa-Niva-Chittoor,Diguvamansanapalli,,,,0
1125,10-C-81-59,ctr-pa-Niva-Chittoor,Peddakalva,,,,0
1126,10-C-81-59,ctr-pa-Niva-Chittoor,Mapakshi Part,,,,0
1127,10-C-81-59,ctr-pa-Niva-Chittoor,Anupalle Part (U I),,,,0
1128,10-C-81-60,ctr-pa-Gudipala-Gudipala,Thumminda,,,,0
1129,10-C-81-60,ctr-pa-Gudipala-Gudipala,Peddasettipalli,,,,0
1130,10-C-81-60,ctr-pa-Gudipala-Gudipala,Ananthapuram,,,,0
1131,10-C-81-60,ctr-pa-Gudipala-Gudipala,Talambedu,,,,0
1132,10-C-81-60,ctr-pa-Gudipala-Gudipala,Alakurupalli,,,,0
1133,10-C-81-60,ctr-pa-Gudipala-Gudipala,Kurchivedu,,,,0
1134,10-C-81-60,ctr-pa-Gudipala-Gudipala,Settiappanthangal,,,,0
1135,10-C-81-60,ctr-pa-Gudipala-Gudipala,Guvvakallu,,,,0
1136,10-C-81-60,ctr-pa-Gudipala-Gudipala,Chintalagunta,,,,0
1137,10-C-81-60,ctr-pa-Gudipala-Gudipala,Muthukuru,,,,0
1138,10-C-81-60,ctr-pa-Gudipala-Gudipala,Inavedu,,,,0
1139,10-C-81-60,ctr-pa-Gudipala-Gudipala,Anagallu,,,,0
1140,10-C-81-60,ctr-pa-Gudipala-Gudipala,BNR Peta,,,,0
1141,10-C-81-60,ctr-pa-Gudipala-Gudipala,Paluru,,,,0
1142,10-C-81-60,ctr-pa-Gudipala-Gudipala,Krishnapuram,,,,0
1143,10-C-81-60,ctr-pa-Gudipala-Gudipala,Arathala,,,,0
1144,10-C-81-60,ctr-pa-Gudipala-Gudipala,5 Venkatapuram,,,,0
1145,10-C-81-60,ctr-pa-Gudipala-Gudipala,Pachanapalli,,,,0
1146,10-C-81-60,ctr-pa-Gudipala-Gudipala,33 Venkatapuram,,,,0
1147,10-C-81-60,ctr-pa-Gudipala-Gudipala,Bandapalli,,,,0
1148,10-C-81-60,ctr-pa-Gudipala-Gudipala,Chittapara,,,,0
1149,10-C-81-60,ctr-pa-Gudipala-Gudipala,Papasamudram,,,,0
1150,10-C-81-60,ctr-pa-Gudipala-Gudipala,Gudipala,,,,0
1151,10-C-81-60,ctr-pa-Gudipala-Gudipala,Kothapalle,,,,0
1152,10-C-81-60,ctr-pa-Gudipala-Gudipala,Srirangampalli,,,,0
1153,10-C-81-60,ctr-pa-Gudipala-Gudipala,190 Ramapuram,,,,0
1154,10-C-81-60,ctr-pa-Gudipala-Gudipala,Muthukurupalli,,,,0
1155,10-C-81-60,ctr-pa-Gudipala-Gudipala,Mogaralapalli,,,,0
1156,10-C-81-60,ctr-pa-Gudipala-Gudipala,Chilapalli,,,,0
1157,10-C-81-60,ctr-pa-Gudipala-Gudipala,Naragallu,,,,0
1158,10-C-81-60,ctr-pa-Gudipala-Gudipala,197.Ramapuram,,,,0
1159,10-C-81-60,ctr-pa-Gudipala-Gudipala,A.L.Puram,,,,0
1160,10-C-81-60,ctr-pa-Gudipala-Gudipala,CM Kandriga,,,,0
1161,10-C-81-60,ctr-pa-Gudipala-Gudipala,Kaidugani kandriga,,,,0
1162,10-C-81-60,ctr-pa-Gudipala-Gudipala,Thimmapalli,,,,0
1163,10-C-81-60,ctr-pa-Gudipala-Gudipala,Ragimanupatteda,,,,0
1164,10-C-81-60,ctr-pa-Gudipala-Gudipala,13_Gollapalli,,,,0
1165,10-C-81-60,ctr-pa-Gudipala-Gudipala,Venkatalakshmambapuram,,,,0
1166,10-C-81-60,ctr-pa-Gudipala-Gudipala,Bandarlapalli,,,,0
1167,10-C-81-60,ctr-pa-Gudipala-Gudipala,Krishnajammapuram,,,,0
1168,10-C-81-60,ctr-pa-Gudipala-Gudipala,Pasumanda,,,,0
1169,10-C-81-60,ctr-pa-Gudipala-Gudipala,Pasumanda part,,,,0
1170,10-C-81-60,ctr-pa-Gudipala-Gudipala,Basavapalli,,,,0
1171,10-C-81-60,ctr-pa-Gudipala-Gudipala,Vasanthapuram,,,,0
1172,10-C-81-60,ctr-pa-Gudipala-Gudipala,Lakshmambapuram,,,,0
1173,10-C-81-60,ctr-pa-Gudipala-Gudipala,Kuppiganipalli,,,,0
1174,10-C-81-60,ctr-pa-Gudipala-Gudipala,Marakalakuppam,,,,0
1175,10-C-81-60,ctr-pa-Gudipala-Gudipala,DB palli,,,,0
1176,10-C-81-60,ctr-pa-Gudipala-Gudipala,Nangamangalam,,,,0
1177,10-C-81-60,ctr-pa-Gudipala-Gudipala,Bommasamudram,,,,0
1178,10-C-81-60,ctr-pa-Gudipala-Gudipala,Mandikrishnapuram,,,,0
1179,10-C-81-60,ctr-pa-Gudipala-Gudipala,Velkuru,,,,0
1180,10-C-81-60,ctr-pa-Gudipala-Gudipala,Perumallakandriga,,,,0
1181,10-C-81-61,ctr-pa-kaundinya -Gangavaram,Rayalpeta,,2,,2
1182,10-C-81-61,ctr-pa-kaundinya -Gangavaram,Nagireddipalli,,1,,1
1183,10-C-81-61,ctr-pa-kaundinya -Gangavaram,Kogileru,,1,,1
1184,10-C-81-61,ctr-pa-kaundinya -Gangavaram,Kolathur,,1,,1
1185,10-C-81-61,ctr-pa-kaundinya -Gangavaram,Gangavaram,,1,,1
1186,10-C-81-61,ctr-pa-kaundinya -Gangavaram,Kallupalli,,1,,1
1187,10-C-81-61,ctr-pa-kaundinya -Gangavaram,Melumai,,1,,1
1188,10-C-81-61,ctr-pa-kaundinya -Gangavaram,Mogilapalli,,1,,1
1189,10-C-81-61,ctr-pa-kaundinya -Gangavaram,Kilapatla,,1,,1
1190,10-C-81-61,ctr-pa-kaundinya -Gangavaram,Kothapalle,,1,,1
1191,10-C-81-61,ctr-pa-kaundinya -Gangavaram,Palamaneru,,11,,11
1192,10-C-81-61,ctr-pa-kaundinya -Gangavaram,Pengaragunta,,1,,1
1193,10-C-81-61,ctr-pa-kaundinya -Gangavaram,Nagamangalam,,1,,1
1194,10-C-81-61,ctr-pa-kaundinya -Gangavaram,Vepanapalli,,1,,1
1195,10-C-81-61,ctr-pa-kaundinya -Gangavaram,Kiramanda,,1,,1
1196,10-C-81-61,ctr-pa-kaundinya -Gangavaram,Beripalli,,1,,1
1197,10-C-81-62,ctr_pa_Penrevula peddavanka,Jagamarla,,,,0
1198,10-C-81-62,ctr_pa_Penrevula peddavanka,Mogili,,,,0
1199,10-C-81-62,ctr_pa_Penrevula peddavanka,Tekumanda,,,,0
1200,10-C-81-62,ctr_pa_Penrevula peddavanka,Venkatagiri,,,,0
1201,10-C-81-62,ctr_pa_Penrevula peddavanka,Palamakulapalli,,,,0
1202,10-C-81-62,ctr_pa_Penrevula peddavanka,Paleru,,,,0
1203,10-C-81-62,ctr_pa_Penrevula peddavanka,Motagunta,,,,0
1204,10-C-81-62,ctr_pa_Penrevula peddavanka,170gollapalli,,,,0
1205,10-C-81-62,ctr_pa_Penrevula peddavanka,Jambuvaripalli,,,,0
1206,10-C-81-62,ctr_pa_Penrevula peddavanka,Nalagampalli,,,,0
1207,10-C-81-62,ctr_pa_Penrevula peddavanka,Tumbapalem,,,,0
1208,10-C-81-62,ctr_pa_Penrevula peddavanka,Tumbakuppam,,,,0
1209,10-C-81-62,ctr_pa_Penrevula peddavanka,Setteri,,,,0
1210,10-C-81-62,ctr_pa_Penrevula peddavanka,Tumpayanapalli,,,,0
1211,10-C-81-62,ctr_pa_Penrevula peddavanka,Sadakuppam,,,,0
1212,10-C-81-62,ctr_pa_Penrevula peddavanka,Nallamgadu,,,,0
1213,10-C-81-62,ctr_pa_Penrevula peddavanka,Muthukuru,,,,0
1214,10-C-81-62,ctr_pa_Penrevula peddavanka,Matyam,,,,0
1215,10-C-81-63,ctr-pa-Laddigamvanka-Chowdepalli,MittachintalaVaripalli,,,,0
1216,10-C-81-63,ctr-pa-Laddigamvanka-Chowdepalli,Melupatla,,,,0
1217,10-C-81-63,ctr-pa-Laddigamvanka-Chowdepalli,Raganipalli,,,,0
1218,10-C-81-63,ctr-pa-Laddigamvanka-Chowdepalli,Chadalla,,,,0
1219,10-C-81-63,ctr-pa-Laddigamvanka-Chowdepalli,Nekkundi,,,,0
1220,10-C-81-63,ctr-pa-Laddigamvanka-Chowdepalli,Kummaranatham,,,,0
1221,10-C-81-63,ctr-pa-Laddigamvanka-Chowdepalli,Bhimaganipalle,,,,0
1222,10-C-81-63,ctr-pa-Laddigamvanka-Chowdepalli,Pedda Ellakunta,,,,0
1223,10-C-81-63,ctr-pa-Laddigamvanka-Chowdepalli,Chowdepalli,,,,0
1224,10-C-81-63,ctr-pa-Laddigamvanka-Chowdepalli,Settipeta,,,,0
1225,10-C-81-63,ctr-pa-Laddigamvanka-Chowdepalli,Pandillapalli,,,,0
1226,10-C-81-63,ctr-pa-Laddigamvanka-Chowdepalli,Charala,,,,0
1227,10-C-81-63,ctr-pa-Laddigamvanka-Chowdepalli,Pudipatla,,,,0
1228,10-C-81-63,ctr-pa-Laddigamvanka-Chowdepalli,Chintamakulapalle,,,,0
1229,10-C-81-63,ctr-pa-Laddigamvanka-Chowdepalli,Katiperi,,,,0
1230,10-C-81-63,ctr-pa-Laddigamvanka-Chowdepalli,Kagithi,,,,0
1231,10-C-81-63,ctr-pa-Laddigamvanka-Chowdepalli,Diguvapalli,,,,0
1232,10-C-81-63,ctr-pa-Laddigamvanka-Chowdepalli,Laddigam,,,,0
1233,10-C-81-63,ctr-pa-Laddigamvanka-Chowdepalli,A.Kothakota,,,,0
1234,10-C-81-63,ctr-pa-Laddigamvanka-Chowdepalli,Durgasamudram,,,,0
1235,10-C-81-63,ctr-pa-Laddigamvanka-Chowdepalli,Kondamarri,,,,0
1236,10-C-81-63,ctr-pa-Laddigamvanka-Chowdepalli,Virapalli,,,,0
1237,10-C-81-63,ctr-pa-Laddigamvanka-Chowdepalli,Suddaguntlapalli,,,,0
1238,10-C-81-63,ctr-pa-Laddigamvanka-Chowdepalli,Arikala,,,,0
1239,10-C-81-63,ctr-pa-Laddigamvanka-Chowdepalli,Kappalle,,,,0
1240,10-C-81-63,ctr-pa-Laddigamvanka-Chowdepalli,Chembakur,,,,0
1241,10-C-81-63,ctr-pa-Laddigamvanka-Chowdepalli,Nariganipalli,,,,0
1242,10-C-81-63,ctr-pa-Laddigamvanka-Chowdepalli,R.Nadimpalli,,,,0
1243,10-C-81-63,ctr-pa-Laddigamvanka-Chowdepalli,Peddakurapalle,,,,0
1244,10-C-81-63,ctr-pa-Laddigamvanka-Chowdepalli,Ramasamudram,,,,0
1245,10-C-81-63,ctr-pa-Laddigamvanka-Chowdepalli,Elava nellore,,,,0
1246,10-C-81-63,ctr-pa-Laddigamvanka-Chowdepalli,Miniki,,,,0
1247,10-C-81-63,ctr-pa-Laddigamvanka-Chowdepalli,Malenatham,,,,0
1248,10-C-81-63,ctr-pa-Laddigamvanka-Chowdepalli,Kuduruchimanapalli,,,,0
1249,10-C-81-63,ctr-pa-Laddigamvanka-Chowdepalli,Mangalam,,,,0
1250,10-C-81-63,ctr-pa-Laddigamvanka-Chowdepalli,Yetavakili,,,,0
1251,10-C-81-63,ctr-pa-Laddigamvanka-Chowdepalli,Gomkonda,,,,0
1252,10-C-81-64,ctr-pa-Ramasamudram,Bandlapalli,,,,0
1253,10-C-81-64,ctr-pa-Ramasamudram,Yeturu,,,,0
1254,10-C-81-64,ctr-pa-Ramasamudram,Turlapalli,,,,0
1255,10-C-81-64,ctr-pa-Ramasamudram,Kurijala,,,,0
1256,10-C-81-64,ctr-pa-Ramasamudram,Chokkandlapalli,,,,0
1257,10-C-81-64,ctr-pa-Ramasamudram,Vulapadu,,,,0
1258,10-C-81-64,ctr-pa-Ramasamudram,Mugavadi,,,,0
1259,10-C-81-64,ctr-pa-Ramasamudram,Magandlapalli,,,,0
1260,10-C-81-64,ctr-pa-Ramasamudram,Vanamala Dinne,,,,0
1261,10-C-81-64,ctr-pa-Ramasamudram,Aradigunta,,,,0
1262,10-C-81-64,ctr-pa-Ramasamudram,Melamdoddi,,,,0
1263,10-C-81-64,ctr-pa-Ramasamudram,Punganuru,,,,0
1264,10-C-81-65,Ctr-pa-Peddapanjani,Peddapanjani,,,,0
1265,10-C-81-65,Ctr-pa-Peddapanjani,Karasanapalli,,,,0
1266,10-C-81-65,Ctr-pa-Peddapanjani,Battamdoddi,,,,0
1267,10-C-81-65,Ctr-pa-Peddapanjani,Muthukuru,,,,0
1268,10-C-81-65,Ctr-pa-Peddapanjani,Chalamangalam,,,,0
1269,10-C-81-65,Ctr-pa-Peddapanjani,Bommarajupalli,,,,0
1270,10-C-81-65,Ctr-pa-Peddapanjani,Mudarampalli,,,,0
1271,10-C-81-65,Ctr-pa-Peddapanjani,Nidigunta,,,,0
1272,10-C-81-65,Ctr-pa-Peddapanjani,Chamaneru,,,,0
1273,10-C-81-65,Ctr-pa-Peddapanjani,Appinepalli,,,,0
1274,10-C-81-65,Ctr-pa-Peddapanjani,Pedda Velagathur,,,,0
1275,10-C-81-65,Ctr-pa-Peddapanjani,Sankararayalapeta,,,,0
1276,10-C-81-65,Ctr-pa-Peddapanjani,Shivadi,,,,0
1277,10-C-81-65,Ctr-pa-Peddapanjani,Dandapalli,,,,0
1278,10-C-81-65,Ctr-pa-Peddapanjani,Kalagatur,,,,0
1279,10-C-81-65,Ctr-pa-Peddapanjani,Keelapalle,,,,0
1280,10-C-81-65,Ctr-pa-Peddapanjani,Gundugallu,,,,0
1281,10-C-81-65,Ctr-pa-Peddapanjani,Pasuputtur,,,,0
1282,10-C-81-65,Ctr-pa-Peddapanjani,Gandrajupalle,,,,0
1283,10-C-81-66,Ctr-pa-Kaundinya p1,Maredupalli,,,,0
1284,10-C-81-66,Ctr-pa-Kaundinya p1,Jidimakulapalli,,,,0
1285,10-C-81-66,Ctr-pa-Kaundinya p1,Mamadugu,,,,0
1286,10-C-81-66,Ctr-pa-Kaundinya p1,Pattikonda,,,,0
1287,10-C-81-66,Ctr-pa-Kaundinya p1,Samudrapalli,,,,0
1288,10-C-81-66,Ctr-pa-Kaundinya p1,Karidimadugu,,,,0
1289,10-C-81-66,Ctr-pa-Kaundinya p1,Bayyappagaripalli,,,,0
1290,10-C-81-66,Ctr-pa-Kaundinya p1,Chethapenta,,,,0
1291,10-C-81-66,Ctr-pa-Kaundinya p1,Kurmai,,,,0
1292,10-C-81-66,Ctr-pa-Kaundinya p1,Jallipeta,,,,0
1293,10-C-81-66,Ctr-pa-Kaundinya p1,Morram,,,,0
1294,10-C-81-66,Ctr-pa-Kaundinya p1,Ranginayanipalli,,,,0
1295,10-C-81-66,Ctr-pa-Kaundinya p1,Kolamasanapalli,,,,0
1296,10-C-81-66,Ctr-pa-Kaundinya p1,S.R.Puram,,,,0
1297,10-C-81-66,Ctr-pa-Kaundinya p1,Ayyamreddipalli,,,,0
1298,10-C-81-66,Ctr-pa-Kaundinya p1,Ankemvaripalli,,,,0
1299,10-C-81-66,Ctr-pa-Kaundinya p1,Gundlapalli,,,,0
1300,10-C-81-66,Ctr-pa-Kaundinya p1,Belupalli,,,,0
1301,10-C-81-66,Ctr-pa-Kaundinya p1,Dharmapuri,,,,0
1302,10-C-81-66,Ctr-pa-Kaundinya p1,M.N.Reddipalli,,,,0
1303,10-C-81-66,Ctr-pa-Kaundinya p1,Mulathimmepalli,,,,0
1304,10-C-81-66,Ctr-pa-Kaundinya p1,Erlabanda,,,,0
1305,10-C-81-66,Ctr-pa-Kaundinya p1,Chappidipalli,,,,0
1306,10-C-81-66,Ctr-pa-Kaundinya p1,Nellipatla,,,,0
1307,10-C-81-67,Ctr-pa-Kaigaleru,Baireddipalle,,,,0
1308,10-C-81-67,Ctr-pa-Kaigaleru,P.C.Gunta,,,,0
1309,10-C-81-67,Ctr-pa-Kaigaleru,Kammanapalli,,,,0
1310,10-C-81-67,Ctr-pa-Kaigaleru,Settipalli,,,,0
1311,10-C-81-67,Ctr-pa-Kaigaleru,Lakkanapalli,,,,0
1312,10-C-81-67,Ctr-pa-Kaigaleru,G.C.Palli,,,,0
1313,10-C-81-67,Ctr-pa-Kaigaleru,Alapalli,,,,0
1314,10-C-81-67,Ctr-pa-Kaigaleru,Kambampalli,,,,0
1315,10-C-81-67,Ctr-pa-Kaigaleru,Thirtam,,,,0
1316,10-C-81-67,Ctr-pa-Kaigaleru,Kaigal,,,,0
1317,10-C-81-67,Ctr-pa-Kaigaleru,Ganginayunipalli,,,,0
1318,10-C-81-67,Ctr-pa-Kaigaleru,Dontirallapalle,,,,0
1319,10-C-81-67,Ctr-pa-Kaigaleru,Thothireddypalle,,,,0
1320,10-C-81-67,Ctr-pa-Kaigaleru,R.K.Dinne,,,,0
1321,10-C-81-67,Ctr-pa-Kaigaleru,G.T.Palli,,,,0
1322,10-C-81-67,Ctr-pa-Kaigaleru,K.Natham,,,,0
1323,10-C-81-67,Ctr-pa-Kaigaleru,P.Natham,,,,0
1324,10-C-81-67,Ctr-pa-Kaigaleru,Devadoddi,,,,0
1325,10-C-81-67,Ctr-pa-Kaigaleru,Krishnampalli,,,,0
1326,10-C-81-67,Ctr-pa-Kaigaleru,Javunipalli,,,,0
1327,10-C-81-67,Ctr-pa-Kaigaleru,Gonumakulapalli,,,,0
1328,10-C-81-67,Ctr-pa-Kaigaleru,Thotakanuma,,,,0
1329,10-C-81-68,Ctr-pa-Duggamma eru,V.Kota,,,,0
1330,10-C-81-68,Ctr-pa-Duggamma eru,Kumbarlapalli,,,,0
1331,10-C-81-68,Ctr-pa-Duggamma eru,Nernipalli,,,,0
1332,10-C-81-68,Ctr-pa-Duggamma eru,TPGPalli,,,,0
1333,10-C-81-68,Ctr-pa-Duggamma eru,Paipalli,,,,0
1334,10-C-81-68,Ctr-pa-Duggamma eru,Bodiguttapalli,,,,0
1335,10-C-81-68,Ctr-pa-Duggamma eru,Peddanapalli,,,,0
1336,10-C-81-68,Ctr-pa-Duggamma eru,Papepalli,,,,0
1337,10-C-81-68,Ctr-pa-Duggamma eru,Hanumapalli,,,,0
1338,10-C-81-68,Ctr-pa-Duggamma eru,Patrapalli,,,,0
1339,10-C-81-68,Ctr-pa-Duggamma eru,gudipalli,,,,0
1340,10-C-81-68,Ctr-pa-Duggamma eru,Bairupalli,,,,0
1341,10-C-81-68,Ctr-pa-Duggamma eru,Pbarnepalli,,,,0
1342,10-C-81-68,Ctr-pa-Duggamma eru,Pamuganipalli,,,,0
1343,10-C-81-68,Ctr-pa-Duggamma eru,Ogu,,,,0
1344,10-C-81-68,Ctr-pa-Duggamma eru,Mattiguttapalli,,,,0
1345,10-C-81-68,Ctr-pa-Duggamma eru,Yalakallu,,,,0
1346,10-C-81-68,Ctr-pa-Duggamma eru,M.doddi,,,,0
1347,10-C-81-68,Ctr-pa-Duggamma eru,B.C.Palli,,,,0
1348,10-C-81-68,Ctr-pa-Duggamma eru,C.M.Palli,,,,0
1349,10-C-81-68,Ctr-pa-Duggamma eru,K.G.Palli,,,,0
1350,10-C-81-68,Ctr-pa-Duggamma eru,S.b.Palli,,,,0
1351,10-C-81-68,Ctr-pa-Duggamma eru,Kothakota,,,,0
1352,10-C-81-68,Ctr-pa-Duggamma eru,Jola.v.palli,,,,0
1353,10-C-81-68,Ctr-pa-Duggamma eru,Pandyalamadugu,,,,0
1354,10-C-81-68,Ctr-pa-Duggamma eru,Gorivimakulapalli,,,,0
1355,10-C-81-69,Ctr-pa-Thotlachruvu vanka,Peddur,,,,0
1356,10-C-81-69,Ctr-pa-Thotlachruvu vanka,Ramakuppam,,,,0
1357,10-C-81-69,Ctr-pa-Thotlachruvu vanka,Kempasamudram,,,,0
1358,10-C-81-69,Ctr-pa-Thotlachruvu vanka,Thimmasamudram,,,,0
1359,10-C-81-69,Ctr-pa-Thotlachruvu vanka,Chennareddipalli,,,,0
1360,10-C-81-69,Ctr-pa-Thotlachruvu vanka,Athikuppam,,,,0
1361,10-C-81-69,Ctr-pa-Thotlachruvu vanka,Manendram,,,,0
1362,10-C-81-69,Ctr-pa-Thotlachruvu vanka,Muddanapalli,,,,0
1363,10-C-81-69,Ctr-pa-Thotlachruvu vanka,Bandarlapalli,,,,0
1364,10-C-81-69,Ctr-pa-Thotlachruvu vanka,Giddapalle,,,,0
1365,10-C-81-69,Ctr-pa-Thotlachruvu vanka,Pamuboyanapalli,,,,0
1366,10-C-81-69,Ctr-pa-Thotlachruvu vanka,Kenchanaballa,,,,0
1367,10-C-81-69,Ctr-pa-Thotlachruvu vanka,Pacharlamakulapalli,,,,0
1368,10-C-81-69,Ctr-pa-Thotlachruvu vanka,Reddivanipodu,,,,0
1369,10-C-81-69,Ctr-pa-Thotlachruvu vanka,Papireddivuru,,,,0
1370,10-C-81-69,Ctr-pa-Thotlachruvu vanka,Virnamala,,,,0
1371,10-C-81-69,Ctr-pa-Thotlachruvu vanka,Balaobanapalli,,,,0
1372,10-C-81-69,Ctr-pa-Thotlachruvu vanka,Vijalapuram,,,,0
1373,10-C-81-69,Ctr-pa-Thotlachruvu vanka,Kadasinakupam,,,,0
1374,10-C-81-69,Ctr-pa-Thotlachruvu vanka,Killakipodu,,,,0
1375,10-C-81-69,Ctr-pa-Thotlachruvu vanka,Battuvaripalli,,,,0
1376,10-C-81-69,Ctr-pa-Thotlachruvu vanka,Ankireddipipalle,,,,0
1377,10-C-81-69,Ctr-pa-Thotlachruvu vanka,Vusiniganipalli,,,,0
1378,10-C-81-69,Ctr-pa-Thotlachruvu vanka,Peddaganuru,,,,0
1379,10-C-81-69,Ctr-pa-Thotlachruvu vanka,Govindapalli,,,,0
1380,10-C-81-69,Ctr-pa-Thotlachruvu vanka,Jowkupalli,,,,0
1381,10-C-81-69,Ctr-pa-Thotlachruvu vanka,Balla,,,,0
1382,10-C-81-69,Ctr-pa-Thotlachruvu vanka,Krishnapuram dinne,,,,0
1383,10-C-81-69,Ctr-pa-Thotlachruvu vanka,Bondalagunta,,,,0
1384,10-C-81-69,Ctr-pa-Thotlachruvu vanka,Singasamudram,,,,0
1385,10-C-81-70,Ctr-pa-Palar east,Baippareddla palle,,,,0
1386,10-C-81-70,Ctr-pa-Palar east,Rajupeta,,,,0
1387,10-C-81-70,Ctr-pa-Palar east,Peddakurabalapalle,,,,0
1388,10-C-81-70,Ctr-pa-Palar east,Konganapalle,,,,0
1389,10-C-81-70,Ctr-pa-Palar east,Kollupalle,,,,0
1390,10-C-81-70,Ctr-pa-Palar east,Cheldiganipalle,,,,0
1391,10-C-81-70,Ctr-pa-Palar east,Kongatam,,,,0
1392,10-C-81-70,Ctr-pa-Palar east,Padigalakuppam,,,,0
1393,10-C-81-70,Ctr-pa-Palar east,Vibutiyellagaram,,,,0
1394,10-C-81-70,Ctr-pa-Palar east,Chinnakongatam,,,,0
1395,10-C-81-70,Ctr-pa-Palar east,Sivunikuppam,,,,0
1396,10-C-81-70,Ctr-pa-Palar east,N.Dasarlapalle,,,,0
1397,10-C-81-70,Ctr-pa-Palar east,C.G.palle,,,,0
1398,10-C-81-70,Ctr-pa-Palar east,M.Krishnapuram,,,,0
1399,10-C-81-70,Ctr-pa-Palar east,Gundusettipalle,,,,0
1400,10-C-81-70,Ctr-pa-Palar east,M.Santhampalle,,,,0
1401,10-C-81-70,Ctr-pa-Palar east,Sonneganipalle,,,,0
1402,10-C-81-70,Ctr-pa-Palar east,Dandikuppam,,,,0
1403,10-C-81-70,Ctr-pa-Palar east,Nallarallapalle,,,,0
1404,10-C-81-70,Ctr-pa-Palar east,Chowdampalle,,,,0
1405,10-C-81-70,Ctr-pa-Palar east,Kadirmuthanapalle,,,,0
1406,10-C-81-70,Ctr-pa-Palar east,Vetagirikotturu,,,,0
1407,10-C-81-70,Ctr-pa-Palar east,Kolamadugu,,,,0
1408,10-C-81-70,Ctr-pa-Palar east,Ammavaripeta,,,,0
1409,10-C-81-70,Ctr-pa-Palar east,Santhampalle,,,,0
1410,10-C-81-70,Ctr-pa-Palar east,Sivaramapuram,,,,0
1411,10-C-81-70,Ctr-pa-Palar east,Nanjampeta,,,,0
1412,10-C-81-70,Ctr-pa-Palar east,Kangundi,,,,0
1413,10-C-81-70,Ctr-pa-Palar east,Venkateshapuram,,,,0
1414,10-C-81-70,Ctr-pa-Palar east,Kangundi R.F.,,0,,0
1415,10-C-81-71,Ctr-pa-palar west,Dasegannur,,,,0
1416,10-C-81-71,Ctr-pa-palar west,Saatu,,,,0
1417,10-C-81-71,Ctr-pa-palar west,Rallabuduguru,,,,0
1418,10-C-81-71,Ctr-pa-palar west,Gunjarlapalli,,,,0
1419,10-C-81-71,Ctr-pa-palar west,Chintakampalli,,,,0
1420,10-C-81-71,Ctr-pa-palar west,Thumsi,,,,0
1421,10-C-81-71,Ctr-pa-palar west,Gesikapalli,,,,0
1422,10-C-81-71,Ctr-pa-palar west,Konerukuppam,,,,0
1423,10-C-81-71,Ctr-pa-palar west,Bendanakuppam,,,,0
1424,10-C-81-71,Ctr-pa-palar west,Pedduru,,,,0
1425,10-C-81-71,Ctr-pa-palar west,Anikera,,,,0
1426,10-C-81-71,Ctr-pa-palar west,Bellakogila,,,,0
1427,10-C-81-71,Ctr-pa-palar west,Varadagandlapalli,,,,0
1428,10-C-81-71,Ctr-pa-palar west,Regadidinnepalli,,,,0
1429,10-C-81-71,Ctr-pa-palar west,Nallapareddivuru,,,,0
1430,10-C-81-71,Ctr-pa-palar west,Settiballa,,,,0
1431,10-C-81-71,Ctr-pa-palar west,Motakothuru,,,,0
1432,10-C-81-71,Ctr-pa-palar west,Kanemakulapalli,,,,0
1433,10-C-81-71,Ctr-pa-palar west,Boyanapalli,,,,0
1434,10-C-81-71,Ctr-pa-palar west,Joniganuru,,,,0
1435,10-C-81-71,Ctr-pa-palar west,Morasanapalli,,,,0
1436,10-C-81-71,Ctr-pa-palar west,Jalliganipalli,,,,0
1437,10-C-81-71,Ctr-pa-palar west,Kanamaladoddi,,,,0
1438,10-C-81-71,Ctr-pa-palar west,Bantimadugu Gollapalli,,,,0
1439,10-C-81-71,Ctr-pa-palar west,Karlaguntla,,,,0
1440,10-C-81-71,Ctr-pa-palar west,Chimanapalli,,,,0
1441,10-C-81-71,Ctr-pa-palar west,Kadapalli,,,,0
1442,10-C-81-71,Ctr-pa-palar west,Thammiganipalli,,,,0
1443,10-C-81-71,Ctr-pa-palar west,Preethi chamanuru,,,,0
1444,10-C-81-71,Ctr-pa-palar west,Madanapalli,,,,0
1445,10-C-81-71,Ctr-pa-palar west,Poduru,,,,0
1446,10-C-81-71,Ctr-pa-palar west,Bennayanuru,,,,0
1447,10-C-81-71,Ctr-pa-palar west,Kadiri obanapalli,,,,0
1448,10-C-81-71,Ctr-pa-palar west,Arimuthanapalli,,,,0
1449,10-C-81-71,Ctr-pa-palar west,Reddlapalli,,,,0
1450,10-C-81-71,Ctr-pa-palar west,Jeedimanipalli,,,,0
1451,10-C-81-71,Ctr-pa-palar west,Chillamanipalle,,,,0
1452,10-C-81-71,Ctr-pa-palar west,Donkumanipalli,,,,0
1453,10-C-81-71,Ctr-pa-palar west,Veduruguttapalli,,,,0
1454,10-C-81-71,Ctr-pa-palar west,Sonnegownipalli,,,,0
1455,10-C-81-71,Ctr-pa-palar west,Chinnaradoddi,,,,0
1456,10-C-81-71,Ctr-pa-palar west,Gollapalle dinne,,,,0
1457,10-C-81-71,Ctr-pa-palar west,Anchinayanikuppam,,,,0
1458,10-C-81-72,Ctr-pa-kuppam vanka,Karamatla,,,,0
1459,10-C-81-72,Ctr-pa-kuppam vanka,Muddanapalli,,,,0
1460,10-C-81-72,Ctr-pa-kuppam vanka,D.Tippanapalli,,,,0
1461,10-C-81-72,Ctr-pa-kuppam vanka,Gudipalli,,,,0
1462,10-C-81-72,Ctr-pa-kuppam vanka,Irisiganipalli,,,,0
1463,10-C-81-72,Ctr-pa-kuppam vanka,Bijjiganipalle,,,,0
1464,10-C-81-72,Ctr-pa-kuppam vanka,Vontipalli,,,,0
1465,10-C-81-72,Ctr-pa-kuppam vanka,Kotachembagiri,,,,0
1466,10-C-81-72,Ctr-pa-kuppam vanka,Avulathimmenapalli,,,,0
1467,10-C-81-72,Ctr-pa-kuppam vanka,Chinnagollapalle,,,,0
1468,10-C-81-72,Ctr-pa-kuppam vanka,Pogurupalli,,,,0
1469,10-C-81-72,Ctr-pa-kuppam vanka,Lingapuramdinne,,,,0
1470,10-C-81-72,Ctr-pa-kuppam vanka,Dasinenipalli,,,,0
1471,10-C-81-72,Ctr-pa-kuppam vanka,Sanganapalli,,,,0
1472,10-C-81-72,Ctr-pa-kuppam vanka,Burugulapalli,,,,0
1473,10-C-81-72,Ctr-pa-kuppam vanka,Boyanapalli,,,,0
1474,10-C-81-72,Ctr-pa-kuppam vanka,Malavanikothur,,,,0
1475,10-C-81-72,Ctr-pa-kuppam vanka,Kodiganipalli,,,,0
1476,10-C-81-72,Ctr-pa-kuppam vanka,Anganamalakothur,,,,0
1477,10-C-81-72,Ctr-pa-kuppam vanka,Gundlasagaram,,,,0
1478,10-C-81-72,Ctr-pa-kuppam vanka,Nakkanapalli,,,,0
1479,10-C-81-72,Ctr-pa-kuppam vanka,Maldepalli,,,,0
1480,10-C-81-72,Ctr-pa-kuppam vanka,Kotapalli,,,,0
1481,10-C-81-72,Ctr-pa-kuppam vanka,Sodiganipalli,,,,0
1482,10-C-81-72,Ctr-pa-kuppam vanka,Chikatipalli,,,,0
1483,10-C-81-72,Ctr-pa-kuppam vanka,Sonnarasanapalli,,,,0
1484,10-C-81-72,Ctr-pa-kuppam vanka,Annagarlapalli,,,,0
1485,10-C-81-72,Ctr-pa-kuppam vanka,Kakinayani chigurupalle,,,,0
1486,10-C-81-72,Ctr-pa-kuppam vanka,Dinnepalli,,,,0
1487,10-C-81-72,Ctr-pa-kuppam vanka,Thimmanayanipalli,,,,0
1488,10-C-81-72,Ctr-pa-kuppam vanka,Beggilapalli,,,,0
1489,10-C-81-72,Ctr-pa-kuppam vanka,Gokarlapalli,,,,0
1490,10-C-81-72,Ctr-pa-kuppam vanka,Nalagampalli,,,,0
1491,10-C-81-72,Ctr-pa-kuppam vanka,114 Settipalle,,,,0
1492,10-C-81-72,Ctr-pa-kuppam vanka,115 Settipalle,,,,0
1493,10-C-81-72,Ctr-pa-kuppam vanka,Kanamanapalli,,,,0
1494,10-C-81-72,Ctr-pa-kuppam vanka,Yamaganipalli,,,,0
1495,10-C-81-72,Ctr-pa-kuppam vanka,Agaram,,,,0
1496,10-C-81-72,Ctr-pa-kuppam vanka,Vengapalli,,,,0
1497,10-C-81-72,Ctr-pa-kuppam vanka,Kuppuganipalli,,,,0
1498,10-C-81-72,Ctr-pa-kuppam vanka,Sirigiripalli,,,,0
1499,10-C-81-72,Ctr-pa-kuppam vanka,Kuppam,,,,0
1500,10-C-81-72,Ctr-pa-kuppam vanka,Bairuganipalli,,,,0
1501,10-C-81-72,Ctr-pa-kuppam vanka,Chinnakurabalapalli,,,,0
1502,10-C-81-72,Ctr-pa-kuppam vanka,Guttapalle,,,,0
1503,10-C-81-72,Ctr-pa-kuppam vanka,Boggupalli,,,,0
1504,10-C-81-72,Ctr-pa-kuppam vanka,Enjanuru,,,,0
1505,10-C-81-72,Ctr-pa-kuppam vanka,Bandasettipalli,,,,0
1506,10-C-81-72,Ctr-pa-kuppam vanka,Sigalapalli,,,,0
1507,10-C-81-72,Ctr-pa-kuppam vanka,Samaguttapalli,,,,0
1508,10-C-81-72,Ctr-pa-kuppam vanka,P.B.Nattam,,,,0
1509,10-C-81-72,Ctr-pa-kuppam vanka,C.B.Nattam,,,,0
1510,10-C-81-72,Ctr-pa-kuppam vanka,Ekarlapalli,,,,0
1511,10-C-81-72,Ctr-pa-kuppam vanka,Kamathanuru,,,,0
1512,10-C-81-72,Ctr-pa-kuppam vanka,Kathimanipalli,,,,0
1513,10-C-81-72,Ctr-pa-kuppam vanka,Chinnaparthikunta,,,,0
1514,10-C-81-73,Ctr-pa-Chinnaeru,Kuttiganipalli,,,,0
1515,10-C-81-73,Ctr-pa-Chinnaeru,Vasanadu,,,,0
1516,10-C-81-73,Ctr-pa-Chinnaeru,Vasanadu gollapalli,,,,0
1517,10-C-81-73,Ctr-pa-Chinnaeru,Molakalapalli,,,,0
1518,10-C-81-73,Ctr-pa-Chinnaeru,Peddaboggupalli,,,,0
1519,10-C-81-73,Ctr-pa-Chinnaeru,Bodaguttapalli,,,,0
1520,10-C-81-73,Ctr-pa-Chinnaeru,Nadimuru,,,,0
1521,10-C-81-73,Ctr-pa-Chinnaeru,Gudlakadiri palli,,,,0
1522,10-C-81-73,Ctr-pa-Chinnaeru,Paipalyam,,,,0
1523,10-C-81-73,Ctr-pa-Chinnaeru,Chinnaboggupalli,,,,0
1524,10-C-81-73,Ctr-pa-Chinnaeru,Chekkanatham,,,,0
1525,10-C-81-73,Ctr-pa-Chinnaeru,Kanamapacherlapalli,,,,0
1526,10-C-81-73,Ctr-pa-Chinnaeru,Ponnanguru,,,,0
1527,10-C-81-73,Ctr-pa-Chinnaeru,Mettakadinuru,,,,0
1528,10-C-81-73,Ctr-pa-Chinnaeru,Mittapalle,,,,0
1529,10-C-81-73,Ctr-pa-Chinnaeru,Avulanatham,,,,0
1530,10-C-81-73,Ctr-pa-Chinnaeru,Noolakunta,,,,0
1531,10-C-81-73,Ctr-pa-Chinnaeru,Nimmakampalle,,,,0
1532,10-C-81-73,Ctr-pa-Chinnaeru,Kothapalli,,,,0
1533,10-C-81-73,Ctr-pa-Chinnaeru,Sajjalapalle,,,,0
1534,10-C-81-73,Ctr-pa-Chinnaeru,Kakimadugu,,,,0
1535,10-C-81-73,Ctr-pa-Chinnaeru,Kunjeganuru,,,,0
1536,10-C-81-73,Ctr-pa-Chinnaeru,Peddagopanapalli,,,,0
1537,10-C-81-73,Ctr-pa-Chinnaeru,Vendugampalli,,,,0
1538,10-C-81-73,Ctr-pa-Chinnaeru,Bevanapalli,,,,0
1539,10-C-81-73,Ctr-pa-Chinnaeru,Palarlapalli,,,,0
1540,10-C-81-73,Ctr-pa-Chinnaeru,Krishnadasanapalli,,,,0
1541,10-C-81-73,Ctr-pa-Chinnaeru,Yanadipalli,,,,0
1542,10-C-81-73,Ctr-pa-Chinnaeru,Rajanam,,,,0
1543,10-C-81-73,Ctr-pa-Chinnaeru,Varamanur,,,,0
1544,10-C-81-73,Ctr-pa-Chinnaeru,Gudlanayanipalli,,,,0
1545,10-C-81-73,Ctr-pa-Chinnaeru,Vurinayanipalli,,,,0
1546,10-C-81-73,Ctr-pa-Chinnaeru,Vurinayanikothuru,,,,0
1547,10-C-81-73,Ctr-pa-Chinnaeru,Jarugu,,,,0
1548,10-C-81-73,Ctr-pa-Chinnaeru,Porakutlapalli,,,,0
1549,10-C-81-73,Ctr-pa-Chinnaeru,Chillaralapalli,,,,0
1550,10-C-81-73,Ctr-pa-Chinnaeru,Bathalapalli,,,,0
1551,10-C-81-73,Ctr-pa-Chinnaeru,Kurmenipalli,,,,0
1552,10-C-81-73,Ctr-pa-Chinnaeru,Vurlaobanapalli,,,,0
1553,10-C-81-73,Ctr-pa-Chinnaeru,Marepalli,,,,0
1554,10-C-81-73,Ctr-pa-Chinnaeru,Gottappanagaripalli,,,,0
1555,10-C-81-73,Ctr-pa-Chinnaeru,Gonuguru,,,,0
1556,10-C-81-73,Ctr-pa-Chinnaeru,Peddapartikunta,,,,0
1557,10-C-81-73,Ctr-pa-Chinnaeru,Alugumanipalli,,,,0
1558,10-C-81-73,Ctr-pa-Chinnaeru,Onnappanayani kothur,,,,0
1559,10-C-81-73,Ctr-pa-Chinnaeru,Tali Agraharam,,,,0
1560,10-C-81-73,Ctr-pa-Chinnaeru,Kotamakonapalli,,,,0
1561,10-C-81-73,Ctr-pa-Chinnaeru,Jarugukonda,,,,0
1562,10-C-81-74,Ctr-ponniar-Bisanatham,Peddagollapalli,,,,0
1563,10-C-81-74,Ctr-ponniar-Bisanatham,Bisanatham,,,,0
1564,10-C-81-74,Ctr-ponniar-Bisanatham,Athinatham,,,,0
1565,10-C-81-75,Ctr-Pa-Adavibuduguru,Adivimolakalapalli,,,,0
1566,10-C-81-75,Ctr-Pa-Adavibuduguru,T.Chadumuru,,,,0
1567,10-C-81-75,Ctr-Pa-Adavibuduguru,Chinnaobba,,,,0
1568,10-C-81-75,Ctr-Pa-Adavibuduguru,Adavibuduguru,,,,0
1569,10-C-78-46,Ctr-Arani-Nagalapuram-Nagalapuram,Ramapuram,,1,,
1570,10-C-78-46,Ctr-Arani-Nagalapuram-Nagalapuram,Rajanagaram,,1,,
1571,10-C-78-46,Ctr-Arani-Nagalapuram-Nagalapuram,Appambattu,,1,,
1572,10-C-78-46,Ctr-Arani-Nagalapuram-Nagalapuram,Ramagiri,,1,,
1573,10-C-78-46,Ctr-Arani-Nagalapuram-Nagalapuram,Kadivedu,1,,,
1574,10-C-78-46,Ctr-Arani-Nagalapuram-Nagalapuram,SS Puram,,1,,
1575,10-C-78-46,Ctr-Arani-Nagalapuram-Nagalapuram,Velluru,,1,,
1576,10-C-78-46,Ctr-Arani-Nagalapuram-Nagalapuram,Krishnapuram,,1,,
1577,10-C-78-46,Ctr-Arani-Nagalapuram-Nagalapuram,Kalangeri,,1,,
1578,10-C-78-46,Ctr-Arani-Nagalapuram-Nagalapuram,Nagalapuam,,1,,
1579,10-C-78-46,Ctr-Arani-Nagalapuram-Nagalapuram,Vembakkam,,1,,
1580,10-C-78-46,Ctr-Arani-Nagalapuram-Nagalapuram,Baitakodiyambedu,,1,,
1581,10-C-78-46,Ctr-Arani-Nagalapuram-Nagalapuram,Karani,,1,,
1582,10-C-78-46,Ctr-Arani-Nagalapuram-Nagalapuram,Surutupalli,,1,,
1583,10-C-78-46,Ctr-Arani-Nagalapuram-Nagalapuram,Kothamarikuppam,1,,,
1584,10-C-78-46,Ctr-Arani-Nagalapuram-Nagalapuram,NR Agraharam,,,,
1585,10-C-78-46,Ctr-Arani-Nagalapuram-Nagalapuram,Dalavayi Agraharam,,1,,
1586,10-C-78-46,Ctr-Arani-Nagalapuram-Nagalapuram,Satyavedu,1,,,
1587,10-C-78-46,Ctr-Arani-Nagalapuram-Nagalapuram,Venkatarajulakandriga,,,,
1588,10-C-78-46,Ctr-Arani-Nagalapuram-Nagalapuram,Madanambedu,,1,,
1589,10-C-78-46,Ctr-Arani-Nagalapuram-Nagalapuram,Peradam,,1,,
1590,10-C-78-46,Ctr-Arani-Nagalapuram-Nagalapuram,Sirunambuduru,,,,
1591,10-C-78-46,Ctr-Arani-Nagalapuram-Nagalapuram,Madanamjeri,,,,
1592,10-C-78-46,Ctr-Arani-Nagalapuram-Nagalapuram,Ambakam,,1,,
1593,10-C-78-46,Ctr-Arani-Nagalapuram-Nagalapuram,Thaondukuli,,,,
1594,10-C-78-46,Ctr-Arani-Nagalapuram-Nagalapuram,Pudukuppam,,1,,
1595,10-C-78-46,Ctr-Arani-Nagalapuram-Nagalapuram,Chenneri,,1,,
1596,10-C-78-46,Ctr-Arani-Nagalapuram-Nagalapuram,Dasukupam,,1,,
1597,10-C-78-46,Ctr-Arani-Nagalapuram-Nagalapuram,Vanellur,,1,,
1598,10-C-78-46,Ctr-Arani-Nagalapuram-Nagalapuram,Rallakuppam,,,,
1599,10-C-78-46,Ctr-Arani-Nagalapuram-Nagalapuram,Kolladam,,,,
1600,10-C-78-46,Ctr-Arani-Nagalapuram-Nagalapuram,Chervi,1,,,
1601,10-C-78-46,Ctr-Arani-Nagalapuram-Nagalapuram,Gollavaripalem,,,,
1602,10-C-78-46,Ctr-Arani-Nagalapuram-Nagalapuram,Madavapalem,,,,
1603,10-C-78-46,Ctr-Arani-Nagalapuram-Nagalapuram,Irugulam,,1,,
1604,10-C-78-46,Ctr-Arani-Nagalapuram-Nagalapuram,Mallavaripalem,1,,,
1605,10-C-78-46,Ctr-Arani-Nagalapuram-Nagalapuram,Chengambakam,,,,
1606,10-C-78-46,Ctr-Arani-Nagalapuram-Nagalapuram,Chilamathuru,1,,,
1607,10-C-78-46,Ctr-Arani-Nagalapuram-Nagalapuram,Karepakam,1,,,
1608,10-C-78-46,Ctr-Arani-Nagalapuram-Nagalapuram,Chedullapakam,1,,,
1609,10-C-78-46,Ctr-Arani-Nagalapuram-Nagalapuram,Mopuram palle,,,,
1610,10-C-78-46,Ctr-Arani-Nagalapuram-Nagalapuram,Kadir vedu,,,,
