,,,,Irrigated with surface water,,,,,,,,,,,
S.No,Watershed code,Watershed Name,Village Name,command area,,,,Non command area,,,,Poor GW quality area,,,
,,,,Paddy,,Non-paddy,,Paddy,,Non-paddy,,Paddy,,Non-paddy,
,,,,Kharif,Rabi,Kharif,Rabi,Kharif,Rabi,Kharif,Rabi,Kharif,Rabi,Kharif,Rabi
1,10-C-74-41,Ctr-Swarna-Poli-Poli,Anantapadmanabhapuram,0,0,0,0,,,,,,,,
2,10-C-74-41,Ctr-Swarna-Poli-Poli,Appalayagunta,,0,,,,,,,,,,
3,10-C-74-41,Ctr-Swarna-Poli-Poli,Bahudur venkatapuram,,0,,,,,,,,,,
4,10-C-74-41,Ctr-Swarna-Poli-Poli,Bhimavaram,,0,,,,,,,,,,
5,10-C-74-41,Ctr-Swarna-Poli-Poli,Poli,,0,,,,,,,,,,
6,10-C-74-41,Ctr-Swarna-Poli-Poli,Vampalle,,0,,,,,,,,,,
7,10-C-74-41,Ctr-Swarna-Poli-Poli,Chemuru,,0,,,,,,,,,,
8,10-C-74-41,Ctr-Swarna-Poli-Poli,Chiyyavaram,,0,,,,,,,,,,
9,10-C-74-41,Ctr-Swarna-Poli-Poli,Kondachenukandriga,,0,,,,,,,,,,
10,10-C-74-41,Ctr-Swarna-Poli-Poli,Dainedu,,0,,,,,,,,,,
11,10-C-74-41,Ctr-Swarna-Poli-Poli,Pillamedu,,,,,,,,,,,,
12,10-C-74-41,Ctr-Swarna-Poli-Poli,Mamidigunta,,,,,,,,,,,,
13,10-C-74-41,Ctr-Swarna-Poli-Poli,Kasaram,,,,,,,,,,,,
14,10-C-74-41,Ctr-Swarna-Poli-Poli,Rambatlapalli,,,,,,,,,,,,
15,10-C-74-41,Ctr-Swarna-Poli-Poli,Gottipudi,,,,,,,,,,,,
16,10-C-74-42,Ctr-Swarna-Sri Kalahasti-Thottambedu,Peddakanaparthi,0,0,0,0,,,,,,,,
17,10-C-74-42,Ctr-Swarna-Sri Kalahasti-Thottambedu,Thottambedu,,0,,,,,,,,,,
18,10-C-74-42,Ctr-Swarna-Sri Kalahasti-Thottambedu,CRN kandriga,,0,,,,,,,,,,
19,10-C-74-42,Ctr-Swarna-Sri Kalahasti-Thottambedu,Edulagunta,,0,,,,,,,,,,
20,10-C-74-42,Ctr-Swarna-Sri Kalahasti-Thottambedu,Poyya,,0,,,,,,,,,,
21,10-C-74-42,Ctr-Swarna-Sri Kalahasti-Thottambedu,Karlapudi,,0,,,,,,,,,,
22,10-C-74-42,Ctr-Swarna-Sri Kalahasti-Thottambedu,Tatiparti,,0,,,,,,,,,,
23,10-C-74-42,Ctr-Swarna-Sri Kalahasti-Thottambedu,Gurukulapalem,,0,,,,,,,,,,
24,10-C-74-42,Ctr-Swarna-Sri Kalahasti-Thottambedu,Gummadigaunta,,0,,,,,,,,,,
25,10-C-74-42,Ctr-Swarna-Sri Kalahasti-Thottambedu,Chinnasingamala,,0,,,,,,,,,,
26,10-C-74-42,Ctr-Swarna-Sri Kalahasti-Thottambedu,Pudi,,,,,,,,,,,,
27,10-C-74-42,Ctr-Swarna-Sri Kalahasti-Thottambedu,I laganuru,,,,,,,,,,,,
28,10-C-74-42,Ctr-Swarna-Sri Kalahasti-Thottambedu,Konathaneri,,,,,,,,,,,,
29,10-C-74-42,Ctr-Swarna-Sri Kalahasti-Thottambedu,Pennela Padu,,,,,,,,,,,,
30,10-C-74-42,Ctr-Swarna-Sri Kalahasti-Thottambedu,Konnali,,,,,,,,,,,,
31,10-C-74-42,Ctr-Swarna-Sri Kalahasti-Thottambedu,Peddakannali,,,,,,,,,,,,
32,10-C-74-42,Ctr-Swarna-Sri Kalahasti-Thottambedu,Sambaiahpalem,,,,,,,,,,,,
33,10-C-74-42,Ctr-Swarna-Sri Kalahasti-Thottambedu,Basavaiahpalem,,,,,,,,,,,,
34,10-C-74-42,Ctr-Swarna-Sri Kalahasti-Thottambedu,Forest,,,,,,,,,,,,
35,10-C-74-42,Ctr-Swarna-Sri Kalahasti-Thottambedu,Chukkalanidigallu,,,,,,,,,,,,
36,10-C-74-42,Ctr-Swarna-Sri Kalahasti-Thottambedu,Ramapuram,,,,,,,,,,,,
37,10-C-74-42,Ctr-Swarna-Sri Kalahasti-Thottambedu,Sahasralingeswarapuram,,,,,,,,,,,,
38,10-C-74-42,Ctr-Swarna-Sri Kalahasti-Thottambedu,Sri Kalahasthi,,,,,,,,,,,,
39,10-C-74-42,Ctr-Swarna-Sri Kalahasti-Thottambedu,Vedam,,,,,,,,,,,,
40,10-C-74-42,Ctr-Swarna-Sri Kalahasti-Thottambedu,Modugulapalem,,,,,,,,,,,,
41,10-C-76-43,Ctr-Kalangi-Katuru-Katuru,Tangellapalem,0,0,0,0,,,,,,,,
42,10-C-76-43,Ctr-Kalangi-Katuru-Katuru,Gowdamala,,0,,,,,,,,,,
43,10-C-76-43,Ctr-Kalangi-Katuru-Katuru,Routhusuramala,,0,,,,,,,,,,
44,10-C-76-43,Ctr-Kalangi-Katuru-Katuru,Forest,,0,,,,,,,,,,
45,10-C-76-43,Ctr-Kalangi-Katuru-Katuru,Parlapalli,,0,,,,,,,,,,
46,10-C-76-43,Ctr-Kalangi-Katuru-Katuru,Pallemala,,0,,,,,,,,,,
47,10-C-76-43,Ctr-Kalangi-Katuru-Katuru,Katuru,,0,,,,,,,,,,
48,10-C-76-43,Ctr-Kalangi-Katuru-Katuru,Bhavani sankarapuram,,0,,,,,,,,,,
49,10-C-76-43,Ctr-Kalangi-Katuru-Katuru,Alathuru,,0,,,,,,,,,,
50,10-C-76-43,Ctr-Kalangi-Katuru-Katuru,Taripedu,,0,,,,,,,,,,
51,10-C-76-43,Ctr-Kalangi-Katuru-Katuru,Chinnagunta,,,,,,,,,,,,
52,10-C-76-43,Ctr-Kalangi-Katuru-Katuru,Putteri,,,,,,,,,,,,
53,10-C-76-43,Ctr-Kalangi-Katuru-Katuru,Peddapalavedu,,,,,,,,,,,,
54,10-C-76-43,Ctr-Kalangi-Katuru-Katuru,Vijayagopalapuram,,,,,,,,,,,,
55,10-C-76-43,Ctr-Kalangi-Katuru-Katuru,Kananambedu,,,,,,,,,,,,
56,10-C-76-44,Ctr-Kalangi-KVB Puram-KVB Puram,Adavaram,0,0,0,0,,,,,,,,
57,10-C-76-44,Ctr-Kalangi-KVB Puram-KVB Puram,Katrapalli,,0,,,,,,,,,,
58,10-C-76-44,Ctr-Kalangi-KVB Puram-KVB Puram,Thimmasamudram,,0,,,,,,,,,,
59,10-C-76-44,Ctr-Kalangi-KVB Puram-KVB Puram,Suramala,,0,,,,,,,,,,
60,10-C-76-44,Ctr-Kalangi-KVB Puram-KVB Puram,Chellamambapuram,,0,,,,,,,,,,
61,10-C-76-44,Ctr-Kalangi-KVB Puram-KVB Puram,Kalathuru,,0,,,,,,,,,,
62,10-C-76-44,Ctr-Kalangi-KVB Puram-KVB Puram,KVB puram,,0,,,,,,,,,,
63,10-C-76-44,Ctr-Kalangi-KVB Puram-KVB Puram,Kandluru,,0,,,,,,,,,,
64,10-C-76-44,Ctr-Kalangi-KVB Puram-KVB Puram,MA Rajulakandriga,,,,,,,,,,,,
65,10-C-76-44,Ctr-Kalangi-KVB Puram-KVB Puram,Guntipedu,,,,,,,,,,,,
66,10-C-76-44,Ctr-Kalangi-KVB Puram-KVB Puram,Adaram,,,,,,,,,,,,
67,10-C-76-44,Ctr-Kalangi-KVB Puram-KVB Puram,Bonupalle,,,,,,,,,,,,
68,10-C-76-44,Ctr-Kalangi-KVB Puram-KVB Puram,Rangaiah gunta,,,,,,,,,,,,
69,10-C-76-44,Ctr-Kalangi-KVB Puram-KVB Puram,Kanchanapalli,,,,,,,,,,,,
70,10-C-76-44,Ctr-Kalangi-KVB Puram-KVB Puram,Pathapalem,,,,,,,,,,,,
71,10-C-76-44,Ctr-Kalangi-KVB Puram-KVB Puram,Dongalamadugu,,,,,,,,,,,,
72,10-C-76-44,Ctr-Kalangi-KVB Puram-KVB Puram,Gnanamamba puram @Pavanivarikandriga,,,,,,,,,,,,
73,10-C-76-44,Ctr-Kalangi-KVB Puram-KVB Puram,Forest,,,,,,,,,,,,
74,10-C-76-44,Ctr-Kalangi-KVB Puram-KVB Puram,Venkatapuram,,,,,,,,,,,,
75,10-C-76-44,Ctr-Kalangi-KVB Puram-KVB Puram,Timmabhupalapuram,,,,,,,,,,,,
76,10-C-76-44,Ctr-Kalangi-KVB Puram-KVB Puram,Bramhanapalli,,,,,,,,,,,,
77,10-C-76-44,Ctr-Kalangi-KVB Puram-KVB Puram,Tangellapuram,,,,,,,,,,,,
78,10-C-76-44,Ctr-Kalangi-KVB Puram-KVB Puram,Timmanaidugunta,,,,,,,,,,,,
79,10-C-76-44,Ctr-Kalangi-KVB Puram-KVB Puram,Vagathur,,,,,,,,,,,,
80,10-C-76-44,Ctr-Kalangi-KVB Puram-KVB Puram,Kandluru,,,,,,,,,,,,
81,10-C-76-44,Ctr-Kalangi-KVB Puram-KVB Puram,Guntipedu,,0,,,,,,,,,,
82,10-C-76-44,Ctr-Kalangi-KVB Puram-KVB Puram,Bonupalle,,,,,,,,,,,,
83,10-C-76-44,Ctr-Kalangi-KVB Puram-KVB Puram,Kanchanapalli,,,,,,,,,,,,
84,10-C-76-44,Ctr-Kalangi-KVB Puram-KVB Puram,Dongalamadugu,,,,,,,,,,,,
85,10-C-76-44,Ctr-Kalangi-KVB Puram-KVB Puram,Forest,,,,,,,,,,,,
86,10-C-76-44,Ctr-Kalangi-KVB Puram-KVB Puram,Timmabhupalapuram,,,,,,,,,,,,
87,10-C-76-44,Ctr-Kalangi-KVB Puram-KVB Puram,Tangellapuram,,,,,,,,,,,,
88,10-C-76-44,Ctr-Kalangi-KVB Puram-KVB Puram,Vagathur,,,,,,,,,,,,
89,10-C-76-45,Ctr_Kalangi_Nirpakota,Nirpakota,0,0,0,0,,,,,,,,
90,10-C-76-45,Ctr_Kalangi_Nirpakota,Gajulapalluru,,0,,,,,,,,,,
91,10-C-76-45,Ctr_Kalangi_Nirpakota,Kanchanaputturu,,0,,,,,,,,,,
92,10-C-76-45,Ctr_Kalangi_Nirpakota,Padamara vanathuru,,0,,,,,,,,,,
93,10-C-76-45,Ctr_Kalangi_Nirpakota,Kukkambakam,,0,,,,,,,,,,
94,10-C-76-45,Ctr_Kalangi_Nirpakota,Talarivettu,,0,,,,,,,,,,
95,10-C-76-45,Ctr_Kalangi_Nirpakota,K.V.Puram,,0,,,,,,,,,,
96,10-C-76-45,Ctr_Kalangi_Nirpakota,Isukapalem,,0,,,,,,,,,,
97,10-C-76-45,Ctr_Kalangi_Nirpakota,Chellemambapuram,,,,,,,,,,,,
98,10-C-76-45,Ctr_Kalangi_Nirpakota,Racherla,,,,,,,,,,,,
99,10-C-76-45,Ctr_Kalangi_Nirpakota,V.palem,,,,,,,,,,,,
100,10-C-76-45,Ctr_Kalangi_Nirpakota,Padirikuppam,,,,,,,,,,,,
101,10-C-76-45,Ctr_Kalangi_Nirpakota,Kadur,,,,,,,,,,,,
102,10-C-76-45,Ctr_Kalangi_Nirpakota,Kovurpadu,,,,,,,,,,,,
103,10-C-76-45,Ctr_Kalangi_Nirpakota,Gudalavaripalem,,,,,,,,,,,,
104,10-C-76-45,Ctr_Kalangi_Nirpakota,Chinnapandur,,,,,,,,,,,,
105,10-C-76-45,Ctr_Kalangi_Nirpakota,Thonduru,,,,,,,,,,,,
106,10-C-76-45,Ctr_Kalangi_Nirpakota,Chavali Lingamanaidupalli,,,,,,,,,,,,
107,10-C-76-45,Ctr_Kalangi_Nirpakota,Vittaiah Palem,,,,,,,,,,,,
108,10-C-76-45,Ctr_Kalangi_Nirpakota,Rajagopalapuram,,,,,,,,,,,,
109,10-C-76-45,Ctr_Kalangi_Nirpakota,Amburu,,,,,,,,,,,,
110,10-C-76-45,Ctr_Kalangi_Nirpakota,Forest,,,,,,,,,,,,
111,10-C-76-45,Ctr_Kalangi_Nirpakota,Santavelur,,,,,,,,,,,,
112,10-C-76-45,Ctr_Kalangi_Nirpakota,Tripuranthakapuram kota,,,,,,,,,,,,
113,10-C-76-45,Ctr_Kalangi_Nirpakota,Isukapalem,,,,,,,,,,,,
114,10-C-76-45,Ctr_Kalangi_Nirpakota,Racherla,,0,,,,,,,,,,
115,10-C-76-45,Ctr_Kalangi_Nirpakota,Racherla,,,,,,,,,,,,
116,10-C-76-45,Ctr_Kalangi_Nirpakota,Padirikuppam,,,,,,,,,,,,
117,10-C-76-45,Ctr_Kalangi_Nirpakota,Padirikuppam,,,,,,,,,,,,
118,10-C-76-45,Ctr_Kalangi_Nirpakota,Kovurpadu,,,,,,,,,,,,
119,10-C-76-45,Ctr_Kalangi_Nirpakota,Kovurpadu,,,,,,,,,,,,
120,10-C-76-45,Ctr_Kalangi_Nirpakota,Chinnapandur,,,,,,,,,,,,
121,10-C-76-45,Ctr_Kalangi_Nirpakota,Padirikuppam,,,,,,,,,,,,
122,10-C-76-45,Ctr_Kalangi_Nirpakota,Kovurpadu,,,,,,,,,,,,
123,10-C-76-45,Ctr_Kalangi_Nirpakota,Chinnapandur,,,,,,,,,,,,
124,10-C-76-45,Ctr_Kalangi_Nirpakota,Chavali Lingamanaidupalli,,,,,,,,,,,,
125,10-C-76-45,Ctr_Kalangi_Nirpakota,Rajagopalapuram,,,,,,,,,,,,
126,10-C-76-45,Ctr_Kalangi_Nirpakota,Forest,,,,,,,,,,,,
127,10-C-76-45,Ctr_Kalangi_Nirpakota,Tripuranthakapuram kota,,,,,,,,,,,,
128,10-C-78-46,Ctr-Arani-Nagalapuram-Nagalapuram,Ramapuram,0,0,0,0,,,,,,,,
129,10-C-78-46,Ctr-Arani-Nagalapuram-Nagalapuram,Rajanagaram,,0,,,,,,,,,,
130,10-C-78-46,Ctr-Arani-Nagalapuram-Nagalapuram,Appambattu,,0,,,,,,,,,,
131,10-C-78-46,Ctr-Arani-Nagalapuram-Nagalapuram,Ramagiri,,0,,,,,,,,,,
132,10-C-78-46,Ctr-Arani-Nagalapuram-Nagalapuram,Kadivedu,,0,,,,,,,,,,
133,10-C-78-46,Ctr-Arani-Nagalapuram-Nagalapuram,SS Puram,,0,,,,,,,,,,
134,10-C-78-46,Ctr-Arani-Nagalapuram-Nagalapuram,Velluru,0,0,0,0,,,,,,,,
135,10-C-78-46,Ctr-Arani-Nagalapuram-Nagalapuram,Krishnapuram,,0,,,,,,,,,,
136,10-C-78-46,Ctr-Arani-Nagalapuram-Nagalapuram,Kalangeri,,0,,,,,,,,,,
137,10-C-78-46,Ctr-Arani-Nagalapuram-Nagalapuram,Nagalapuam,,0,,,,,,,,,,
138,10-C-78-46,Ctr-Arani-Nagalapuram-Nagalapuram,Vembakkam,,0,,,,,,,,,,
139,10-C-78-46,Ctr-Arani-Nagalapuram-Nagalapuram,Baitakodiyambedu,,0,,,,,,,,,,
140,10-C-78-46,Ctr-Arani-Nagalapuram-Nagalapuram,Karani,0,0,0,0,,,,,,,,
141,10-C-78-46,Ctr-Arani-Nagalapuram-Nagalapuram,Surutupalli,,0,,,,,,,,,,
142,10-C-78-46,Ctr-Arani-Nagalapuram-Nagalapuram,Kothamarikuppam,,0,,,,,,,,,,
143,10-C-78-46,Ctr-Arani-Nagalapuram-Nagalapuram,NR Agraharam,,0,,,,,,,,,,
144,10-C-78-46,Ctr-Arani-Nagalapuram-Nagalapuram,Dalavayi Agraharam,,0,,,,,,,,,,
145,10-C-78-46,Ctr-Arani-Nagalapuram-Nagalapuram,Satyavedu,,0,,,,,,,,,,
146,10-C-78-46,Ctr-Arani-Nagalapuram-Nagalapuram,Venkatarajulakandriga,0,0,0,0,,,,,,,,
147,10-C-78-46,Ctr-Arani-Nagalapuram-Nagalapuram,Madanambedu,,0,,,,,,,,,,
148,10-C-78-46,Ctr-Arani-Nagalapuram-Nagalapuram,Peradam,,0,,,,,,,,,,
149,10-C-78-46,Ctr-Arani-Nagalapuram-Nagalapuram,Sirunambuduru,,0,,,,,,,,,,
150,10-C-78-46,Ctr-Arani-Nagalapuram-Nagalapuram,Madanamjeri,,0,,,,,,,,,,
151,10-C-78-46,Ctr-Arani-Nagalapuram-Nagalapuram,Ambakam,,0,,,,,,,,,,
152,10-C-78-46,Ctr-Arani-Nagalapuram-Nagalapuram,Thaondukuli,0,0,0,0,,,,,,,,
153,10-C-78-46,Ctr-Arani-Nagalapuram-Nagalapuram,Pudukuppam,,0,,,,,,,,,,
154,10-C-78-46,Ctr-Arani-Nagalapuram-Nagalapuram,Chenneri,,0,,,,,,,,,,
155,10-C-78-46,Ctr-Arani-Nagalapuram-Nagalapuram,Dasukupam,,0,,,,,,,,,,
156,10-C-78-46,Ctr-Arani-Nagalapuram-Nagalapuram,Vanellur,,0,,,,,,,,,,
157,10-C-78-46,Ctr-Arani-Nagalapuram-Nagalapuram,Rallakuppam,,0,,,,,,,,,,
158,10-C-78-46,Ctr-Arani-Nagalapuram-Nagalapuram,Kolladam,0,0,0,0,,,,,,,,
159,10-C-78-46,Ctr-Arani-Nagalapuram-Nagalapuram,Chervi,,0,,,,,,,,,,
160,10-C-78-46,Ctr-Arani-Nagalapuram-Nagalapuram,Gollavaripalem,,0,,,,,,,,,,
161,10-C-78-46,Ctr-Arani-Nagalapuram-Nagalapuram,Madavapalem,,0,,,,,,,,,,
162,10-C-78-46,Ctr-Arani-Nagalapuram-Nagalapuram,Irugulam,,0,,,,,,,,,,
163,10-C-78-46,Ctr-Arani-Nagalapuram-Nagalapuram,Mallavaripalem,,0,,,,,,,,,,
164,10-C-78-46,Ctr-Arani-Nagalapuram-Nagalapuram,Chengambakam,0,0,0,0,,,,,,,,
165,10-C-78-46,Ctr-Arani-Nagalapuram-Nagalapuram,Chilamathuru,,0,,,,,,,,,,
166,10-C-78-46,Ctr-Arani-Nagalapuram-Nagalapuram,Karepakam,,0,,,,,,,,,,
167,10-C-78-46,Ctr-Arani-Nagalapuram-Nagalapuram,Chedullapakam,,0,,,,,,,,,,
168,10-C-78-46,Ctr-Arani-Nagalapuram-Nagalapuram,Mopuram palle,,0,,,,,,,,,,
169,10-C-78-46,Ctr-Arani-Nagalapuram-Nagalapuram,Kadir vedu,,0,,,,,,,,,,
