gw watershed name,microbasin name,village name,iwm village
WG_I_Tammileru_Chintalapudi,WG- TAMMILERUNORTH-01-MB,Gurubhartlagudem,Gurubhatlagudem
WG_I_Tammileru_Chintalapudi,WG- TAMMILERUNORTH-01-MB,Lingagudem,Lingagudem-1
WG_I_Tammileru_Chintalapudi,WG- TAMMILERUNORTH-01-MB,Raghavapuram,Raghavapuram-3
WG_I_Tammileru_Chintalapudi,WG- TAMMILERUNORTH-01-MB,Talarlapalli,Talarlapalle-1
WG_I_Tammileru_Chintalapudi,WG- TAMMILERUNORTH-01-MB,Venkatrayapuram,Venkatarayapuram
WG_I_Tammileru_Chintalapudi,WG- TAMMILERUNORTH-01-MB,Endapalli,Endapalle
WG_I_Tammileru_Chintalapudi,WG- TAMMILERUNORTH-01-MB,Yarrampalli,Errampalle
WG_I_Tammileru_Chintalapudi,WG- TAMMILERUNORTH-01-MB,Amudalachalakka,Amudalachalaka
WG_I_Tammileru_Chintalapudi,WG- TAMMILERUNORTH-01-MB,Chintalapudi ,Chintalapudi-4
WG_I_Tammileru_Chintalapudi,WG- TAMMILERUNORTH-01-MB,Potunuru,Pothunuru
WG_I_Tammileru_Chintalapudi,WG- TAMMILERUNORTH-01-MB,Mallayagudem,Mallayagudem
WG_I_Tammileru_Chintalapudi,WG- TAMMILERUNORTH-01-MB,Urlagudem,Urlagudem
WG_I_Tammileru_Chintalapudi,WG- TAMMILERUNORTH-01-MB,Ayyaparajugudem,Ayyaparajugudem
WG_I_Tammileru_Chintalapudi,WG- TAMMILERUNORTH-01-MB,Bhogolu,Bhogole
WG_I_Tammileru_Chintalapudi,WG- TAMMILERUNORTH-01-MB,Chandrannapalem,Chandrannapalem
WG_I_Tammileru_Chintalapudi,WG- TAMMILERUNORTH-01-MB,Dharmajigudem,Dharmajigudem-1
WG_I_Tammileru_Chintalapudi,WG- TAMMILERUNORTH-01-MB,Kalarayanagudem,Kalarayanagudem
WG_I_Tammileru_Chintalapudi,WG- TAMMILERUNORTH-01-MB,Kalyanampadu,Kalyanampadu
WG_I_Tammileru_Chintalapudi,WG- TAMMILERUNORTH-01-MB,Konijarla,Konijerla-1
WG_I_Tammileru_Chintalapudi,WG- TAMMILERUNORTH-01-MB,Kothapalli,Kothapalle-22
WG_I_Tammileru_Chintalapudi,WG- TAMMILERUNORTH-01-MB,Lingapalem,Lingapalem-2
WG_I_Tammileru_Chintalapudi,WG- TAMMILERUNORTH-01-MB,Malleshwaram,Malleswaram
WG_I_Tammileru_Chintalapudi,WG- TAMMILERUNORTH-01-MB,Mathamgudem,Mattamgudem
WG_I_Tammileru_Chintalapudi,WG- TAMMILERUNORTH-01-MB,Pochavaram,Pochavaram-4
WG_I_Tammileru_Chintalapudi,WG- TAMMILERUNORTH-01-MB,Singagudem,Singagudem
WG_I_Tammileru_Chintalapudi,WG- TAMMILERUNORTH-01-MB,T.Ch.R.Palem,Juvvachalakarayudupalem
WG_I_Tammileru_Chintalapudi,WG- TAMMILERUNORTH-01-MB,Mulagapalampadu,Mulagalampadu
WG_I_Tammileru_Chintalapudi,WG- TAMMILERUNORTH-01-MB,Yadavalli,Yedavalli
WG_I_Tammileru_Chintalapudi,WG- TAMMILERUNORTH-01-MB,Bapirajugudem,Bapirajugudem
WG_I_Tammileru_Chintalapudi,WG- TAMMILERUNORTH-01-MB,Nadipalli,Nadupalle-1
WG_I_Tammileru_Chintalapudi,WG- TAMMILERUNORTH-01-MB,Rajampalem,Rajampalem-1
WG_I_Yerrakalva 2_Devulapalli,WG- DEVULAPALLI-03-MB,Ch.potepalli,Chelikanivanipothepalle
WG_I_Yerrakalva 2_Devulapalli,WG- DEVULAPALLI-03-MB,Dorasanipadu,Dorasanipadu
WG_I_Yerrakalva 2_Devulapalli,WG- DEVULAPALLI-03-MB,G.Kothapali,G.Kothapalle
WG_I_Yerrakalva 2_Devulapalli,WG- DEVULAPALLI-03-MB,IS Jagannadhaprm,I.S.Jagannadhapuram
WG_I_Yerrakalva 2_Devulapalli,WG- DEVULAPALLI-03-MB,IS Raghavaprm ,I.S.Raghavapuram-1
WG_I_Yerrakalva 2_Devulapalli,WG- DEVULAPALLI-03-MB,Kodigudem,Kodigudem
WG_I_Yerrakalva 2_Devulapalli,WG- DEVULAPALLI-03-MB,Gundagolanukunta,Gundugolanukunta
WG_I_Yerrakalva 2_Devulapalli,WG- DEVULAPALLI-03-MB,Malleswaram,Malleswaram-1
WG_I_Yerrakalva 2_Devulapalli,WG- DEVULAPALLI-03-MB,Kommara (N),Kommara(North)
WG_I_Yerrakalva 2_Devulapalli,WG- DEVULAPALLI-03-MB,Kommara [S],Kommara(South)
WG_I_Yerrakalva 2_Devulapalli,WG- DEVULAPALLI-03-MB,Ammapalem,Ammapalem-3
WG_I_Yerrakalva 2_Devulapalli,WG- DEVULAPALLI-03-MB,Devulapalli,Devulapalle-1
WG_I_Yerrakalva 2_Devulapalli,WG- DEVULAPALLI-03-MB,Lakkavaram ,Lakkavaram-2
WG_I_Yerrakalva 2_Devulapalli,WG- DEVULAPALLI-03-MB,Nimmalagudem,Nimmalagudem-1
WG_I_Yerrakalva 2_Devulapalli,WG- DEVULAPALLI-03-MB,KamavarapuKota  ,Kamavarapukota-1
WG_I_Yerrakalva 2_Devulapalli,WG- DEVULAPALLI-03-MB,Kondagudem,Kondagudem
WG_I_Yerrakalva 2_Devulapalli,WG- DEVULAPALLI-03-MB,Ramannapalem,Ramannapalem-6
WG_I_Yerrakalva 2_Devulapalli,WG- DEVULAPALLI-03-MB,Ravikampadu,Ravikampadu-2
WG_I_Yerrakalva 2_Devulapalli,WG- DEVULAPALLI-03-MB,Uppalapadu,Uppalapadu-13
WG_I_Yerrakalva 2_Devulapalli,WG- DEVULAPALLI-03-MB,Yadavalli ,Edavalli-2
WG_I_Yerrakalva 2_Devulapalli,WG- DEVULAPALLI-03-MB,Veerampalem,Veerampalem-2
WG_I_Yerrakalva 2_Devulapalli,WG- DEVULAPALLI-03-MB,Kunavaram,Kunavaram-3
WG_I_Yerrakalva 2_Devulapalli,WG- DEVULAPALLI-03-MB,Kommugudem,Kommugudem-1
WG_I_Yerrakalva 2_Devulapalli,WG- DEVULAPALLI-03-MB,Dubacherla,Dubacherla
WG_I_Yerrakalva 2_Devulapalli,WG- DEVULAPALLI-03-MB,Amumonilanka,Anumunilanka
WG_I_Yerrakalva 2_Devulapalli,WG- DEVULAPALLI-03-MB,Nallajerla,Nallajerla-1
WG_I_Yerrakalva 2_Devulapalli,WG- DEVULAPALLI-03-MB,Marellamudi,Marellamudi
WG_I_Yerrakalva 2_Devulapalli,WG- DEVULAPALLI-03-MB,Ananthapalli,Ananthapalle
WG_I_Yerrakalva 2_Devulapalli,WG- DEVULAPALLI-03-MB,Cheepurugudem,Cheepurugudem
WG_I_Yerrakalva 2_Devulapalli,WG- DEVULAPALLI-03-MB,Gundepalli,Gundepalle @ Chodavaram(East)
WG_I_Yerrakalva 2_Devulapalli,WG- DEVULAPALLI-03-MB,Chodavaram,Chodavaram (West)
WG_I_Yerrakalva 2_Devulapalli,WG- DEVULAPALLI-03-MB,Prakasaraopalem,Prakasaraopalem
WG_I_Yerrakalva 2_Devulapalli,WG- DEVULAPALLI-03-MB,Telikacherla,Telikicherla
WG_E_Kondrukota (Polavaram),WG- POLAVARAM-09-MB,Cheeduru,Cheeduru
WG_E_Kondrukota (Polavaram),WG- POLAVARAM-09-MB,Chegondapalli,Chegondapalle
WG_E_Kondrukota (Polavaram),WG- POLAVARAM-09-MB,Kondrukota,Kondrukota
WG_E_Kondrukota (Polavaram),WG- POLAVARAM-09-MB,Koruturu,Koruturu-2
WG_E_Kondrukota (Polavaram),WG- POLAVARAM-09-MB,Pydipaka,Pydipaka
WG_E_Kondrukota (Polavaram),WG- POLAVARAM-09-MB,Ravigudem,Ravigudem-1
WG_E_Kondrukota (Polavaram),WG- POLAVARAM-09-MB,Singanapalli,Singanapalle-2
WG_E_Kondrukota (Polavaram),WG- POLAVARAM-09-MB,Sirivaka,Sirivaka
WG_E_Kondrukota (Polavaram),WG- POLAVARAM-09-MB,Sivagiri,Sivagiri-1
WG_E_Kondrukota (Polavaram),WG- POLAVARAM-09-MB,Tekuru,Tekuru-1
WG_E_Kondrukota (Polavaram),WG- POLAVARAM-09-MB,Tutugunta,Tangedukonda
WG_I_Chityala_Tallapudi,WG- CHITYALA-10-MB,Bandapuram,Bandapuram
WG_I_Chityala_Tallapudi,WG- CHITYALA-10-MB,Duddukuru,Duddukuru
WG_I_Chityala_Tallapudi,WG- CHITYALA-10-MB,Bhimolu,Bhimolu
WG_I_Chityala_Tallapudi,WG- CHITYALA-10-MB,Cherukumilli,Cherukumilli
WG_I_Chityala_Tallapudi,WG- CHITYALA-10-MB,Chityala,Chityala-3
WG_I_Chityala_Tallapudi,WG- CHITYALA-10-MB,Gangolu,Gangolu
WG_I_Chityala_Tallapudi,WG- CHITYALA-10-MB,Gopalapuram,Gopalapuram-6
WG_I_Chityala_Tallapudi,WG- CHITYALA-10-MB,Guddigudem,Guddigudem
WG_I_Chityala_Tallapudi,WG- CHITYALA-10-MB,Karagapadu,Karagapadu
WG_I_Chityala_Tallapudi,WG- CHITYALA-10-MB,Karicherlagudem,Karicharlagudem
WG_I_Chityala_Tallapudi,WG- CHITYALA-10-MB,Komatikunta ,Komatigunta-1
WG_I_Chityala_Tallapudi,WG- CHITYALA-10-MB,Kovvurupadu,Kovvurupadu
WG_I_Chityala_Tallapudi,WG- CHITYALA-10-MB,Nandigudem ,Nandigudem
WG_I_Chityala_Tallapudi,WG- CHITYALA-10-MB,Saggonda,Saggonda-1
WG_I_Chityala_Tallapudi,WG- CHITYALA-10-MB,Sagipadu,Sagipadu
WG_I_Chityala_Tallapudi,WG- CHITYALA-10-MB,Vadalakunta ,Vadalakunta
WG_I_Chityala_Tallapudi,WG- CHITYALA-10-MB,Vellachintalagudem,Vellachintalagudem
WG_I_Chityala_Tallapudi,WG- CHITYALA-10-MB,Venkatayapalem,Venkatayapalem-2
WG_I_Chityala_Tallapudi,WG- CHITYALA-10-MB,Jaganadhapuram,Jagannadhapuram-5
WG_I_Chityala_Tallapudi,WG- CHITYALA-10-MB,Annadevarapeta,Annadevarapeta
WG_I_Chityala_Tallapudi,WG- CHITYALA-10-MB,Ballipadu,Ballipadu
WG_I_Chityala_Tallapudi,WG- CHITYALA-10-MB,Bayyavaram,Bayyavaram-2
WG_I_Chityala_Tallapudi,WG- CHITYALA-10-MB,Gajjaram,Gajjaram
WG_I_Chityala_Tallapudi,WG- CHITYALA-10-MB,Kukunuru,Kukunuru
WG_I_Chityala_Tallapudi,WG- CHITYALA-10-MB,Nallamillipadu,Nallamillipadu
WG_I_Chityala_Tallapudi,WG- CHITYALA-10-MB,Pochavaram,Pochavaram-3
WG_I_Chityala_Tallapudi,WG- CHITYALA-10-MB,Prakkilanka,Prakkilanka
WG_I_Chityala_Tallapudi,WG- CHITYALA-10-MB,Ragolupalli,Ragolapalle
WG_I_Chityala_Tallapudi,WG- CHITYALA-10-MB,Tadipudi,Thadipudi
WG_I_Chityala_Tallapudi,WG- CHITYALA-10-MB,Tallapudi,Thallapudi-1
WG_I_Chityala_Tallapudi,WG- CHITYALA-10-MB,Tirugudumetta,Tirugudumetta
WG_I_Chityala_Tallapudi,WG- CHITYALA-10-MB,Tupakulagudem,Thupakulagudem
WG_I_Chityala_Tallapudi,WG- CHITYALA-10-MB,Veerbhadrapuram,Veerabhadrapuram-1
WG_I_Chityala_Tallapudi,WG- CHITYALA-10-MB,Vegeswarapuram,Vegeswarapuram
WG_I_Chityala_Tallapudi,WG- CHITYALA-10-MB,Peddevam,Peddevam
WG_I_Kovvuru_Dommeru,WG- KOVVURU-DOMMERU-MB,Chagallu,Chagallu-4
WG_I_Kovvuru_Dommeru,WG- KOVVURU-DOMMERU-MB,Daravaram,Daravaram
WG_I_Kovvuru_Dommeru,WG- KOVVURU-DOMMERU-MB,Mallavaram,Mallavaram-8
WG_I_Kovvuru_Dommeru,WG- KOVVURU-DOMMERU-MB,Markondapadu,Markondapadu
WG_I_Kovvuru_Dommeru,WG- KOVVURU-DOMMERU-MB,Nelaturu,Nelaturu-2
WG_I_Kovvuru_Dommeru,WG- KOVVURU-DOMMERU-MB,S.Muppavaram,Singanamuppavaram
WG_I_Kovvuru_Dommeru,WG- KOVVURU-DOMMERU-MB,Gowripatnam,Gowripatnam
WG_I_Kovvuru_Dommeru,WG- KOVVURU-DOMMERU-MB,Kondagudem,Kondagudem-1
WG_I_Kovvuru_Dommeru,WG- KOVVURU-DOMMERU-MB,Laxmipuram,Laxmipuram-5
WG_I_Kovvuru_Dommeru,WG- KOVVURU-DOMMERU-MB,Arikirevala,Arikirevula
WG_I_Kovvuru_Dommeru,WG- KOVVURU-DOMMERU-MB,Chidipi,Chidipi
WG_I_Kovvuru_Dommeru,WG- KOVVURU-DOMMERU-MB,Chigurulanka,Chigurulanka
WG_I_Kovvuru_Dommeru,WG- KOVVURU-DOMMERU-MB,Decherla,Decherla
WG_I_Kovvuru_Dommeru,WG- KOVVURU-DOMMERU-MB,Dharmavaram,Dharmavaram-3
WG_I_Kovvuru_Dommeru,WG- KOVVURU-DOMMERU-MB,Dommeru,Dommeru
WG_I_Kovvuru_Dommeru,WG- KOVVURU-DOMMERU-MB,I.Pangidi,Isukapatlapangidi
WG_I_Kovvuru_Dommeru,WG- KOVVURU-DOMMERU-MB,Kovvuru,Kovvuru
WG_I_Kovvuru_Dommeru,WG- KOVVURU-DOMMERU-MB,Kumaradevam,Kumaradevam
WG_I_Kovvuru_Dommeru,WG- KOVVURU-DOMMERU-MB,Madduru,Madduru-2
WG_I_Kovvuru_Dommeru,WG- KOVVURU-DOMMERU-MB,Maddurulanka,Maddurulanka
WG_I_Kovvuru_Dommeru,WG- KOVVURU-DOMMERU-MB,Nandamuru,Nandamuru
WG_I_Kovvuru_Dommeru,WG- KOVVURU-DOMMERU-MB,Pasivedala,Pasivedala
WG_I_Kovvuru_Dommeru,WG- KOVVURU-DOMMERU-MB,Penakarametta,Penakanametta
WG_I_Kovvuru_Dommeru,WG- KOVVURU-DOMMERU-MB,Togummi,Thogummi
WG_I_Kovvuru_Dommeru,WG- KOVVURU-DOMMERU-MB,Vadapalli,Vadapalle-1
WG_I_Kovvuru_Dommeru,WG- KOVVURU-DOMMERU-MB,Vemuluru,Vemuluru
WG_I_Kovvuru_Dommeru,WG- KOVVURU-DOMMERU-MB,Malakapalli,Malakapalle
WG_I_Kovvuru_Dommeru,WG- KOVVURU-DOMMERU-MB,Ravurupadu,Ravurupadu
WG_I_Nidadavolu_Arugolanu,WG- NIDADAVOLU-11-MB,Madhavaram,Madhavaram-9
WG_I_Nidadavolu_Arugolanu,WG- NIDADAVOLU-11-MB,Jagannadhapuram,Jagannadhapuram-7
WG_I_Nidadavolu_Arugolanu,WG- NIDADAVOLU-11-MB,Nandamuru,Nandamuru-1
WG_I_Nidadavolu_Arugolanu,WG- NIDADAVOLU-11-MB,Arulla,Arulla
WG_I_Nidadavolu_Arugolanu,WG- NIDADAVOLU-11-MB,Navabpalem,Nawabpalem-1
WG_I_Nidadavolu_Arugolanu,WG- NIDADAVOLU-11-MB,Aurgolanu,Arugolanu
WG_I_Nidadavolu_Arugolanu,WG- NIDADAVOLU-11-MB,Apparaopeta,Apparaopeta
WG_I_Nidadavolu_Arugolanu,WG- NIDADAVOLU-11-MB,Atlapadu,Atlapadu
WG_I_Nidadavolu_Arugolanu,WG- NIDADAVOLU-11-MB,D.Muppavaram,D.Muppavaram
WG_I_Nidadavolu_Arugolanu,WG- NIDADAVOLU-11-MB,Gopavaram,Gopavaram-5
WG_I_Nidadavolu_Arugolanu,WG- NIDADAVOLU-11-MB,Jeedigunta,Jeedigunta
WG_I_Nidadavolu_Arugolanu,WG- NIDADAVOLU-11-MB,Kalavacherla,Kalavacherla-2
WG_I_Nidadavolu_Arugolanu,WG- NIDADAVOLU-11-MB,Korupalli,Korupalle
WG_I_Nidadavolu_Arugolanu,WG- NIDADAVOLU-11-MB,Munipalli,Munipalle-1
WG_I_Nidadavolu_Arugolanu,WG- NIDADAVOLU-11-MB,Nidadavolu,Nidadavole (M)
WG_I_Nidadavolu_Arugolanu,WG- NIDADAVOLU-11-MB,Pandalaparru,Pandalaparru
WG_I_Nidadavolu_Arugolanu,WG- NIDADAVOLU-11-MB,Pendyala,Pendyala-1
WG_I_Nidadavolu_Arugolanu,WG- NIDADAVOLU-11-MB,Purushottapalli,Purushothapalle
WG_I_Nidadavolu_Arugolanu,WG- NIDADAVOLU-11-MB,Timmarajupalem,Thimmarajupalem
WG_I_Nidadavolu_Arugolanu,WG- NIDADAVOLU-11-MB,Vijjeswaram,Vijjeswaram
WG_I_Nidadavolu_Arugolanu,WG- NIDADAVOLU-11-MB,Jeediguntalanka,Jeediguntalanka
WG_I_Nidadavolu_Arugolanu,WG- NIDADAVOLU-11-MB,Korumamidi ,Korumamidi-1
WG_I_Nidadavolu_Arugolanu,WG- NIDADAVOLU-11-MB,Ravimetla ,Ravimetla
WG_I_Nidadavolu_Arugolanu,WG- NIDADAVOLU-11-MB,Sankarapuram,Sankarapuram-1
WG_I_Nidadavolu_Arugolanu,WG- NIDADAVOLU-11-MB,Singavaram ,Singavaram-2
WG_I_Nidadavolu_Arugolanu,WG- NIDADAVOLU-11-MB,Surapuram ,Surapuram
WG_I_Nidadavolu_Arugolanu,WG- NIDADAVOLU-11-MB,Tadimalla,Tadimalla
WG_I_Nidadavolu_Arugolanu,WG- NIDADAVOLU-11-MB,Unakaramilli ,Unakaramilli
WG_I_Nidadavolu_Arugolanu,WG- NIDADAVOLU-11-MB,Vissampalem,Vissampalem
WG_I_Nidadavolu_Arugolanu,WG- NIDADAVOLU-11-MB,J.Khandrika,J.Khandrika
WG_I_Nidadavolu_Arugolanu,WG- NIDADAVOLU-11-MB,Settipeta,Settipeta-1
WG_I_Nidadavolu_Arugolanu,WG- NIDADAVOLU-11-MB,Brahmanagudem ,Brahmanagudem
WG_I_Nidadavolu_Arugolanu,WG- NIDADAVOLU-11-MB,Chikkala ,Chikkala
WG_I_Nidadavolu_Arugolanu,WG- NIDADAVOLU-11-MB,Kalavalapalli ,Kalavalapalle
WG_I_Nidadavolu_Arugolanu,WG- NIDADAVOLU-11-MB,Nandigampadu,Nandigampadu
WG_I_Nidadavolu_Arugolanu,WG- NIDADAVOLU-11-MB,Unagatla,Unagatla
WG_I_Jagannapeta,WG- TADEPALLIGUDEM-14-MB,Jaggannapeta,Jaggannapeta-1
WG_I_Jagannapeta,WG- TADEPALLIGUDEM-14-MB,Kadakatla,Kadakatla
WG_I_Jagannapeta,WG- TADEPALLIGUDEM-14-MB,kadiadda,Kadiyedda
WG_I_Jagannapeta,WG- TADEPALLIGUDEM-14-MB,Kondrupolu,Kondruprolu
WG_I_Jagannapeta,WG- TADEPALLIGUDEM-14-MB,Kunchinapalli,Kunchanapalle-1
WG_I_Jagannapeta,WG- TADEPALLIGUDEM-14-MB,Padala,Padala
WG_I_Jagannapeta,WG- TADEPALLIGUDEM-14-MB,Tadepalli,Tadepalle-1
WG_I_Jagannapeta,WG- TADEPALLIGUDEM-14-MB,Tadepalligudem (U),Tadepalligudem (M)
WG_I_Jagannapeta,WG- TADEPALLIGUDEM-14-MB,Tallamudurupadu,Tallamudunurupadu
WG_I_Jagannapeta,WG- TADEPALLIGUDEM-14-MB,Yagallapalli,Yagarlapalli
WG_I_Jagannapeta,WG- TADEPALLIGUDEM-14-MB,Krishnayapalem,Krishnayapalem-1
WG_I_Jagannapeta,WG- TADEPALLIGUDEM-14-MB,Venkataramannagudem,Venkatramannagudem
WG_I_Jagannapeta,WG- TADEPALLIGUDEM-14-MB,Badampudi,Badampudi
WG_I_Jagannapeta,WG- TADEPALLIGUDEM-14-MB,Bommidi,Bommidi
WG_I_Jagannapeta,WG- TADEPALLIGUDEM-14-MB,Chebrolu,Chebrolu-3
WG_I_Jagannapeta,WG- TADEPALLIGUDEM-14-MB,Dontavaram,Dontavaram
WG_I_Jagannapeta,WG- TADEPALLIGUDEM-14-MB,Kagupadu,Kagupadu
WG_I_Jagannapeta,WG- TADEPALLIGUDEM-14-MB,Kakarlamudi,Kakarlamudi
WG_I_Jagannapeta,WG- TADEPALLIGUDEM-14-MB,Rachuru,Rachuru
WG_I_Jagannapeta,WG- TADEPALLIGUDEM-14-MB,Ravulaparru,Ravulaparru
WG_I_Jagannapeta,WG- TADEPALLIGUDEM-14-MB,Unguturu,Unguturu-2
WG_I_Jagannapeta,WG- TADEPALLIGUDEM-14-MB,V.Apparaopuram,Venkatadriapparaopuram
WG_I_Jagannapeta,WG- TADEPALLIGUDEM-14-MB,Vellamilli,Vellamilli
WG_I_Jagannapeta,WG- TADEPALLIGUDEM-14-MB,Avapadu,Avapadu
WG_I_Bhimadole_Bhimadole,WG- BHIMADOLU-15-MB,Ambarupeta,Amberpeta
WG_I_Bhimadole_Bhimadole,WG- BHIMADOLU-15-MB,Duddepudi,Duddepudi
WG_I_Bhimadole_Bhimadole,WG- BHIMADOLU-15-MB,Kodurupadu,Kodurupadu
WG_I_Bhimadole_Bhimadole,WG- BHIMADOLU-15-MB,Polasanipalli,Polasanipalle
WG_I_Bhimadole_Bhimadole,WG- BHIMADOLU-15-MB,Vempadu,Vempadu-5
WG_I_Bhimadole_Bhimadole,WG- BHIMADOLU-15-MB,Bhimadole,Bhimadole-1
WG_I_Bhimadole_Bhimadole,WG- BHIMADOLU-15-MB,Pulla,Pulla-1
WG_I_Bhimadole_Bhimadole,WG- BHIMADOLU-15-MB,D.Tirumala,Dwarakatirumala
WG_I_Bhimadole_Bhimadole,WG- BHIMADOLU-15-MB,Dadavali,Dadavalli
WG_I_Bhimadole_Bhimadole,WG- BHIMADOLU-15-MB,Golladikuntakhandr,Gollavadi Kunta Khandrika
WG_I_Bhimadole_Bhimadole,WG- BHIMADOLU-15-MB,Gopikuntakhandrika,Gopikunta Khandrika
WG_I_Bhimadole_Bhimadole,WG- BHIMADOLU-15-MB,Gunnampalli,Gunnampalle
WG_I_Bhimadole_Bhimadole,WG- BHIMADOLU-15-MB,Jajulakunta,Jajulakunta
WG_I_Bhimadole_Bhimadole,WG- BHIMADOLU-15-MB,Krishnapuram,Krishnapuram-15
WG_I_Bhimadole_Bhimadole,WG- BHIMADOLU-15-MB,Lingaraopalem,Lingaraopalem-1
WG_I_Bhimadole_Bhimadole,WG- BHIMADOLU-15-MB,Malasanikunta,Malasanikunta
WG_I_Bhimadole_Bhimadole,WG- BHIMADOLU-15-MB,Narayanapuram,Narayanapuram-6
WG_I_Bhimadole_Bhimadole,WG- BHIMADOLU-15-MB,P.Kannapuram,P.Kannapuram
WG_I_Bhimadole_Bhimadole,WG- BHIMADOLU-15-MB,Rallakunta,Rallakunta
WG_I_Bhimadole_Bhimadole,WG- BHIMADOLU-15-MB,Ramannagudem,Ramannagudem-1
WG_I_Bhimadole_Bhimadole,WG- BHIMADOLU-15-MB,Sarabhapuram,Sarabhapuram
WG_I_Bhimadole_Bhimadole,WG- BHIMADOLU-15-MB,Sathenagedem,Sathenagudem
WG_I_Bhimadole_Bhimadole,WG- BHIMADOLU-15-MB,sattala,Sattala
WG_I_Bhimadole_Bhimadole,WG- BHIMADOLU-15-MB,Timmapuram,Thimmapuram-16
WG_I_Bhimadole_Bhimadole,WG- BHIMADOLU-15-MB,Tirumalapalem,Tirumalampalem
WG_I_Bhimadole_Bhimadole,WG- BHIMADOLU-15-MB,Vkrishnaprm,Venkatakrishnapuram
WG_I_Bhimadole_Bhimadole,WG- BHIMADOLU-15-MB,Kommugudem,Kommugudem
WG_I_Bhimadole_Bhimadole,WG- BHIMADOLU-15-MB,H. Lingapalem,Havelilingapalem
WG_I_Bhimadole_Bhimadole,WG- BHIMADOLU-15-MB,Pangidigudem,Pangidigudem-3
WG_I_Bhimadole_Bhimadole,WG- BHIMADOLU-15-MB,M. Nagulapalli,M.Nagulapalle
WG_I_Bhimadole_Bhimadole,WG- BHIMADOLU-15-MB,Sayanaraopalem ,Sayanaraopalem
WG_I_Bhimadole_Bhimadole,WG- BHIMADOLU-15-MB,V.P. Nuthanam,Vadlapatlanuthanam
WG_I_Bhimadole_Bhimadole,WG- BHIMADOLU-15-MB,A.Gokavaram,A.Gokavaram
WG_I_Bhimadole_Bhimadole,WG- BHIMADOLU-15-MB,Chebrolukhandrika ©,Chebrole Khandrika
WG_I_Bhimadole_Bhimadole,WG- BHIMADOLU-15-MB,Gopinadhapatnam,Gopinadhapatnam
WG_I_Bhimadole_Bhimadole,WG- BHIMADOLU-15-MB,Kaikaram ©,Kaikaram
WG_I_Bhimadole_Bhimadole,WG- BHIMADOLU-15-MB,Nallamadu,Nallamadu
WG_I_Bhimadole_Bhimadole,WG- BHIMADOLU-15-MB,Tallapuram ©,Tallapuram
WG_I_Gunderu_Pedavegi,WG- GUNDERU-16-MB,Pragadavaram,Pragadavaram
WG_I_Gunderu_Pedavegi,WG- GUNDERU-16-MB,Kanupeda,Kanupade
WG_I_Gunderu_Pedavegi,WG- GUNDERU-16-MB,Venkampalem,Venkammapalem
WG_I_Gunderu_Pedavegi,WG- GUNDERU-16-MB,Timmeriddipalli,Thimmareddipalle
WG_I_Gunderu_Pedavegi,WG- GUNDERU-16-MB,Ponukumadu,Ponukumadu
WG_I_Gunderu_Pedavegi,WG- GUNDERU-16-MB,Sankuchakarapuram,Sankuchakrapuram
WG_I_Gunderu_Pedavegi,WG- GUNDERU-16-MB,Akkireddigudem,Akkireddigudem-1
WG_I_Gunderu_Pedavegi,WG- GUNDERU-16-MB,Ch. Chintalapudi,Challachintalapudi
WG_I_Gunderu_Pedavegi,WG- GUNDERU-16-MB,Denduluru,Denduluru-2
WG_I_Gunderu_Pedavegi,WG- GUNDERU-16-MB,Dosapadu ©,Dosapadu
WG_I_Gunderu_Pedavegi,WG- GUNDERU-16-MB,Galayagudem,Galayagudem
WG_I_Gunderu_Pedavegi,WG- GUNDERU-16-MB,Gopannapalem,Gopannapalem
WG_I_Gunderu_Pedavegi,WG- GUNDERU-16-MB,Gudigunta,Gudigunta
WG_I_Gunderu_Pedavegi,WG- GUNDERU-16-MB,Komarepalli,Komirepalle
WG_I_Gunderu_Pedavegi,WG- GUNDERU-16-MB,Kothagudem,Kothagudem-4
WG_I_Gunderu_Pedavegi,WG- GUNDERU-16-MB,Kovvali ©,Kovvali
WG_I_Gunderu_Pedavegi,WG- GUNDERU-16-MB,Malakacherla,Malakacherla
WG_I_Gunderu_Pedavegi,WG- GUNDERU-16-MB,Medinaraopalem,Medinaraopalem
WG_I_Gunderu_Pedavegi,WG- GUNDERU-16-MB,Muppavaram,Muppavaram-2
WG_I_Gunderu_Pedavegi,WG- GUNDERU-16-MB,Naguladevunipadu,Naguladevunipadu
WG_I_Gunderu_Pedavegi,WG- GUNDERU-16-MB,Narasimhapuram,Narasimhapuram-2
WG_I_Gunderu_Pedavegi,WG- GUNDERU-16-MB,Pothunuru,Pothunuru-1
WG_I_Gunderu_Pedavegi,WG- GUNDERU-16-MB,Ramaraogudem,Ramaraogudem
WG_I_Gunderu_Pedavegi,WG- GUNDERU-16-MB,Sanigudem,Saanigudem
WG_I_Gunderu_Pedavegi,WG- GUNDERU-16-MB,Singavaram,Singavaram-3
WG_I_Gunderu_Pedavegi,WG- GUNDERU-16-MB,Sriramavaram,Sriramavaram
WG_I_Gunderu_Pedavegi,WG- GUNDERU-16-MB,Timmanagudem,Thimmannagudem
WG_I_Gunderu_Pedavegi,WG- GUNDERU-16-MB,Uppugudem,Uppugudem
WG_I_Gunderu_Pedavegi,WG- GUNDERU-16-MB,Vegavaram,Vegavaram-1
WG_I_Gunderu_Pedavegi,WG- GUNDERU-16-MB,Sommavarapadu,Somavarappadu-3
WG_I_Gunderu_Pedavegi,WG- GUNDERU-16-MB,Kothapalli,Kothapalle-23
WG_I_Gunderu_Pedavegi,WG- GUNDERU-16-MB,Challapalli,Challapalle-2
WG_I_Gunderu_Pedavegi,WG- GUNDERU-16-MB,Ankalampadu,Ankalampadu
WG_I_Gunderu_Pedavegi,WG- GUNDERU-16-MB,Guntupalli,Guntupalli
WG_I_Gunderu_Pedavegi,WG- GUNDERU-16-MB,K.S.Ramavaram,Khandrika Seetharamavaram
WG_I_Gunderu_Pedavegi,WG- GUNDERU-16-MB,Kallacheruvu,Kallacheruvu
WG_I_Gunderu_Pedavegi,WG- GUNDERU-16-MB,Mysannagudem,Mysanagudem-1
WG_I_Gunderu_Pedavegi,WG- GUNDERU-16-MB,Polasigudem,Polasigudem
WG_I_Gunderu_Pedavegi,WG- GUNDERU-16-MB,R. Nagulapalli,Rajunagulapalli
WG_I_Gunderu_Pedavegi,WG- GUNDERU-16-MB,Tadikalapudi,Tadikalapudi
WG_I_Gunderu_Pedavegi,WG- GUNDERU-16-MB,Mankenapalli,Mankenapalle
WG_I_Gunderu_Pedavegi,WG- GUNDERU-16-MB,Assannagudem,Asannagudem
WG_I_Gunderu_Pedavegi,WG- GUNDERU-16-MB,Badarala,Badarala
WG_I_Gunderu_Pedavegi,WG- GUNDERU-16-MB,Ganapavarigudem,Ganapavarigudem
WG_I_Gunderu_Pedavegi,WG- GUNDERU-16-MB,K. Gokavaram,Kothulagokavaram
WG_I_Gunderu_Pedavegi,WG- GUNDERU-16-MB,Mudicherla,Mudicherla
WG_I_Gunderu_Pedavegi,WG- GUNDERU-16-MB,Pachanagaram,Patchanagaram
WG_I_Gunderu_Pedavegi,WG- GUNDERU-16-MB,Puppalavarigudem,Puppalavarigudem
WG_I_Gunderu_Pedavegi,WG- GUNDERU-16-MB,Vemulapalli,Vemulapalle-2
WG_I_Gunderu_Pedavegi,WG- GUNDERU-16-MB,Rangapuram,Rangapuram-4
WG_I_Gunderu_Pedavegi,WG- GUNDERU-16-MB,Bethavaram,Bathevaram
WG_I_Gunderu_Pedavegi,WG- GUNDERU-16-MB,Chakrayagudem,Chakrayagudem
WG_I_Gunderu_Pedavegi,WG- GUNDERU-16-MB,K.Kannapuram,K.Kannapuram
WG_I_Gunderu_Pedavegi,WG- GUNDERU-16-MB,Munduru,Mundur
WG_I_Gunderu_Pedavegi,WG- GUNDERU-16-MB,Nyayampalli,Nyayampalle
WG_I_Gunderu_Pedavegi,WG- GUNDERU-16-MB,Pedavegi,Pedavegi
WG_I_Gunderu_Pedavegi,WG- GUNDERU-16-MB,T.Gokavaram,Tallagokavaram
WG_I_Gunderu_Pedavegi,WG- GUNDERU-16-MB,Vegiwada,Vegivadavaram
WG_I_Gunderu_Pedavegi,WG- GUNDERU-16-MB,Ramasingavaram,Ramasingavaram
WG_I_Gunderu_Pedavegi,WG- GUNDERU-16-MB,Rajupothepalli,Rajupothepalli-1
WG_I_Gunderu_Pedavegi,WG- GUNDERU-16-MB,Kethavaram,Kethavaram-4
WG_I_Gunderu_Pedavegi,WG- GUNDERU-16-MB,Tedlam,Tedlam
WG_I_Gunderu_Pedavegi,WG- GUNDERU-16-MB,Sriramvaram,Sriramavaram
WG_I_Gunderu_Pedavegi,WG- GUNDERU-16-MB,Krisnaraopalem,Krishnaraopalem-1
WG_I_Gunderu_Pedavegi,WG- GUNDERU-16-MB,Lingaraopalem,Lingaraopalem
WG_I_Gunderu_Pedavegi,WG- GUNDERU-16-MB,Gudlapalli,Gudlapalli
WG_I_Gunderu_Pedavegi,WG- GUNDERU-16-MB,A. Ch. Raju Palem,Allamcherlarajupalem
WG_I_Gunderu_Pedavegi,WG- GUNDERU-16-MB,Gundagolanu,Gundugolanu
WG_I_Gunderu_Pedavegi,WG- GUNDERU-16-MB,Surappagudem,Surappagudem
WG_I_Gunderu_Pedavegi,WG- GUNDERU-16-MB,Agadalanka (C),Agadallanka
WG_I_Gunderu_Pedavegi,WG- GUNDERU-16-MB,Chettunnapadu,Chettunnapadu
WG_I_Gunderu_Pedavegi,WG- GUNDERU-16-MB,Mallavaram,Mallavaram-9
WG_I_Gunderu_Pedavegi,WG- GUNDERU-16-MB,Pydichintapadu,Pydichintapadu
WG_I_Gunderu_Pedavegi,WG- GUNDERU-16-MB,Kokkirailanka,Kokkirailanka
WG_I_Gunderu_Pedavegi,WG- GUNDERU-16-MB,Prattikollanka,Prathikollanka
WG_I_Gunderu_Pedavegi,WG- GUNDERU-16-MB,Gudivakalanka,Gudivakalanka
WG_I_Gunderu_Pedavegi,WG- GUNDERU-16-MB,Komatilanka,Komatilanka
WG_I_Gunderu_Pedavegi,WG- GUNDERU-16-MB,Malkapuram,Malkapuram-5
WG_I_Tammileru South_Eluru,WG- TAMMILERU SOUTH-17-MB,M.V.Varigudem,Mylavarapuvarigudem
WG_I_Tammileru South_Eluru,WG- TAMMILERU SOUTH-17-MB,Kondalaraopalem,Kondalaraopalem
WG_I_Tammileru South_Eluru,WG- TAMMILERU SOUTH-17-MB,Gokinapalli,Gokinepalle
WG_I_Tammileru South_Eluru,WG- TAMMILERU SOUTH-17-MB,Rayannapalem,Rayannapalem
WG_I_Tammileru South_Eluru,WG- TAMMILERU SOUTH-17-MB,Vijayarai,Vijayarai
WG_I_Tammileru South_Eluru,WG- TAMMILERU SOUTH-17-MB,Muttanaveedu,Muthanaveedu
WG_I_Tammileru South_Eluru,WG- TAMMILERU SOUTH-17-MB,Alliveedu,Alliveedu
WG_I_Tammileru South_Eluru,WG- TAMMILERU SOUTH-17-MB,Jagannadhapuram,Jagannadhapuram-8
WG_I_Tammileru South_Eluru,WG- TAMMILERU SOUTH-17-MB,Kavvagunta,Kavagunta
WG_I_Tammileru South_Eluru,WG- TAMMILERU SOUTH-17-MB,Dondapadu,Dondapadu-2
WG_I_Tammileru South_Eluru,WG- TAMMILERU SOUTH-17-MB,Vanguru,Vanguru
WG_I_Tammileru South_Eluru,WG- TAMMILERU SOUTH-17-MB, Katlampudi,Katlampudi
WG_I_Tammileru South_Eluru,WG- TAMMILERU SOUTH-17-MB, Jalipudi,Jalipudi
WG_I_Tammileru South_Eluru,WG- TAMMILERU SOUTH-17-MB, Komadavolu,Komadavole (Rural)
WG_I_Tammileru South_Eluru,WG- TAMMILERU SOUTH-17-MB,Tangellamudi,Tangellamudi-1
WG_I_Tammileru South_Eluru,WG- TAMMILERU SOUTH-17-MB,Chataparru,Chataparru
WG_I_Tammileru South_Eluru,WG- TAMMILERU SOUTH-17-MB,Chodimella,Chodimella
WG_I_Tammileru South_Eluru,WG- TAMMILERU SOUTH-17-MB,Eluru town,Eluru (Rural)
WG_I_Tammileru South_Eluru,WG- TAMMILERU SOUTH-17-MB,Madepalli,Madepalle
WG_I_Pedapadu,WG- RAMILERU-18-MB,B.Singavaram,Singavaram-4
WG_I_Pedapadu,WG- RAMILERU-18-MB,Pinakadimi,Pinakadimi
WG_I_Pedapadu,WG- RAMILERU-18-MB,Duggirala,Duggirala-2
WG_I_Pedapadu,WG- RAMILERU-18-MB,Koppaka,Koppaka
WG_I_Pedapadu,WG- RAMILERU-18-MB,Bhogapuram,Bhogapuram-1
WG_I_Pedapadu,WG- RAMILERU-18-MB,Pedapadu,Pedapadu  I
WG_I_Pedapadu,WG- RAMILERU-18-MB,Ravulakunta,Ravulakunta
WG_I_Pedapadu,WG- RAMILERU-18-MB,Satyavolu,Satyavolu-1
WG_I_Pedapadu,WG- RAMILERU-18-MB,S.Kothapalli,Sakalakothapalle
WG_I_Pedapadu,WG- RAMILERU-18-MB,Vasanthavada I,Vasantawada-I
WG_I_Pedapadu,WG- RAMILERU-18-MB,Vasanthavada II,Vasantawada-II
WG_I_Pedapadu,WG- RAMILERU-18-MB,Amruthalingampeta,Amrutalingampeta
WG_I_Pedapadu,WG- RAMILERU-18-MB,Gogunta,Gogunta
WG_I_Pedapadu,WG- RAMILERU-18-MB,Koniki,Koniki-1
WG_I_Pedapadu,WG- RAMILERU-18-MB,Rajupeta,Rajupeta-4
WG_I_Pedapadu,WG- RAMILERU-18-MB,Nandikeshwarapuram,Nandikeswarapuram
WG_I_Pedapadu,WG- RAMILERU-18-MB,Punukolu,Punukollu  I
WG_I_Pedapadu,WG- RAMILERU-18-MB,Mupparru,Mupparru
WG_I_Pedapadu,WG- RAMILERU-18-MB,Kothuru,Kothuru-7
WG_I_Pedapadu,WG- RAMILERU-18-MB,Edulakunta,Edulakunta
WG_I_Pedapadu,WG- RAMILERU-18-MB,Burugagudem,Burugagudem
WG_I_Pedapadu,WG- RAMILERU-18-MB,Tallagudem,Tallagudem
WG_I_Pedapadu,WG- RAMILERU-18-MB,Appanaveedu,Appanaveedu
WG_I_Pedapadu,WG- RAMILERU-18-MB,Epuru,Epuru
WG_I_Pedapadu,WG- RAMILERU-18-MB,Tallamudi,Tallamudi
WG_I_Pedapadu,WG- RAMILERU-18-MB,Kalaparru,Kalaparru-1
WG_I_Pedapadu,WG- RAMILERU-18-MB,Vempadu,Vempadu-7
WG_I_Pedapadu,WG- RAMILERU-18-MB,Gogulapadu,Gogulapadu-2
WG_I_Pedapadu,WG- RAMILERU-18-MB,Kokkirapadu,Kokkirapadu
WG_I_Pedapadu,WG- RAMILERU-18-MB,Vaddigudem,Vaddigudem
WG_I_Pedapadu,WG- RAMILERU-18-MB,Vatluru,Vatluru
WG_I_Pedapadu,WG- RAMILERU-18-MB,Sanivarapupeta,Sanivarapupeta
WG_I_Pedapadu,WG- RAMILERU-18-MB,Gavaravaram,Gavaravaram-1
WG_I_Pedapadu,WG- RAMILERU-18-MB,Satrampadu,Satrampadu
WG_I_Pedapadu,WG- RAMILERU-18-MB,Ponangi,Ponangi
WG_I_Pedapadu,WG- RAMILERU-18-MB,Sriparru,Sreeparru
WG_I_Pedapadu,WG- RAMILERU-18-MB,Manuru,Manuru
WG_I_Pedapadu,WG- RAMILERU-18-MB,Kalakurru,Kalakurru
WG_I_ODJS_TANUKU,TANUKU-MB,Duvva,Tanuku
WG_I_ODJS_TANUKU,TANUKU-MB,Tetali,Tetali
WG_I_ODJS_TANUKU,TANUKU-MB,Tanuku ,Tanuku-1
WG_I_ODJS_TANUKU,TANUKU-MB,Paidiparru,Pydiparru
WG_I_ODJS_TANUKU,TANUKU-MB,Mandapaka,Mandapaka (Rural)
WG_I_ODJS_TANUKU,TANUKU-MB,Velpuru,Velpuru-1
WG_I_ODJS_TANUKU,TANUKU-MB,Komaravaram,Komaravaram-2
WG_I_ODJS_TANUKU,TANUKU-MB,Konala,Konala
WG_I_ODJS_TANUKU,TANUKU-MB,Muddapuram,Muddapuram
WG_I_ODJS_TANUKU,TANUKU-MB,T.Vemavaram,Tanuku Vemavaram
WG_I_ODJS_TANUKU,TANUKU-MB,Sajjapuram,Sajipuram
WG_I_ODJS_UNDRAJAVARAM,UNDRAJAVARAM-MB,Kaldari,Kaldhari
WG_I_ODJS_UNDRAJAVARAM,UNDRAJAVARAM-MB,Velivennu,Velivennu
WG_I_ODJS_UNDRAJAVARAM,UNDRAJAVARAM-MB,Dammennu,Dammennu
WG_I_ODJS_UNDRAJAVARAM,UNDRAJAVARAM-MB,Chilakapadu,Chilakapadu-3
WG_I_ODJS_UNDRAJAVARAM,UNDRAJAVARAM-MB,Pasalapudi,Pasalapudi-1
WG_I_ODJS_UNDRAJAVARAM,UNDRAJAVARAM-MB,Suryaraopalem,Suryaraopalem
WG_I_ODJS_UNDRAJAVARAM,UNDRAJAVARAM-MB,Satyavada,Satyawada
WG_I_ODJS_UNDRAJAVARAM,UNDRAJAVARAM-MB,Morta,Mortha
WG_I_ODJS_UNDRAJAVARAM,UNDRAJAVARAM-MB,Velagadurru,Velagadurru
WG_I_ODJS_UNDRAJAVARAM,UNDRAJAVARAM-MB,Tadiparru,Tadiparru
WG_I_ODJS_UNDRAJAVARAM,UNDRAJAVARAM-MB,Undrajavaram,Undrajavaram-1
WG_I_ODJS_UNDRAJAVARAM,UNDRAJAVARAM-MB,Vadluru,Vadluru
WG_I_ODJS_UNDRAJAVARAM,UNDRAJAVARAM-MB,Chivatam,Chivatam
WG_I_ODJS_UNDRAJAVARAM,UNDRAJAVARAM-MB,K.Savaram,Karravarisavaram
WG_I_ODJS_UNDRAJAVARAM,UNDRAJAVARAM-MB,Palangi,Palangi
WG_I_ODJS_Peravali,PERAVALI-MB,Nadupalli,Nadupalle
WG_I_ODJS_Peravali,PERAVALI-MB,Kanuru,Kanuru-1
WG_I_ODJS_Peravali,PERAVALI-MB,K.Agraharam,Kanuruagraharam
WG_I_ODJS_Peravali,PERAVALI-MB,Usulumarru,Usulumarru
WG_I_ODJS_Peravali,PERAVALI-MB,Teeparru,Teeparru
WG_I_ODJS_Peravali,PERAVALI-MB,Ajjaram,Ajjaram
WG_I_ODJS_Peravali,PERAVALI-MB,Kakaraparru,Kakaraparru
WG_I_ODJS_Peravali,PERAVALI-MB,Peravali ,Peravali-3
WG_I_ODJS_Peravali,PERAVALI-MB,Kapavaram,Kapavaram-5
WG_I_ODJS_Peravali,PERAVALI-MB,Kothapalli,Kothapalle Agraharam-1
WG_I_ODJS_Peravali,PERAVALI-MB,Mukkamala,Mukkamala
WG_I_ODJS_Peravali,PERAVALI-MB,Khandavalli,Khandavalli
WG_I_ODJS_Peravali,PERAVALI-MB,Malleshwaram,Malleswaram-2
WG_I_ODJS_Peravali,PERAVALI-MB,P.Vemavaram,Pittalavemavaram
WG_I_36_Iragavaram,IRAGAVARAM-MB,Relangi,Relangi
WG_I_36_Iragavaram,IRAGAVARAM-MB,Kavalipuram,Kavalipuram
WG_I_36_Iragavaram,IRAGAVARAM-MB,Iragavaram,Iragavaram-1
WG_I_36_Iragavaram,IRAGAVARAM-MB,Ogidi,Ogidi
WG_I_36_Iragavaram,IRAGAVARAM-MB,Eletipadu,Eletipadu
WG_I_36_Iragavaram,IRAGAVARAM-MB,G.Khandrika,Garuvuguntakhandrika
WG_I_36_Iragavaram,IRAGAVARAM-MB,Ithampudi,Itempudi
WG_I_36_Iragavaram,IRAGAVARAM-MB,Inaparu,Inaparru
WG_I_36_Iragavaram,IRAGAVARAM-MB,Kathavapadu,Kathavapadu
WG_I_36_Iragavaram,IRAGAVARAM-MB,Kantheru,Kantheru-1
WG_I_36_Iragavaram,IRAGAVARAM-MB,Kakileru,Kakileru
WG_I_36_Iragavaram,IRAGAVARAM-MB,Kothapadu,Kothapadu
WG_I_36_Iragavaram,IRAGAVARAM-MB,Podalada,Podalada
WG_I_36_Iragavaram,IRAGAVARAM-MB,Pekeru,Pekeru-1
WG_I_36_Iragavaram,IRAGAVARAM-MB,R.Khandrika,Repakakhandrika
WG_I_36_Iragavaram,IRAGAVARAM-MB,K.Kumudavalli,Kannayakumudavalli
WG_I_36_Iragavaram,IRAGAVARAM-MB,Turpuvipparru,Thurupuvipparru
WG_I_36_Iragavaram,IRAGAVARAM-MB,K.Illindalaparru,Kakulaillindalaparru
WG_I_36_Iragavaram,IRAGAVARAM-MB,Goteru,Goteru
WG_I_36_Iragavaram,IRAGAVARAM-MB,Surampudi,Surampudi
WG_I_36_Iragavaram,IRAGAVARAM-MB,Rapaka,Rapaka-1
WG_I_ODJS_Attili,ATTILI-MB,Attili ,Attili-1
WG_I_ODJS_Attili,ATTILI-MB,Pali,Pali
WG_I_ODJS_Attili,ATTILI-MB,Paluru,Paluru-2
WG_I_ODJS_Attili,ATTILI-MB,Kommara,Kommara-1
WG_I_ODJS_Attili,ATTILI-MB,Eduru,Eduru
WG_I_ODJS_Attili,ATTILI-MB,Kanchumarru,Kanchumarru
WG_I_ODJS_Attili,ATTILI-MB,Manchili,Manchili
WG_I_ODJS_Attili,ATTILI-MB,Aravalli,Aravalli
WG_I_ODJS_Attili,ATTILI-MB,Skinnerapuram,Skinnerapuram
WG_I_ODJS_Attili,ATTILI-MB,Unikili,Unikili
WG_I_ODJS_Attili,ATTILI-MB,Varigedu,Varighedu
WG_I_ODJS_Attili,ATTILI-MB,Tirupatipuram,Tirupatipuram
WG_I_ODJS_Attili,ATTILI-MB,Ballipadu,Ballipadu-1
WG_I_ODJS_Attili,ATTILI-MB,Gummampadu,Gummampadu
WG_I_ODJS_Penumantra,PENUMANTRA-MB,S.Illindalaparru,Somarajuillindalaparru
WG_I_ODJS_Penumantra,PENUMANTRA-MB,Mallipudi,Mallipudi
WG_I_ODJS_Penumantra,PENUMANTRA-MB,Natharemeshwaram,Nattarameswaram
WG_I_ODJS_Penumantra,PENUMANTRA-MB,Juttiga,Juttiga
WG_I_ODJS_Penumantra,PENUMANTRA-MB,Neggipudi,Neggipudi
WG_I_ODJS_Penumantra,PENUMANTRA-MB,Satyavaram,Satyavaram-3
WG_I_ODJS_Penumantra,PENUMANTRA-MB,Koyyetipadu,Koyyetipadu
WG_I_ODJS_Penumantra,PENUMANTRA-MB,Penumantra ,Penumantra-1
WG_I_ODJS_Penumantra,PENUMANTRA-MB,Mamuduru,Mamuduru-1
WG_I_ODJS_Penumantra,PENUMANTRA-MB,Polamuru,Polamuru-1
WG_I_ODJS_Penumantra,PENUMANTRA-MB,Batlamaguturu,Bhatlamagutur
WG_I_ODJS_Penumantra,PENUMANTRA-MB,Alamuru,Alamuru-3
WG_I_ODJS_Penumantra,PENUMANTRA-MB,Velagaleru,Velagaleru-2
WG_I_ODJS_Penumantra,PENUMANTRA-MB,Marteru,Marteru
WG_I_ODJS_Penumantra,PENUMANTRA-MB,Oduru,Oduru-2
WG_I_ODJS_Penumantra,PENUMANTRA-MB,Nelamuru,Nelamuru
WG_I_ODJS_Penugonda,PENUGONDA-MB,Vadali,Vadali
WG_I_ODJS_Penugonda,PENUGONDA-MB,Sidhantham,Sidhantham
WG_I_ODJS_Penugonda,PENUGONDA-MB,Elaparru,Ilaparru
WG_I_ODJS_Penugonda,PENUGONDA-MB,Ramannapalem,Ramannapalem-7
WG_I_ODJS_Penugonda,PENUGONDA-MB,Venkatrampuram,Venkatramapuram
WG_I_ODJS_Penugonda,PENUGONDA-MB,Cherukuwada,Cherukuwada
WG_I_ODJS_Penugonda,PENUGONDA-MB,Penugonda ,Penugonda-1
WG_I_ODJS_Penugonda,PENUGONDA-MB,Munamurru,Munamarru
WG_I_ODJS_Penugonda,PENUGONDA-MB,Tamarada,Tamarada
WG_I_ODJS_Penugonda,PENUGONDA-MB,Kotalaparru,Kothalaparru
WG_I_ODJS_Penugonda,PENUGONDA-MB,Nadipudi,Nadipudi
WG_I_ODJS_Penugonda,PENUGONDA-MB,Chinamallam,Chinamallam
WG_I_ODJS_Penugonda,PENUGONDA-MB,Mulaparru,Mulaparru
WG_I_ODJS_Penugonda,PENUGONDA-MB,Deva,Deva
WG_I_ODJS_Achanta,ACHANTA-MB,Achanta,Achanta-1
WG_I_ODJS_Achanta,ACHANTA-MB,Penumanchili,Penumanchili
WG_I_ODJS_Achanta,ACHANTA-MB,Kodamanchili,Kodamanchili
WG_I_ODJS_Achanta,ACHANTA-MB,Pedamallam,Pedamallam
WG_I_ODJS_Achanta,ACHANTA-MB,Koderu,Koderu
WG_I_ODJS_Achanta,ACHANTA-MB,Kandaravalli,Kandaravalli
WG_I_ODJS_Achanta,ACHANTA-MB,Karugoruvilli,Karugorumilli
WG_I_ODJS_Achanta,ACHANTA-MB,Bhimalapuram,Bhimalapuram
WG_I_ODJS_Achanta,ACHANTA-MB,Valluru,Valluru-6
WG_I_ODJS_Achanta,ACHANTA-MB,A.Vemavaram,Achanta Vemavaram
WG_I_ODJS_NIDAMARRU,NIDAMARRU-MB,Nidamarru ,Nidamarru-2
WG_I_ODJS_NIDAMARRU,NIDAMARRU-MB,Chinanindrakolanu,Chinanindrakolanu
WG_I_ODJS_NIDAMARRU,NIDAMARRU-MB,Gunaparru,Gunaparru
WG_I_ODJS_NIDAMARRU,NIDAMARRU-MB,Amudalapalli,Amudalapalle
WG_I_ODJS_NIDAMARRU,NIDAMARRU-MB,Tokalapalli,Thokalapalle
WG_I_ODJS_NIDAMARRU,NIDAMARRU-MB,Bainepalli,Bynepalle
WG_I_ODJS_NIDAMARRU,NIDAMARRU-MB,Devaragopavaram,Devaragopavaram
WG_I_ODJS_NIDAMARRU,NIDAMARRU-MB,Pedanindrakolanu,Pedanindrakolanu
WG_I_ODJS_NIDAMARRU,NIDAMARRU-MB,Narasimhapuram,Narasimhapuram-3
WG_I_ODJS_NIDAMARRU,NIDAMARRU-MB,V.Khandrika,Vipparthikhandrika
WG_I_ODJS_NIDAMARRU,NIDAMARRU-MB,Mandalaparru,Mandalaparru
WG_I_ODJS_NIDAMARRU,NIDAMARRU-MB,Venkatapuram,Venkatapuram-15
WG_I_ODJS_NIDAMARRU,NIDAMARRU-MB,timmaraogudem,Thimmaraogudem
WG_I_ODJS_NIDAMARRU,NIDAMARRU-MB,Adavukolanu,Adavikolanu
WG_I_ODJS_NIDAMARRU,NIDAMARRU-MB,P.Ramachandrapuram,Pedaramachandrapuram
WG_I_ODJS_NIDAMARRU,NIDAMARRU-MB,Naganamilli,Naganamilli
WG_I_ODJS_NIDAMARRU,NIDAMARRU-MB,Buvvanapalli,Buvvanapalle
WG_I_ODJS_NIDAMARRU,NIDAMARRU-MB,Kakaramilli,Kakaramilli
WG_I_ODJS_NIDAMARRU,NIDAMARRU-MB,Enikepali,Enikepalle
WG_I_ODJS_NIDAMARRU,NIDAMARRU-MB,Krishnapuram,Krishnapuram-16
WG_I_ODJS_NIDAMARRU,NIDAMARRU-MB,Sidhapuram,Siddapuram-2
WG_I_ODJS_NIDAMARRU,NIDAMARRU-MB,Chanamilli,Chanamilli
WG_I_ODJS_NIDAMARRU,NIDAMARRU-MB,Bavaipalem,Buvvanapalle
WG_I_ODJS_NIDAMARRU,NIDAMARRU-MB,Krovvidi,Krovvidi
WG_I_ODJS_GANAPAVARAM,GANAPAVARAM-MB,Ganapavaram,Ganapavaram-5
WG_I_ODJS_GANAPAVARAM,GANAPAVARAM-MB,Jagannadhapuram,Jagannadhapuram-9
WG_I_ODJS_GANAPAVARAM,GANAPAVARAM-MB,Saripalli,Saripalle-1
WG_I_ODJS_GANAPAVARAM,GANAPAVARAM-MB,Kothapalli,Kothapalle-25
WG_I_ODJS_GANAPAVARAM,GANAPAVARAM-MB,Varadarajapuram,Varadarajapuram-1
WG_I_ODJS_GANAPAVARAM,GANAPAVARAM-MB,Velagapalli,Velagapalle-2
WG_I_ODJS_GANAPAVARAM,GANAPAVARAM-MB,Valluru,Valluru-5
WG_I_ODJS_GANAPAVARAM,GANAPAVARAM-MB,Vereshwarapuram,Veereswarapuram
WG_I_ODJS_GANAPAVARAM,GANAPAVARAM-MB,Vakapalli,Vakapalle-1
WG_I_ODJS_GANAPAVARAM,GANAPAVARAM-MB, Jali Kommara,Jallikakinada
WG_I_ODJS_GANAPAVARAM,GANAPAVARAM-MB,A.Gopavaram,Agraharagopavaram
WG_I_ODJS_GANAPAVARAM,GANAPAVARAM-MB,muggulla,Muggula
WG_I_ODJS_GANAPAVARAM,GANAPAVARAM-MB,Ardhavaram,Ardhavaram
WG_I_ODJS_GANAPAVARAM,GANAPAVARAM-MB,Pippara,Pippara-1
WG_I_ODJS_GANAPAVARAM,GANAPAVARAM-MB,Venkatrajapuram,Venkatrajapuram
WG_I_ODJS_GANAPAVARAM,GANAPAVARAM-MB,J.kakinada,Jallikakinada
WG_I_ODJS_GANAPAVARAM,GANAPAVARAM-MB,Kesavaram,Kesavaram-5
WG_I_ODJS_GANAPAVARAM,GANAPAVARAM-MB,Kasipadu,Kasipadu-1
WG_I_ODJS_GANAPAVARAM,GANAPAVARAM-MB,Ch.Agraharam,Cherukuganuma Agraharam
WG_I_ODJS_GANAPAVARAM,GANAPAVARAM-MB,Ch.Ramachandrapuram,Chinaramachandrapuram
WG_I_ODJS_GANAPAVARAM,GANAPAVARAM-MB,Moyyeru,Moyyeru
WG_I_ODJS_GANAPAVARAM,GANAPAVARAM-MB,D.Kumudavalli,Dasulakumudavalli
WG_I_ODJS_GANAPAVARAM,GANAPAVARAM-MB,Komarru,Komarru
WG_I_ODJS_GANAPAVARAM,GANAPAVARAM-MB,Mupparthipadu,Mupparthipadu
WG_I_ODJS_GANAPAVARAM,GANAPAVARAM-MB,S.Kondepadu,Seethalamkonde Padu
WG_I_ODJS_Pentapadu,PENTAPADU-MB,Pentapadu ,Pentapadu-2
WG_I_ODJS_Pentapadu,PENTAPADU-MB,D.Ch.Khandrika,Devaracheruvukhandrika
WG_I_ODJS_Pentapadu,PENTAPADU-MB,Umamaheshwaram,Umamaheswaram
WG_I_ODJS_Pentapadu,PENTAPADU-MB,Jatlapalem,Jatlapalem
WG_I_ODJS_Pentapadu,PENTAPADU-MB,Bodapadu,Bodapadu-1
WG_I_ODJS_Pentapadu,PENTAPADU-MB,Mudunuru,Mudunuru
WG_I_ODJS_Pentapadu,PENTAPADU-MB,Akutigapadu,Akuteegapadu
WG_I_ODJS_Pentapadu,PENTAPADU-MB,Parimella,Parimella
WG_I_ODJS_Pentapadu,PENTAPADU-MB,K.Pentapadu,Kaspapentapadu
WG_I_ODJS_Pentapadu,PENTAPADU-MB,Yanalapalli,Yanalapalle
WG_I_ODJS_Pentapadu,PENTAPADU-MB,N.Apparaopuram,Narasimha Apparaopuram
WG_I_ODJS_Pentapadu,PENTAPADU-MB,W.Vipparru,Padamara Vipparru
WG_I_ODJS_Pentapadu,PENTAPADU-MB,Recharla,Racharla-1
WG_I_ODJS_Pentapadu,PENTAPADU-MB,Vallurupalli,Vallurupalle-1
WG_I_ODJS_Pentapadu,PENTAPADU-MB,Alampuram,Alampuram
WG_I_ODJS_Pentapadu,PENTAPADU-MB,Ravipadu,Ravipadu-6
WG_I_ODJS_Pentapadu,PENTAPADU-MB,chintapalli,Chintapalle-4
WG_I_ODJS_Pentapadu,PENTAPADU-MB,Meenavalluru,Meena Valluru
WG_I_ODJS_Pentapadu,PENTAPADU-MB,Korumilli,Korumilli-1
WG_I_ODJS_Pentapadu,PENTAPADU-MB,B.kondepadu,B.Kondepadu
WG_I_ODJS_Pentapadu,PENTAPADU-MB,Prathipadu,Prathipadu-3
WG_I_ODJS_Pentapadu,PENTAPADU-MB,Darsiparru,Darsiparru (R)
WG_I_ODJS_Undi,UNDI-MB,Undi ,Undi-1
WG_I_ODJS_Undi,UNDI-MB,Chilukuru,Chilukuru-1
WG_I_ODJS_Undi,UNDI-MB,Mahadevapatnam,Mahadevapatnam
WG_I_ODJS_Undi,UNDI-MB,Velivarru,Velivarru
WG_I_ODJS_Undi,UNDI-MB,N.R.P. Agraharam,Narasimharajapura Agraharam
WG_I_ODJS_Undi,UNDI-MB,Yandagandi,Yendagandi-1
WG_I_ODJS_Undi,UNDI-MB,Vunudurru,Unudurru
WG_I_ODJS_Undi,UNDI-MB,Pedapulleru,Pedapulleru
WG_I_ODJS_Undi,UNDI-MB,Chinapulleru,Chinapulluru
WG_I_ODJS_Undi,UNDI-MB,Vandrum,Vandrum
WG_I_ODJS_Undi,UNDI-MB,Cherukuvada,Cherukuwada-1
WG_I_ODJS_Undi,UNDI-MB,Kalisipudi,Kalisipudi
WG_I_ODJS_Undi,UNDI-MB,Arthamuru,Arthamuru-2
WG_I_ODJS_Undi,UNDI-MB,Pamulaparru,Pamulaparru
WG_I_ODJS_Undi,UNDI-MB,Kolamuru,Kolamuru-1
WG_I_ODJS_Undi,UNDI-MB,Uppuluru,Uppuluru
WG_I_ODJS_Undi,UNDI-MB,Pamduvva,Panduvva
WG_I_ODJS_Undi,UNDI-MB,P.Khandrika,Panduvvakhandrika
WG_I_ODJS_Undi,UNDI-MB,Aredu,Aredu
WG_I_ODJS_Undi,UNDI-MB,Kaligotla,Kaligotla
WG_I_ODJS_AKIVEEDU,AKIVEEDU-MB,Akiveedu,Akividu
WG_I_ODJS_AKIVEEDU,AKIVEEDU-MB,Dumpagadapa,Dumpagadapa
WG_I_ODJS_AKIVEEDU,AKIVEEDU-MB,Sidhapuram,Siddapuram-3
WG_I_ODJS_AKIVEEDU,AKIVEEDU-MB,Arjamuru,Ajjamuru
WG_I_ODJS_AKIVEEDU,AKIVEEDU-MB,Kollaparru,Kollaparru
WG_I_ODJS_AKIVEEDU,AKIVEEDU-MB,Kolleru,Kolleru
WG_I_ODJS_AKIVEEDU,AKIVEEDU-MB,I.Bhimavaram,A.I.Bheemavaram
WG_I_ODJS_AKIVEEDU,AKIVEEDU-MB,Cherukumilli,Cherukumilli-1
WG_I_ODJS_AKIVEEDU,AKIVEEDU-MB,Kuppanapudi,Kuppanapudi
WG_I_ODJS_AKIVEEDU,AKIVEEDU-MB,Taratava,Taratava
WG_I_ODJS_AKIVEEDU,AKIVEEDU-MB,Gummuluru,Gummuluru-1
WG_I_ODJS_AKIVEEDU,AKIVEEDU-MB,Chinakapavaram,Chinakapavaram
WG_I_ODJS_AKIVEEDU,AKIVEEDU-MB,Pedakapavaram,Pedakapavaram
WG_I_ODJS_AKIVEEDU,AKIVEEDU-MB,Dharmapuram,Dharmapuram-4
WG_I_ODJS_AKIVEEDU,AKIVEEDU-MB,Madiwada,Madivada
WG_I_36_KALLA,KALLA-MB,Kalla,Kalla-1
WG_I_36_KALLA,KALLA-MB,Kallakuru,Kallakuru
WG_I_36_KALLA,KALLA-MB,Dodanapudi,Doddanapudi
WG_I_36_KALLA,KALLA-MB,Seesali,Seesali
WG_I_36_KALLA,KALLA-MB,Bondada,Bondada
WG_I_36_KALLA,KALLA-MB,Jakkaram,Jakkaram-1
WG_I_36_KALLA,KALLA-MB,Kolanapalli,Kolanapalle
WG_I_36_KALLA,KALLA-MB,Kopalli,Kopalle-1
WG_I_36_KALLA,KALLA-MB,Pedamiram,Pedamiram
WG_I_36_KALLA,KALLA-MB,Vempadu,Vempadu-8
WG_I_36_KALLA,KALLA-MB,Pratallameraka,Prathallameraka
WG_I_36_KALLA,KALLA-MB,Kalavapudi,Kalavapudi
WG_I_36_KALLA,KALLA-MB,Elurupadu,Elurupadu
WG_I_ODJS_Bhimavaram,BHEEMAVARAM-MB,Bhimavaram ,Bhimavaram (Rural)
WG_I_ODJS_Bhimavaram,BHEEMAVARAM-MB,Bethapudi,Bethapudi-1
WG_I_ODJS_Bhimavaram,BHEEMAVARAM-MB,Taderu,Taderu
WG_I_ODJS_Bhimavaram,BHEEMAVARAM-MB,Annavaram,Annavaram-9
WG_I_ODJS_Bhimavaram,BHEEMAVARAM-MB,Anakoderu,Anakoderu
WG_I_ODJS_Bhimavaram,BHEEMAVARAM-MB,Rayalam,Rayalam (Rural)
WG_I_ODJS_Bhimavaram,BHEEMAVARAM-MB,komarada,Komarada-1
WG_I_ODJS_Bhimavaram,BHEEMAVARAM-MB,Kovada,Kovvada-2
WG_I_ODJS_Bhimavaram,BHEEMAVARAM-MB,Narsimhapuram,Narasimhapuram-4
WG_I_ODJS_Bhimavaram,BHEEMAVARAM-MB,L.Gutlapadu,Losarigutlapadu
WG_I_ODJS_Bhimavaram,BHEEMAVARAM-MB,Dirsumarru,Dirusumarru
WG_I_ODJS_Bhimavaram,BHEEMAVARAM-MB,Yanamadru,Yenamadurru
WG_I_ODJS_Bhimavaram,BHEEMAVARAM-MB,Chinamiram,Chinamiram (Rural)
WG_I_ODJS_Bhimavaram,BHEEMAVARAM-MB,Vempa,Vempa
WG_I_ODJS_Bhimavaram,BHEEMAVARAM-MB,Tundurru,Tundurru
WG_I_ODJS_Bhimavaram,BHEEMAVARAM-MB,Gunupudi,Gunupudi-2
WG_I_ODJS_Palakoderu,PALAKODERU-MB,Palakoderu,Palakoderu-1
WG_I_ODJS_Palakoderu,PALAKODERU-MB,Vissakoderu,Vissakoderu
WG_I_ODJS_Palakoderu,PALAKODERU-MB,Kumudavalli,Kumudavalli
WG_I_ODJS_Palakoderu,PALAKODERU-MB,Pennada,Pennada Agraharam
WG_I_ODJS_Palakoderu,PALAKODERU-MB,Goraganamudi,Goraganamudi
WG_I_ODJS_Palakoderu,PALAKODERU-MB,Vendra,Vendra-1
WG_I_ODJS_Palakoderu,PALAKODERU-MB,Vendra agraharam,Vendra Agraharam
WG_I_ODJS_Palakoderu,PALAKODERU-MB,Kondepudi,Kondepudi-1
WG_I_ODJS_Palakoderu,PALAKODERU-MB,Shrungavruksham,Srungavruksham-1
WG_I_ODJS_Palakoderu,PALAKODERU-MB,Mogallu,Mogallu
WG_I_ODJS_Palakoderu,PALAKODERU-MB,Korukollu,Korukollu
WG_I_ODJS_Palakoderu,PALAKODERU-MB,Maipa,Mypa
WG_I_ODJS_Palakoderu,PALAKODERU-MB,Garagaparru,Garagaparru
WG_I_ODJS_Palakoderu,PALAKODERU-MB,Gollakoderu,Gollalakoderu
WG_I_ODJS_VEERAVASARAM,VEERAVASARAM-MB,Veeravasavam ,Veeravasaram-1
WG_I_ODJS_VEERAVASARAM,VEERAVASARAM-MB,Nouduru,Navuduru
WG_I_ODJS_VEERAVASARAM,VEERAVASARAM-MB,Andaluru,Andaluru
WG_I_ODJS_VEERAVASARAM,VEERAVASARAM-MB,Konithivada,Konithiwada
WG_I_ODJS_VEERAVASARAM,VEERAVASARAM-MB,M.Polavaram,Madugupolavaram
WG_I_ODJS_VEERAVASARAM,VEERAVASARAM-MB,Nelapogula,Nelapogula
WG_I_ODJS_VEERAVASARAM,VEERAVASARAM-MB,P.Vemavaram,Panjavemavaram
WG_I_ODJS_VEERAVASARAM,VEERAVASARAM-MB,Tokalapudi,Thokalapudi-1
WG_I_ODJS_VEERAVASARAM,VEERAVASARAM-MB,Rayakuduru,Rayakuduru
WG_I_ODJS_VEERAVASARAM,VEERAVASARAM-MB,Toleru,Tholeru
WG_I_ODJS_VEERAVASARAM,VEERAVASARAM-MB,Bobbanavali,Bobbanapalle
WG_I_ODJS_VEERAVASARAM,VEERAVASARAM-MB,Mentepudi,Mentepudi
WG_I_ODJS_VEERAVASARAM,VEERAVASARAM-MB,Matsyapuri,Machipuri
WG_I_ODJS_VEERAVASARAM,VEERAVASARAM-MB,Matsyapuri Palem,Machipuripalem
WG_I_36_PODURU,PODURU-MB,Panditavilluru,Pandithavilluru
WG_I_36_PODURU,PODURU-MB,Jagannadhapuram,Jagannadhapuram-10
WG_I_36_PODURU,PODURU-MB,kavitam,Kavitam
WG_I_36_PODURU,PODURU-MB,Poduru ,Poduru-2
WG_I_36_PODURU,PODURU-MB,Miniminchinipadu,Miniminchilipadu
WG_I_36_PODURU,PODURU-MB,Vaddiparru,Vaddiparru-1
WG_I_36_PODURU,PODURU-MB,Gummuluru,Gummaluru
WG_I_36_PODURU,PODURU-MB,Ravipadu,Ravipadu-7
WG_I_36_PODURU,PODURU-MB,Penumadam,Penumadam
WG_I_36_PODURU,PODURU-MB,Mattaparu,Mettaparru
WG_I_36_PODURU,PODURU-MB,Vedangi,Vedangi
WG_I_36_PODURU,PODURU-MB,P.Polavaram,Pemmarajupolavaram
WG_I_36_PODURU,PODURU-MB,Kommuchikkala,Kommuchikkala
WG_I_36_PODURU,PODURU-MB,Jinnuru,Jinnuru
WG_I_ODJS_Palakollu,PALACOLE-MB,Aratlakatla,Aratlakatla
WG_I_ODJS_Palakollu,PALACOLE-MB,Palamooru,Palamuru
WG_I_ODJS_Palakollu,PALACOLE-MB,S. Chikkala,Sivadevunichikkala
WG_I_ODJS_Palakollu,PALACOLE-MB,Ballipadu,Ballipadu-2
WG_I_ODJS_Palakollu,PALACOLE-MB,Daggulooru,Dagguluru
WG_I_ODJS_Palakollu,PALACOLE-MB,Chintaparru,Chintaparru
WG_I_ODJS_Palakollu,PALACOLE-MB,Kapavaram,Kapavaram-6
WG_I_ODJS_Palakollu,PALACOLE-MB,Ullamparru,Ullamparru
WG_I_ODJS_Palakollu,PALACOLE-MB,Palakollu ,Palacole (Rural)
WG_I_ODJS_Palakollu,PALACOLE-MB,Poolapalli,Poolapalle
WG_I_ODJS_Palakollu,PALACOLE-MB,Lankalakoderu,Lankalakoderu
WG_I_ODJS_Palakollu,PALACOLE-MB,Tillapudi,Tillapudi
WG_I_ODJS_Palakollu,PALACOLE-MB,Velevela,Velivela
WG_I_ODJS_Palakollu,PALACOLE-MB,Agarrru,Agarru
WG_I_ODJS_Palakollu,PALACOLE-MB,Chandaparru,Chandaparru
WG_I_ODJS_Palakollu,PALACOLE-MB,Gorintada,Gorintada
WG_I_ODJS_Palakollu,PALACOLE-MB,Digamarru,Digamarru
WG_I_ODJS_Palakollu,PALACOLE-MB,Varidhanam,Varidhanam
WG_I_ODJS_Palakollu,PALACOLE-MB,Pedamamidipalli,Pedamamidipalle
WG_I_ODJS_Yelamanchili,YELAMANCHILI-MB,Burugupalli,Burugupalle
WG_I_ODJS_Yelamanchili,YELAMANCHILI-MB,Doddipatla,Doddipatla-1
WG_I_ODJS_Yelamanchili,YELAMANCHILI-MB,Ilapakurru,Ilapakurru
WG_I_ODJS_Yelamanchili,YELAMANCHILI-MB,Siragalapalli,Siragalapalle
WG_I_ODJS_Yelamanchili,YELAMANCHILI-MB,Neredumilli,Neredumilli
WG_I_ODJS_Yelamanchili,YELAMANCHILI-MB,Medapadu,Medapadu
WG_I_ODJS_Yelamanchili,YELAMANCHILI-MB,Kontheru,Kontheru
WG_I_ODJS_Yelamanchili,YELAMANCHILI-MB,Kaza,Kaza-2
WG_I_ODJS_Yelamanchili,YELAMANCHILI-MB,Utada,Utada
WG_I_ODJS_Yelamanchili,YELAMANCHILI-MB,Yalamanchili ,Yelamanchili-1
WG_I_ODJS_Yelamanchili,YELAMANCHILI-MB,Chinchinada,Chinchinada
WG_I_ODJS_Yelamanchili,YELAMANCHILI-MB,Kalagampudi,Kalagampudi
WG_I_ODJS_Yelamanchili,YELAMANCHILI-MB,Y.V.Lanka,Yenuguvanilanka
WG_I_ODJS_Yelamanchili,YELAMANCHILI-MB,Gumparru,Gumparru
WG_I_ODJS_Yelamanchili,YELAMANCHILI-MB,Penumarru,Penumarru
WG_I_ODJS_Narasapuram,NARASAPURAM-MB,Navarasapuram,Navarasapuram
WG_I_ODJS_Narasapuram,NARASAPURAM-MB,Gondi,Gondi
WG_I_ODJS_Narasapuram,NARASAPURAM-MB,Chittavaram,Chittavaram
WG_I_ODJS_Narasapuram,NARASAPURAM-MB,Chinamamidipalli,Chinamamidipalle (Rural)
WG_I_ODJS_Narasapuram,NARASAPURAM-MB,Saripalli,Saripalle-2
WG_I_ODJS_Narasapuram,NARASAPURAM-MB,Likhitapudi,Likhithapudi
WG_I_ODJS_Narasapuram,NARASAPURAM-MB,Mallavaram,Mallavaram-10
WG_I_ODJS_Narasapuram,NARASAPURAM-MB,K.Bethapudi,Kamsalibethapudi
WG_I_ODJS_Narasapuram,NARASAPURAM-MB,Kopparru,Kopparru-1
WG_I_ODJS_Narasapuram,NARASAPURAM-MB,Rustumbada,Rustumbada (Rural)
WG_I_ODJS_Narasapuram,NARASAPURAM-MB,Narsapuram ,NARSAPUR (Rural)
WG_I_ODJS_Narasapuram,NARASAPURAM-MB,Madhavaipalem,Madhavaripalem
WG_I_ODJS_Narasapuram,NARASAPURAM-MB,Sitarampuram,Seetharamapuram-2
WG_I_ODJS_Narasapuram,NARASAPURAM-MB,L.B.Charla,Lingana Boinacherla
WG_I_ODJS_Narasapuram,NARASAPURAM-MB,Lakshmaneshwaram,Lakshmaneswaram
WG_I_ODJS_Narasapuram,NARASAPURAM-MB,Vemuladevi,Vemuladeevi
WG_I_ODJS_Narasapuram,NARASAPURAM-MB,Turputallu,Thurputallu-1
WG_I_ODJS_Mogalturu,MOGALTHUR-MB,Mogalturu,Mogalthur-1
WG_I_ODJS_Mogalturu,MOGALTHUR-MB,Seripalem,Seripalem
WG_I_ODJS_Mogalturu,MOGALTHUR-MB,Kalipatnam,Kalipatnam-1
WG_I_ODJS_Mogalturu,MOGALTHUR-MB,Mutyalapalli,Mutyalapalle
WG_I_ODJS_Mogalturu,MOGALTHUR-MB,K.P.Palem,Kummarapurugupalem
WG_I_ODJS_Mogalturu,MOGALTHUR-MB,Perupalem,Perupalem
WG_I_YARRAKALVA-1_T. NARASAPURAM,WG- YARRAKALAVA-1-02-MB,Allipalli,Allipalle
WG_I_YARRAKALVA-1_T. NARASAPURAM,WG- YARRAKALAVA-1-02-MB,Chintampalli,Chintampalle
WG_I_YARRAKALVA-1_T. NARASAPURAM,WG- YARRAKALAVA-1-02-MB,Ganijarla  ,Ganijerla
WG_I_YARRAKALVA-1_T. NARASAPURAM,WG- YARRAKALAVA-1-02-MB,Gonnepalli,Gonnepalle
WG_I_YARRAKALVA-1_T. NARASAPURAM,WG- YARRAKALAVA-1-02-MB,Gopalapuram,Gopalapuram-7
WG_I_YARRAKALVA-1_T. NARASAPURAM,WG- YARRAKALAVA-1-02-MB,Gudipadukhandrika,Gudipadukhandrika
WG_I_YARRAKALVA-1_T. NARASAPURAM,WG- YARRAKALAVA-1-02-MB,Kantampalem,Kantampalem
WG_I_YARRAKALVA-1_T. NARASAPURAM,WG- YARRAKALAVA-1-02-MB,Laxminarsimhapuram,Lakshminarasimhapuram
WG_I_YARRAKALVA-1_T. NARASAPURAM,WG- YARRAKALAVA-1-02-MB,Maddimattinagudem,Maddimethinagudem
WG_I_YARRAKALVA-1_T. NARASAPURAM,WG- YARRAKALAVA-1-02-MB,Namavaram,Namavaram-1
WG_I_YARRAKALVA-1_T. NARASAPURAM,WG- YARRAKALAVA-1-02-MB,Pattaigudem,Pattayagudem
WG_I_YARRAKALVA-1_T. NARASAPURAM,WG- YARRAKALAVA-1-02-MB,Rangapuram khandrika,Rangapuram Khandrika
WG_I_YARRAKALVA-1_T. NARASAPURAM,WG- YARRAKALAVA-1-02-MB,Recharla,Recharla
WG_I_YARRAKALVA-1_T. NARASAPURAM,WG- YARRAKALAVA-1-02-MB,Settivarigudem,Settivarigudem
WG_I_YARRAKALVA-1_T. NARASAPURAM,WG- YARRAKALAVA-1-02-MB,Sitanagaram,Seethanagaram-1
WG_I_YARRAKALVA-1_T. NARASAPURAM,WG- YARRAKALAVA-1-02-MB,Tigalavancha,Teegalavancha
WG_I_YARRAKALVA-1_T. NARASAPURAM,WG- YARRAKALAVA-1-02-MB,Utasamudram,Utasamudram
WG_I_YARRAKALVA-1_T. NARASAPURAM,WG- YARRAKALAVA-1-02-MB,Venkatadrigudem,Venkatadrigudem
WG_I_YARRAKALVA-1_T. NARASAPURAM,WG- YARRAKALAVA-1-02-MB,Venkatapuram,Venkatapuram-12
WG_I_YARRAKALVA-1_T. NARASAPURAM,WG- YARRAKALAVA-1-02-MB,Earraguntapalli,Erraguntapalle
WG_I_YARRAKALVA-1_T. NARASAPURAM,WG- YARRAKALAVA-1-02-MB,Bandamcharla,Bandamcherla
WG_I_YARRAKALVA-1_T. NARASAPURAM,WG- YARRAKALAVA-1-02-MB,Borrampalem ,Borrampalem-1
WG_I_YARRAKALVA-1_T. NARASAPURAM,WG- YARRAKALAVA-1-02-MB,Epigunta  ,Epigunta
WG_I_YARRAKALVA-1_T. NARASAPURAM,WG- YARRAKALAVA-1-02-MB,Ramannapalem ,Ramannapalem-5
WG_I_YARRAKALVA-1_T. NARASAPURAM,WG- YARRAKALAVA-1-02-MB,T.Narsapuram ,T.narasapuram
WG_I_YARRAKALVA-1_T. NARASAPURAM,WG- YARRAKALAVA-1-02-MB,Tirumaladevipeta,Tirumaladevi peta
WG_I_YARRAKALVA-1_T. NARASAPURAM,WG- YARRAKALAVA-1-02-MB,Velagapadu,Velagapadu-1
WG_I_YARRAKALVA-1_T. NARASAPURAM,WG- YARRAKALAVA-1-02-MB,Guruvaigudem,Guravaigudem
WG_I_YARRAKALVA-1_T. NARASAPURAM,WG- YARRAKALAVA-1-02-MB,Vallampatla,Vallampatla-1
WG_I_Jalavagu_Makkinavarigudem,WG- JALAVAGU-04-MB,A. Polavaram,Ayyavaripolavaram
WG_I_Jalavagu_Makkinavarigudem,WG- JALAVAGU-04-MB,Barrinkalapadu,Barrinkalapadu
WG_I_Jalavagu_Makkinavarigudem,WG- JALAVAGU-04-MB,Danamvarigudem,Danamvarigudem
WG_I_Jalavagu_Makkinavarigudem,WG- JALAVAGU-04-MB,Darbhagudem,Darbhagudem
WG_I_Jalavagu_Makkinavarigudem,WG- JALAVAGU-04-MB,Datlavarigudem,Datlavarigudem
WG_I_Jalavagu_Makkinavarigudem,WG- JALAVAGU-04-MB,Jeelugumilli,Jeelugu Milli
WG_I_Jalavagu_Makkinavarigudem,WG- JALAVAGU-04-MB,Kandrikapadu,Khandrikapadu
WG_I_Jalavagu_Makkinavarigudem,WG- JALAVAGU-04-MB,Madakamvarigudem,Madakamvarigudem
WG_I_Jalavagu_Makkinavarigudem,WG- JALAVAGU-04-MB,Nersugudem,Nersu Gudem
WG_I_Jalavagu_Makkinavarigudem,WG- JALAVAGU-04-MB,P.Rajavaram,Palacherla Rajavaram
WG_I_Jalavagu_Makkinavarigudem,WG- JALAVAGU-04-MB,Ramannapalem,Ramannapalem-4
WG_I_Jalavagu_Makkinavarigudem,WG- JALAVAGU-04-MB,Tatiyakulagudem,Tatiyakulagudem
WG_I_Jalavagu_Makkinavarigudem,WG- JALAVAGU-04-MB,Vankavarigudem,Vankavarigudem
WG_I_Jalavagu_Makkinavarigudem,WG- JALAVAGU-04-MB,Appalarajugudem,Appalarajugudem
WG_I_Jalavagu_Makkinavarigudem,WG- JALAVAGU-04-MB,Bandivarigudem ,Bandivarigudem
WG_I_Jalavagu_Makkinavarigudem,WG- JALAVAGU-04-MB,Makkinavarigudem,Makkinavarigudem
WG_I_Jalavagu_Makkinavarigudem,WG- JALAVAGU-04-MB,Kollivarigudem,Kollivarigudem
WG_I_Jalavagu_Makkinavarigudem,WG- JALAVAGU-04-MB,Vakalapudi,Vakalapudi
WG_I_Jalavagu_Makkinavarigudem,WG- JALAVAGU-04-MB,Krishnapuram,Krishnapuram-14
WG_I_Jalleru_Jeelugumilli,WG-JALLERU-05-MB,Aliveru,Aliveru
WG_I_Jalleru_Jeelugumilli,WG-JALLERU-05-MB,Antarvedigudem,Antarvedigudem
WG_I_Jalleru_Jeelugumilli,WG-JALLERU-05-MB,Busarajupalli,Busarajupalle
WG_I_Jalleru_Jeelugumilli,WG-JALLERU-05-MB,Chamanapalli,Chamanapalle
WG_I_Jalleru_Jeelugumilli,WG-JALLERU-05-MB,Doramamidi,Doramamidi-3
WG_I_Jalleru_Jeelugumilli,WG-JALLERU-05-MB,Jaggisettigudem,Jaggisetti Gudem
WG_I_Jalleru_Jeelugumilli,WG-JALLERU-05-MB,Korasavarigudem,Korsavarigudem
WG_I_Jalleru_Jeelugumilli,WG-JALLERU-05-MB,Ganapavaram,Ganapavaram-4
WG_I_Jalleru_Jeelugumilli,WG-JALLERU-05-MB,Jainavarigudem,Jainavarigudem
WG_I_Jalleru_Jeelugumilli,WG-JALLERU-05-MB,Seetharamanagaram,Seetarama Nagaram
WG_I_Jalleru_Jeelugumilli,WG-JALLERU-05-MB,Buttayagudem,Buttayagudem-1
WG_I_Jalleru_Jeelugumilli,WG-JALLERU-05-MB,Chakradevarapalli,Chakradevarapalle
WG_I_Jalleru_Jeelugumilli,WG-JALLERU-05-MB,Maisannagudem ,Mysanagudem
WG_I_Jalleru_Jeelugumilli,WG-JALLERU-05-MB,Matannagudem-1,Mathanagudem-1
WG_I_Jalleru_Jeelugumilli,WG-JALLERU-05-MB,Matannagudem-2,Mathanagudem-2
WG_I_Jalleru_Jeelugumilli,WG-JALLERU-05-MB,Pattennapalem,Pattenapalem
WG_I_Jalleru_Jeelugumilli,WG-JALLERU-05-MB,Pullepudi  ,Pullepudi
WG_I_Jalleru_Jeelugumilli,WG-JALLERU-05-MB,Taduvai,Taduvai
WG_I_Jalleru_Jeelugumilli,WG-JALLERU-05-MB,Vegavaram,Vegavaram
WG_I_Jalleru_Jeelugumilli,WG-JALLERU-05-MB,Peddipalli,Peddipalle-1
WG_I_Jalleru_Jeelugumilli,WG-JALLERU-05-MB,R. Ch. Gudem,Ramacharlagudem
WG_I_Jalleru_Jeelugumilli,WG-JALLERU-05-MB,Akkampeta,Akkampeta-2
WG_I_Jalleru_Jeelugumilli,WG-JALLERU-05-MB,Ankannagudem,Ankanna Gudem
WG_I_Jalleru_Jeelugumilli,WG-JALLERU-05-MB,Gangannagudem ,Gangannagudem
WG_I_Jalleru_Jeelugumilli,WG-JALLERU-05-MB,Mulagalampalli,Mulagalampalle
WG_I_Jalleru_Jeelugumilli,WG-JALLERU-05-MB,P. Narayanapuram,Parimpudi Narayanapuram
WG_I_Jalleru_Jeelugumilli,WG-JALLERU-05-MB,Routugudem ,Rowthugudem
WG_I_Jalleru_Jeelugumilli,WG-JALLERU-05-MB,Swarnavarigudem ,Swarnavarigudem
WG_I_Jalleru_Jeelugumilli,WG-JALLERU-05-MB,Kammayyapalem,Kamayya Palem
WG_I_Jalleru_Jeelugumilli,WG-JALLERU-05-MB,Gopalapuram,Gopalapuram-5
WG_I_Jalleru_Jeelugumilli,WG-JALLERU-05-MB,Tatiramudugudem,Thatiramudu Gudem
WG_I_Jalleru_Jeelugumilli,WG-JALLERU-05-MB,Jillelagudem,Jillellagudem
WG_I_Jalleru_Jeelugumilli,WG-JALLERU-05-MB,Bottappagudem,Bothappa Gudem
WG_I_Jalleru_Jeelugumilli,WG-JALLERU-05-MB,P. Ankampalem,Ankampalem-1
WG_I_Jalleru_Jeelugumilli,WG-JALLERU-05-MB,Lankalapalli,Lankalapalle
WG_I_Jalleru_Jeelugumilli,WG-JALLERU-05-MB,Rachannagudem,Rachannagudem
WG_I_Jalleru_Jeelugumilli,WG-JALLERU-05-MB,Jagannadhapuram,Jagannadhapuram-4
WG_I_Jalleru_Jeelugumilli,WG-JALLERU-05-MB,Puchikapadu,Puchikapadu
WG_I_Jalleru_Jeelugumilli,WG-JALLERU-05-MB,Veerampalem,Veerampalem
WG_I_Baineru_Jangareddiguedem,WG- BAINERU-06-MB,Jangareddigudem,Guravaigudem-1
WG_I_Baineru_Jangareddiguedem,WG- BAINERU-06-MB,Tirumalapuram,Tirumalapuram-1
WG_I_Baineru_Jangareddiguedem,WG- BAINERU-06-MB,Srinivasapuram,Sreenivasapuram-1
WG_I_Baineru_Jangareddiguedem,WG- BAINERU-06-MB,Guruvaigudem,Guravaigudem-1
WG_I_Baineru_Jangareddiguedem,WG- BAINERU-06-MB,Pangidigudem,Pangidigudem-2
WG_I_Baineru_Jangareddiguedem,WG- BAINERU-06-MB,Kotrupalli,Kotrupalle
WG_I_Baineru_Jangareddiguedem,WG- BAINERU-06-MB,Lakshmudugudem,Lakshmudugudem
WG_I_Baineru_Jangareddiguedem,WG- BAINERU-06-MB,Marlagudem,Marlagudem
WG_I_Baineru_Jangareddiguedem,WG- BAINERU-06-MB,Nagampalem,Nagampalem
WG_I_Baineru_Jangareddiguedem,WG- BAINERU-06-MB,Dandipudi,Dandipudi
WG_I_Baineru_Jangareddiguedem,WG- BAINERU-06-MB,Chintalagudem,Chintalagudem-1
WG_I_Baineru_Jangareddiguedem,WG- BAINERU-06-MB,Mangayyapalem,Mangaiah Palem
WG_I_Baineru_Jangareddiguedem,WG- BAINERU-06-MB,Ramannagudem,Ramannagudem
WG_I_Baineru_Jangareddiguedem,WG- BAINERU-06-MB,Nimmalagudem,Nimmalagudem
WG_I_Turpukalva_K.R.PURAM,WG-TURPUKALAVA-07-MB,Achaiahpalem,Atchiahpalem
WG_I_Turpukalva_K.R.PURAM,WG-TURPUKALAVA-07-MB,Ammapalem,Ammapalem-2
WG_I_Turpukalva_K.R.PURAM,WG-TURPUKALAVA-07-MB,K.Kannappagudem,Kurasakannappagudem
WG_I_Turpukalva_K.R.PURAM,WG-TURPUKALAVA-07-MB,K.R.Puram ,Kotaramachandrapuram
WG_I_Turpukalva_K.R.PURAM,WG-TURPUKALAVA-07-MB,Ragappagudem,Ragappagudem
WG_I_Turpukalva_K.R.PURAM,WG-TURPUKALAVA-07-MB,Ravvarigudem ,Ravvarigudem
WG_I_Turpukalva_K.R.PURAM,WG-TURPUKALAVA-07-MB,Palakunta,Palakunta
WG_I_Turpukalva_K.R.PURAM,WG-TURPUKALAVA-07-MB,Puliramudugudem,Puliramudugudem
WG_I_Turpukalva_K.R.PURAM,WG-TURPUKALAVA-07-MB,Itikulakota,Itikalakunta
WG_I_Turpukalva_K.R.PURAM,WG-TURPUKALAVA-07-MB,Merkagudem,Merakagudem
WG_I_Turpukalva_K.R.PURAM,WG-TURPUKALAVA-07-MB,Cheemalavarigudem,Cheemalavarigudem
WG_I_Turpukalva_K.R.PURAM,WG-TURPUKALAVA-07-MB,Bandarlagudem,Bandarlagudem
WG_I_Turpukalva_K.R.PURAM,WG-TURPUKALAVA-07-MB,Pandugudem,Pandugudem
WG_I_Turpukalva_K.R.PURAM,WG-TURPUKALAVA-07-MB,Bottappagudem,Bothappagudem
WG_I_Turpukalva_K.R.PURAM,WG-TURPUKALAVA-07-MB,Gunjavaram,Gunjavaram
WG_I_Turpukalva_K.R.PURAM,WG-TURPUKALAVA-07-MB,Koyyarajamundry,Koyarajahmundry
WG_I_Turpukalva_K.R.PURAM,WG-TURPUKALAVA-07-MB,Ramannapalem,Ramannapalem-3
WG_I_Turpukalva_K.R.PURAM,WG-TURPUKALAVA-07-MB,Khadrikagudem,Khandrikagudem
WG_I_Turpukalva_K.R.PURAM,WG-TURPUKALAVA-07-MB,Yerraigudem,Yerrayagudem
WG_I_Turpukalva_K.R.PURAM,WG-TURPUKALAVA-07-MB,Kethavaram ,Kethavaram-3
WG_I_Turpukalva_K.R.PURAM,WG-TURPUKALAVA-07-MB,Dippakayalapadu ,Dippakayalapadu
WG_I_Turpukalva_K.R.PURAM,WG-TURPUKALAVA-07-MB,Kannapuram ,Kannapuram
WG_I_Turpukalva_K.R.PURAM,WG-TURPUKALAVA-07-MB,Mahadevapuram,Mahadevapuram-2
WG_I_Turpukalva_K.R.PURAM,WG-TURPUKALAVA-07-MB,Saripalli ,Saripalle
WG_I_Turpukalva_K.R.PURAM,WG-TURPUKALAVA-07-MB,Bayyannagudem,Bayyanagudem
WG_I_Turpukalva_K.R.PURAM,WG-TURPUKALAVA-07-MB,Ramanujapuram,Ramanujapuram-1
WG_I_Turpukalva_K.R.PURAM,WG-TURPUKALAVA-07-MB,Vedantapuram,Vedanthapuram
WG_E_Kovvada_Pattiseema,WG- KOVVADA-08-MB,Gogumilli,Gogumilli-1
WG_E_Kovvada_Pattiseema,WG- KOVVADA-08-MB,Gummuluru,Gummuluru
WG_E_Kovvada_Pattiseema,WG- KOVVADA-08-MB,Kopalli,Kopalle
WG_E_Kovvada_Pattiseema,WG- KOVVADA-08-MB,Kovvada,Kovvada
WG_E_Kovvada_Pattiseema,WG- KOVVADA-08-MB,Lakshmipuram,Lakshmipuram-4
WG_E_Kovvada_Pattiseema,WG- KOVVADA-08-MB,Lankapalli,Lanka Palle
WG_E_Kovvada_Pattiseema,WG- KOVVADA-08-MB,Rajanagaram,Rajanagaram-4
WG_E_Kovvada_Pattiseema,WG- KOVVADA-08-MB,Upparelli,Upparilli
WG_E_Kovvada_Pattiseema,WG- KOVVADA-08-MB,Veerannapalem,Veeranna Palem-2
WG_E_Kovvada_Pattiseema,WG- KOVVADA-08-MB,Urrinka,Urrinka
WG_E_Kovvada_Pattiseema,WG- KOVVADA-08-MB,Rammayyakunta,Kamayyakunta
WG_E_Kovvada_Pattiseema,WG- KOVVADA-08-MB,Muddappagudem,Muddappagudem
WG_E_Kovvada_Pattiseema,WG- KOVVADA-08-MB,Kannarapadu,Kannarappadu
WG_E_Kovvada_Pattiseema,WG- KOVVADA-08-MB,Munjuluru,Munjuluru
WG_E_Kovvada_Pattiseema,WG- KOVVADA-08-MB,L.N.D.Peta,Lakshminarayana Devipeta
WG_E_Kovvada_Pattiseema,WG- KOVVADA-08-MB,Gutala,Gutala
WG_E_Kovvada_Pattiseema,WG- KOVVADA-08-MB,Pattiseema,Pattisam
WG_E_Kovvada_Pattiseema,WG- KOVVADA-08-MB,Pragadapalli,Pragada Palle
WG_E_Kovvada_Pattiseema,WG- KOVVADA-08-MB,Venkatapuram,Venkatapuram-11
WG_E_Kovvada_Pattiseema,WG- KOVVADA-08-MB,Polavaram,Polavaram-5
WG_E_Kovvada_Pattiseema,WG- KOVVADA-08-MB,Vinjaram,Vinjaram-1
WG_E_Kovvada_Pattiseema,WG- KOVVADA-08-MB,Chilakaluru,Chilakaluru
WG_E_Kovvada_Pattiseema,WG- KOVVADA-08-MB,Dharwada,Dharvada
WG_E_Kovvada_Pattiseema,WG- KOVVADA-08-MB,Geddapalli,Geddapalle
WG_E_Kovvada_Pattiseema,WG- KOVVADA-08-MB,Nagamaplem,Nagampalem-1
WG_E_Kovvada_Pattiseema,WG- KOVVADA-08-MB,Saripallikunta,Saripallekunta
WG_E_Kovvada_Pattiseema,WG- KOVVADA-08-MB,Dondapudi,Dondapudi
WG_I_Paletivagu_Devarapalli,WG- PALETIVAGU- 12-MB,Chinnaigudem,Chinnayagudem-1
WG_I_Paletivagu_Devarapalli,WG- PALETIVAGU- 12-MB,Devarapalli ,Devarapalle-5
WG_I_Paletivagu_Devarapalli,WG- PALETIVAGU- 12-MB,Dhumantunigudem,Dhumanthunigudem
WG_I_Paletivagu_Devarapalli,WG- PALETIVAGU- 12-MB,kurukuru,Kurukuru
WG_I_Paletivagu_Devarapalli,WG- PALETIVAGU- 12-MB,Pallantla,Pallantlai
WG_I_Paletivagu_Devarapalli,WG- PALETIVAGU- 12-MB,Tyajampudi,Tyajampudi
WG_I_Paletivagu_Devarapalli,WG- PALETIVAGU- 12-MB,Yadavolu,Yadavole
WG_I_Paletivagu_Devarapalli,WG- PALETIVAGU- 12-MB,Yarnagudem ,Yernagudem
WG_I_Paletivagu_Devarapalli,WG- PALETIVAGU- 12-MB,Gangavaram,Gangavaram-13
WG_I_Paletivagu_Devarapalli,WG- PALETIVAGU- 12-MB,Ch.Ramannagudem,Chopparamannagudem
WG_I_Paletivagu_Devarapalli,WG- PALETIVAGU- 12-MB,Eduvadalapalem,Eduvadalapalem
WG_I_Paletivagu_Devarapalli,WG- PALETIVAGU- 12-MB,Kanakadripuram,Kanakadripuram
WG_I_Paletivagu_Devarapalli,WG- PALETIVAGU- 12-MB,Kannayagudem ,Kannayagudem-1
WG_I_Paletivagu_Devarapalli,WG- PALETIVAGU- 12-MB,Parimpudi (Koyyalagudem),Parimpudi
WG_I_Paletivagu_Devarapalli,WG- PALETIVAGU- 12-MB,Kuntalagudem,Kuntalagudem
WG_I_Paletivagu_Devarapalli,WG- PALETIVAGU- 12-MB,Ponguturu,Ponguturu
WG_I_Paletivagu_Devarapalli,WG- PALETIVAGU- 12-MB,Rajavaram ,Rajavaram-5
WG_I_Paletivagu_Devarapalli,WG- PALETIVAGU- 12-MB,Yarrampeta,Yerrampeta-1
WG_I_Paletivagu_Devarapalli,WG- PALETIVAGU- 12-MB,Gavaravaram,Gavaravaram
WG_I_Paletivagu_Devarapalli,WG- PALETIVAGU- 12-MB,Veervalli,Veeravalli
WG_I_Paletivagu_Devarapalli,WG- PALETIVAGU- 12-MB,Potavaram,Pothavaram-6
WG_I_Paletivagu_Devarapalli,WG- PALETIVAGU- 12-MB,Sanjivapuram ,Sanjeevapuram
WG_I_Paletivagu_Devarapalli,WG- PALETIVAGU- 12-MB,Ammapalli,Ammepalle
WG_I_Paletivagu_Devarapalli,WG- PALETIVAGU- 12-MB,Medipalli  ,Medipalle
,,,
1,,1,
