GW Watershed Name,Iwm basin names,GW Village Name,iwm village names
KDP_C_70_54_Atloor,KDP_C_70_ATLOOR-MB,Atloor,Atlur-1
KDP_C_70_54_Atloor,KDP_C_70_ATLOOR-MB,Gujjulavaripalli,Gujjalavaripalle
KDP_C_70_55_Muthukuru,KDP_C_70_MUTHUKURU-MB,Jonnavaram,Jannavaram
KDP_C_70_54_Atloor,KDP_C_70_ATLOOR-MB,Konduru,Kondur
KDP_C_65_03_J.Madugu,KDP_C_65_J.MADUGU-MB,Rangasayapuram,Rangasayapuram
KDP_C_70_55_Muthukuru,KDP_C_70_MUTHUKURU-MB,Madapuru,Madapur
KDP_C_70_54_Atloor,KDP_C_70_ATLOOR-MB,Madur,Maddur-3
KDP_C_70_55_Muthukuru,KDP_C_70_MUTHUKURU-MB,Muthukur,Muthukur-1
KDP_C_70_55_Muthukuru,KDP_C_70_MUTHUKURU-MB,Nallayapalli,Nallayapalle
KDP_C_70_54_Atloor,KDP_C_70_ATLOOR-MB,PV Palli,Pidathalaveerayapalle
KDP_C_70_55_Muthukuru,KDP_C_70_MUTHUKURU-MB,Rangampalli,Rangampalle
KDP_C_70_54_Atloor,KDP_C_70_ATLOOR-MB,RF,Forest-56
KDP_C_70_55_Muthukuru,KDP_C_70_MUTHUKURU-MB,RF,Forest-49
KDP_C_70_54_Atloor,KDP_C_70_ATLOOR-MB,S Venkatapuram,Shrotriya Venkatapuram
KDP_C_70_54_Atloor,KDP_C_70_ATLOOR-MB,Thamballagondhi,Thamballagondi
KDP_C_65_03_J.Madugu,KDP_C_65_J.MADUGU-MB,Kanneluru,KANNELURU
KDP_C_65_03_J.Madugu,KDP_C_65_J.MADUGU-MB,Moragudi,Moragudi
KDP_C_70_54_Atloor,KDP_C_70_ATLOOR-MB,Varikunta,Varikunta-1
KDP_C_70_55_Muthukuru,KDP_C_70_MUTHUKURU-MB,Vemaluru,Vemalur
KDP_C_65_03_J.Madugu,KDP_C_65_J.MADUGU-MB,Danavulapadu,Danavulapadu
KDP_C_65_03_J.Madugu,KDP_C_65_J.MADUGU-MB,Devagudi,Devagudi
KDP_C_70_54_Atloor,KDP_C_70_ATLOOR-MB,Yarraballi,Yerraballe
KDP_C_70_50_PORUMAMILLA,KDP_C_70_PORUMAMILLA-MB,A.Kothapalli,A.Kothapalle
KDP_C_65_04_Gandikota,KDP_C_65_GADIKOTA-MB,Gudemcheruvu,Gudemcheruvu
KDP_C_65_04_Gandikota,KDP_C_65_GADIKOTA-MB,Ponnathota,Ponnathota
KDP_C_65_04_Gandikota,KDP_C_65_GADIKOTA-MB,Diguvapatnam,Diguvapatnam
KDP_C_65_04_Gandikota,KDP_C_65_GADIKOTA-MB,Gandikota,Gandikota
KDP_C_65_04_Gandikota,KDP_C_65_GADIKOTA-MB,Sanjeevapalle,Sanjeevapalle
KDP_C_70_50_PORUMAMILLA,KDP_C_70_PORUMAMILLA-MB,Ankanagodugunuru,Ankanagodu Gunuru
KDP_C_65_04_Gandikota,KDP_C_65_GADIKOTA-MB,Vemaguntapalle,Vemaguntapalle
KDP_C_70_50_PORUMAMILLA,KDP_C_70_PORUMAMILLA-MB,Bodugundupalli,Bodugundupalle
KDP_C_65_04_Gandikota,KDP_C_65_GADIKOTA-MB,Sirigepalle,Sirigepalle
KDP_C_70_49_SAVISETTIPALLI,KDP_C_70_SAVISETTIPALLI-MB,Chennakesapuram,Channakesapuram
KDP_C_65_04_Gandikota,KDP_C_65_GADIKOTA-MB,Sunnapurallapalle,Sunnapurallapalle
KDP_C_65_04_Gandikota,KDP_C_65_GADIKOTA-MB,Thugutlapalle,Thugutlapalle
KDP_C_70_50_PORUMAMILLA,KDP_C_70_PORUMAMILLA-MB,Koduru,Kodur-1
KDP_C_70_51_BADVEL,KDP_C_70_BADVEL-MB,Kondampalli,Kondampalle
KDP_C_70_50_PORUMAMILLA,KDP_C_70_PORUMAMILLA-MB,Madhavarayunipalli,Madhavarayunipalle
KDP_C_70_50_PORUMAMILLA,KDP_C_70_PORUMAMILLA-MB,Maratipalli,Maratipalle
KDP_C_70_50_PORUMAMILLA,KDP_C_70_PORUMAMILLA-MB,Mekavaripalli,Mekavaripalle
KDP_C_70_49_SAVISETTIPALLI,KDP_C_70_SAVISETTIPALLI-MB,Papanapalli,Papanapalle
KDP_C_65_04_Gandikota,KDP_C_65_GADIKOTA-MB,P.Gopalapuram,P.Gopalapuram
KDP_C_65_04_Gandikota,KDP_C_65_GADIKOTA-MB,Chinnadandluru,Chinnadandluru
KDP_C_70_51_BADVEL,KDP_C_70_BADVEL-MB,Peddullapalli,Peddullapalle
KDP_C_70_51_BADVEL,KDP_C_70_BADVEL-MB,Thangedupalli,Thangedupalle
KDP_C_65_05_Potladurthi,KDP_C_65_POTLADURTHI-MB,Potladurthi,Potladurthi
KDP_C_70_51_BADVEL,KDP_C_70_BADVEL-MB,Thipparajupalli,Thipparajupalle
KDP_C_70_51_BADVEL,KDP_C_70_BADVEL-MB,Venkatapuram,Venkatapuram-2
KDP_C_70_52_B.MATAM,KDP_C_70_B.MATAM-MB,Chowdarivaripalli,T.Soudaravaripalle
KDP_C_65_05_Potladurthi,KDP_C_65_POTLADURTHI-MB,Kokatam,Kokatam
KDP_C_70_53_REKULAKUNTA,KDP_C_70_REKULAKUNTA-MB,D.Agraharam,Darbhavariagraharam
KDP_C_70_53_REKULAKUNTA,KDP_C_70_REKULAKUNTA-MB,D.Lingampalli,D.Lingampalle
KDP_C_70_53_REKULAKUNTA,KDP_C_70_REKULAKUNTA-MB,Diguvanelaturu,Diguva Nelatur
KDP_C_70_53_REKULAKUNTA,KDP_C_70_REKULAKUNTA-MB,Dirsavancha,Dirasavancha
KDP_C_70_53_REKULAKUNTA,KDP_C_70_REKULAKUNTA-MB,Eguvanelaturu,Eguvanelatur
KDP_C_70_52_B.MATAM,KDP_C_70_B.MATAM-MB,Jangamrajupalli,Jangamrajupalle
KDP_C_70_52_B.MATAM,KDP_C_70_B.MATAM-MB,Mallepalli,Mallepalle-1
KDP_C_65_08_Sidhout,KDP_C_65_SIDHOUT-MB,Ponnavolu,Ponnavolu
KDP_C_65_08_Sidhout,KDP_C_65_SIDHOUT-MB,Jyothi,Jyothi
KDP_C_70_53_REKULAKUNTA,KDP_C_70_REKULAKUNTA-MB,Nagisettipalli,Nagisettipalle
KDP_C_70_49_SAVISETTIPALLI,KDP_C_70_SAVISETTIPALLI-MB,Palugurallapalli,Palugurallapalle
KDP_C_70_52_B.MATAM,KDP_C_70_B.MATAM-MB,Palugurallapalli(part),Palugurallapalle (Part IV)
KDP_C_70_52_B.MATAM,KDP_C_70_B.MATAM-MB,Papireddypalli,Papireddipalle
KDP_C_70_52_B.MATAM,KDP_C_70_B.MATAM-MB,Somireddypalli,Somireddipalle
KDP_C_70_51_BADVEL,KDP_C_70_BADVEL-MB,Abbusahebpet,Abbusahebpeta
KDP_C_70_51_BADVEL,KDP_C_70_BADVEL-MB,Anantarajapuram,Anantharajupuram
KDP_C_70_51_BADVEL,KDP_C_70_BADVEL-MB,Appajupet,Appajipeta-1
KDP_C_70_51_BADVEL,KDP_C_70_BADVEL-MB,Badvel,Badvel-1
KDP_C_70_51_BADVEL,KDP_C_70_BADVEL-MB,Bayanapalli,Bayanapalle
KDP_C_70_51_BADVEL,KDP_C_70_BADVEL-MB,C.Kothapalli,C.Kothapalle
KDP_C_70_51_BADVEL,KDP_C_70_BADVEL-MB,Chennampalli,Chennampalle-3
KDP_C_65_09_Khajipet,KDP_C_65_KHAJIPET-MB,S.Mydukur,S.Mydukur
KDP_C_70_51_BADVEL,KDP_C_70_BADVEL-MB,Ethirajupalli,Ethirajupalle
KDP_C_70_51_BADVEL,KDP_C_70_BADVEL-MB,Godugunuru,Godugunur
KDP_C_70_53_REKULAKUNTA,KDP_C_70_REKULAKUNTA-MB,Gopalapuram,Gopalapuram-4
KDP_C_70_51_BADVEL,KDP_C_70_BADVEL-MB,Guntapalli,Gunthapalle
KDP_C_70_51_BADVEL,KDP_C_70_BADVEL-MB,Imadapuram,Imadapuram @ Pedakesampalle
KDP_C_70_51_BADVEL,KDP_C_70_BADVEL-MB,Kondugaripalli,Kondugaripalle
KDP_C_70_51_BADVEL,KDP_C_70_BADVEL-MB,Kongalaveedu,Kongalaveedu-1
KDP_C_70_51_BADVEL,KDP_C_70_BADVEL-MB,Mohiddinpuram,Mohinuddinpuram
KDP_C_65_09_Khajipet,KDP_C_65_KHAJIPET-MB,Kommaluru,Kommaluru
KDP_C_70_55_Muthukuru,KDP_C_70_MUTHUKURU-MB,Puttayapalli,Puttayapalle
KDP_C_70_54_Atloor,KDP_C_70_ATLOOR-MB,Rajupalem,Rajupalem-5
KDP_C_70_53_REKULAKUNTA,KDP_C_70_REKULAKUNTA-MB,Tippanapalli,Thippanapalle
KDP_C_70_53_REKULAKUNTA,KDP_C_70_REKULAKUNTA-MB,Veerapalli,Veerapalle
KDP_C_70_53_REKULAKUNTA,KDP_C_70_REKULAKUNTA-MB,Venkatasettipalli,Venkatasettipalle
KDP_C_65_11_CHENNURU,KDP_C_65_CHENNURU-MB,Yadavapuram,Yadavapuram
KDP_C_69_30_Chakrayapeta,KDP_C_69_CHAKRAYAPET-MB,Chakrayapeta,Chakrayapet
KDP_C_69_30_Chakrayapeta,KDP_C_69_CHAKRAYAPET-MB,Chilekampalli,Chilekampalle
KDP_C_69_31_VEMPALLI,KDP_C_69_VEMPALLI-MB,ErraBommanapalli,Errabommanapalle
KDP_C_65_11_CHENNURU,KDP_C_65_CHENNURU-MB,Gurrampadu,Gurrampadu
KDP_C_69_30_Chakrayapeta,KDP_C_69_CHAKRAYAPET-MB,Gandikovur,Gandikovvur
KDP_C_69_28_SURABHI,KDP_C_69_SURABHI-MB,Goltamitta,Gotlamitta
KDP_C_69_29_K.Yerragudi,KDP_C_69_K.YERRAGUDI-MB,Ketineniyarragudi,Kateneniyerragudi
KDP_C_69_26_Veligallu,KDP_C_69_VELIGALLU-MB,Kollurupalli,Kallurupalle
KDP_C_69_31_VEMPALLI,KDP_C_69_VEMPALLI-MB,Komarakalva,Kumarakalva
KDP_C_69_28_SURABHI,KDP_C_69_SURABHI-MB,Kondappagaripalli,Kondappagaripalle
KDP_C_69_27_GALIVEEDU,KDP_C_69_GALIVEEDU-MB,Kuppam,Kuppam-1
KDP_C_65_11_CHENNURU,KDP_C_65_CHENNURU-MB,Kopparthi,Kopparthi
KDP_C_69_28_SURABHI,KDP_C_69_SURABHI-MB,Mahadevapuram,Mahadevapalle
KDP_C_69_30_Chakrayapeta,KDP_C_69_CHAKRAYAPET-MB,Marella madaka,Marellamadaka
KDP_C_65_11_CHENNURU,KDP_C_65_CHENNURU-MB,T.Ramachandrapuram,T.Ramachandrapuram
KDP_C_69_28_SURABHI,KDP_C_69_SURABHI-MB,Nersupalli,Nersupalle
KDP_C_65_11_CHENNURU,KDP_C_65_CHENNURU-MB,Pabbapuram,Pabbapuram
KDP_C_65_11_CHENNURU,KDP_C_65_CHENNURU-MB,Papasahebpet,Papasahebpet
KDP_C_69_26_Veligallu,KDP_C_69_VELIGALLU-MB,Rajupalli,Rajupalle
KDP_C_68_25_MYDUKURU,KDP_C_68_MYDUKURU-MB,Alladupalli,Alladupalle
KDP_C_65_11_CHENNURU,KDP_C_65_CHENNURU-MB,K.Ramachandrapuram,K.Ramachandrapuram
KDP_C_68_23_CHAPADU,KDP_C_68_CHAPADU-MB,Anantapuram,Ananthapuram-1
KDP_C_68_25_MYDUKURU,KDP_C_68_MYDUKURU-MB,Bhadripalli,Bhadripalle
KDP_C_68_23_CHAPADU,KDP_C_68_CHAPADU-MB,Budidepadu,Budidapadu-1
KDP_C_68_23_CHAPADU,KDP_C_68_CHAPADU-MB,Chapadu,Chapad-1
KDP_C_68_25_MYDUKURU,KDP_C_68_MYDUKURU-MB,Chinnaguruvaluru,Chinnagurvalur
KDP_C_68_25_MYDUKURU,KDP_C_68_MYDUKURU-MB,Kethavaram,Kethavaram-1
KDP_C_65_12_KADAPA,KDP_C_65_KADAPA-MB,Pathacuddapah,Pathacuddapah
KDP_C_68_24_DUVVURU,KDP_C_68_DUVVURU-MB,Maduru,Madur
KDP_C_68_25_MYDUKURU,KDP_C_68_MYDUKURU-MB,Morrayapalli,Morrayapalle
KDP_C_68_25_MYDUKURU,KDP_C_68_MYDUKURU-MB,Peddaguruvaluru,Peddaguruvalur
KDP_C_68_23_CHAPADU,KDP_C_68_CHAPADU-MB,Vedururu,Vedurur-1
KDP_C_65_12_KADAPA,KDP_C_65_KADAPA-MB,Chinnachowk,Chinnachowk
KDP_C_68_24_DUVVURU,KDP_C_68_DUVVURU-MB,Vengannagaripalli,Vengannagaripalle
KDP_C_65_12_KADAPA,KDP_C_65_KADAPA-MB,Nagarajupet,Nagarajupet
KDP_C_65_12_KADAPA,KDP_C_65_KADAPA-MB,Cuddapah,Cuddapah
KDP_C_65_08_Sidhout,KDP_C_65_SIDHOUT-MB,Bayanapalli,Bayanapalle-1
KDP_C_65_11_CHENNURU,KDP_C_65_CHENNURU-MB,Chennuru,Chennur-2
KDP_C_65_11_CHENNURU,KDP_C_65_CHENNURU-MB,Chinnamachupalli,Chinamachupalle
KDP_C_65_08_Sidhout,KDP_C_65_SIDHOUT-MB,Doulathapuram,Doulathapuram-1
KDP_C_65_11_CHENNURU,KDP_C_65_CHENNURU-MB,Dugganapalli,Dugganapalle
KDP_C_65_08_Sidhout,KDP_C_65_SIDHOUT-MB,Kanuparthi,Kanuparthi-1
KDP_C_65_11_CHENNURU,KDP_C_65_CHENNURU-MB,Kokkarayapalli,Kokkarayapalle
KDP_C_65_11_CHENNURU,KDP_C_65_CHENNURU-MB,Mundlapalli,Mundlapalle
KDP_C_65_11_CHENNURU,KDP_C_65_CHENNURU-MB,Nazeerbeigpalli,Nazeerbegpalle
KDP_C_65_11_CHENNURU,KDP_C_65_CHENNURU-MB,Rachinayanapalli,Rachinnayapalle
KDP_C_65_11_CHENNURU,KDP_C_65_CHENNURU-MB,Ramanapalli,Ramanapalle
KDP_C_65_11_CHENNURU,KDP_C_65_CHENNURU-MB,Rudrabharatipet,Rudrabharathipeta
KDP_C_65_10_PENDLIMARI,KDP_C_65_PENDLIMARI-MB,Sivalpalli,Sivalapalle
KDP_C_65_11_CHENNURU,KDP_C_65_CHENNURU-MB,Upparapalli,Upparapalle-2
KDP_C_71_59_Chinnamandem,KDP_C_71_CHINNAMANDEM-MB,Chinnamandem,Chinnamandem-1
KDP_C_71_59_Chinnamandem,KDP_C_71_CHINNAMANDEM-MB,Malluru,Mallur
KDP_C_67_16_KONDAPURAM,KDP_C_67_KONDAPURAM-MB,Anantapuram,Anantapuram
KDP_C_71_59_Chinnamandem,KDP_C_71_CHINNAMANDEM-MB,Padamatikona,Paramatikona
KDP_C_71_59_Chinnamandem,KDP_C_71_CHINNAMANDEM-MB,RF,Forest-97
KDP_C_67_16_KONDAPURAM,KDP_C_67_KONDAPURAM-MB,Donkupalli,Donkupalli
KDP_C_67_16_KONDAPURAM,KDP_C_67_KONDAPURAM-MB,S.Timmapuram,S.Timmapuram
KDP_C_65_11_CHENNURU,KDP_C_65_CHENNURU-MB,Apparajupalli,Apparajupalle
KDP_C_65_11_CHENNURU,KDP_C_65_CHENNURU-MB,Balupalli,Balupalle
KDP_C_65_12_KADAPA,KDP_C_65_KADAPA-MB,Buggalapalli,Boggalapalle
KDP_C_65_12_KADAPA,KDP_C_65_KADAPA-MB,Buggaletipalli,Buggaletipalle
KDP_C_67_16_KONDAPURAM,KDP_C_67_KONDAPURAM-MB,Pydipalem,Pydipalem
KDP_C_65_11_CHENNURU,KDP_C_65_CHENNURU-MB,Cherlopalli,Cherlopalle-1
KDP_C_67_16_KONDAPURAM,KDP_C_67_KONDAPURAM-MB,Devathapuram,Devathapuram
KDP_C_65_12_KADAPA,KDP_C_65_KADAPA-MB,Chinnakampalli,Chinnakampalle
KDP_C_65_12_KADAPA,KDP_C_65_KADAPA-MB,Chintakommadinne,Chinthakommadinne
KDP_C_65_12_KADAPA,KDP_C_65_KADAPA-MB,Ippenta,Ippapenta
KDP_C_65_12_KADAPA,KDP_C_65_KADAPA-MB,Jamalpalli,Jamal Palle
KDP_C_67_17_ETURU,KDP_C_67_ETURU-MB,Sivapuram,Sivapuram
KDP_C_65_11_CHENNURU,KDP_C_65_CHENNURU-MB,Kammavaripalli,Kammavaripalle
KDP_C_67_18_PARNAPALLI,KDP_C_67_PARNAPALLI-MB,Velidandla,Velidandla
KDP_C_65_12_KADAPA,KDP_C_65_KADAPA-MB,Kolumulapalli,Kolumulapalle-1
KDP_C_65_11_CHENNURU,KDP_C_65_CHENNURU-MB,Krishnapuram,Krishnapuram-5
KDP_C_65_12_KADAPA,KDP_C_65_KADAPA-MB,Mamillapalli,Mamillapalle (Rural)-1
KDP_C_68_19_T.M.PATNAM,KDP_C_68_T.M.PATNAM-MB,Bestavemula,Bestavemula
KDP_C_68_19_T.M.PATNAM,KDP_C_68_T.M.PATNAM-MB,Kallutla,Kallutla
KDP_C_65_12_KADAPA,KDP_C_65_KADAPA-MB,Peddakampalli,Peddakampalle
KDP_C_68_19_T.M.PATNAM,KDP_C_68_T.M.PATNAM-MB,Nawabpet,Nawabpet
KDP_C_65_11_CHENNURU,KDP_C_65_CHENNURU-MB,Royalapanthulapalli,Rayalapanthulapalle
KDP_C_65_12_KADAPA,KDP_C_65_KADAPA-MB,Rudraiahgaripalli,Rudrayagaripalle
KDP_C_65_11_CHENNURU,KDP_C_65_CHENNURU-MB,Tadigotla,Thadigotla
KDP_C_65_12_KADAPA,KDP_C_65_KADAPA-MB,Utukuru,Utukur-1
KDP_C_68_19_T.M.PATNAM,KDP_C_68_T.M.PATNAM-MB,Golla Uppalapadu,Golla Uppalapadu
KDP_C_65_12_KADAPA,KDP_C_65_KADAPA-MB,Viswanathapuram,Viswanathapuram-1
KDP_C_71_74_Chitvel,KDP_C_71_CHITVEL-MB,Bhakarapuram,Bhakrapuram
KDP_C_68_19_T.M.PATNAM,KDP_C_68_T.M.PATNAM-MB,Dhannavada,Dhannavada
KDP_C_68_19_T.M.PATNAM,KDP_C_68_T.M.PATNAM-MB,Murapandi,Murapandi
KDP_C_71_74_Chitvel,KDP_C_71_CHITVEL-MB,Cherlopalli,Cherlopalle-3
KDP_C_71_74_Chitvel,KDP_C_71_CHITVEL-MB,Chintalachilaka,Chintala Chelika
KDP_C_71_74_Chitvel,KDP_C_71_CHITVEL-MB,Chitvel,Chitvel-1
KDP_C_71_73_PENAGALURU,KDP_C_71_PENAGALURU-MB,K.V.R.R.Puram,K.V.R.R. Puram
KDP_C_71_73_PENAGALURU,KDP_C_71_PENAGALURU-MB,Kalavavarikandrika,Kalvavarikandrika
KDP_C_68_19_T.M.PATNAM,KDP_C_68_T.M.PATNAM-MB,Thorrivemula,Thorrivemula
KDP_C_68_19_T.M.PATNAM,KDP_C_68_T.M.PATNAM-MB,Veparala,VEPARALA
KDP_C_71_73_PENAGALURU,KDP_C_71_PENAGALURU-MB,Kampasamudram,Kampasamudram-1
KDP_C_68_19_T.M.PATNAM,KDP_C_68_T.M.PATNAM-MB,DommaraNandyala,DOMMARANANDYALA
KDP_C_71_74_Chitvel,KDP_C_71_CHITVEL-MB,M.Puram & S.R.Puram,Maharajapuram @Siddareddipalle
KDP_C_71_75_KONDURU,KDP_C_71_KONDURU-MB,Mallemarapuram,Malemarpuram
KDP_C_71_75_KONDURU,KDP_C_71_KONDURU-MB,Mylapalli,Mylapalle
KDP_C_68_19_T.M.PATNAM,KDP_C_68_T.M.PATNAM-MB,Bhutamapuram,Bhutamapuram
KDP_C_68_19_T.M.PATNAM,KDP_C_68_T.M.PATNAM-MB,Bheemagundam,Bheemagundam
KDP_C_71_74_Chitvel,KDP_C_71_CHITVEL-MB,Nagaripadu,Nagiripadu
KDP_C_68_19_T.M.PATNAM,KDP_C_68_T.M.PATNAM-MB,Medidinne,Medidinne
KDP_C_71_74_Chitvel,KDP_C_71_CHITVEL-MB,Nethivaripalli,Nethivaripalle
KDP_C_68_19_T.M.PATNAM,KDP_C_68_T.M.PATNAM-MB,Chinnapasupula,Chinnapasupula
KDP_C_71_74_Chitvel,KDP_C_71_CHITVEL-MB,Thimmayapalem,Thimmayapalem-1
KDP_C_68_20_DIGUVAKALVATALA,KDP_C_68_DIGUVAKALVATALA-MB,Kondasunkesula,Kondasunkesula
KDP_C_68_24_DUVVURU,KDP_C_68_DUVVURU-MB,Annapusastrulapalli,Annapusastrula Palle
KDP_C_68_24_DUVVURU,KDP_C_68_DUVVURU-MB,Balakkivaripalli,Ballakkivaripalle
KDP_C_68_24_DUVVURU,KDP_C_68_DUVVURU-MB,Chinnasinganapalli,Chinna Singanapalle
KDP_C_68_25_MYDUKURU,KDP_C_68_MYDUKURU-MB,Chintakunta,Chintakunta-4
KDP_C_68_24_DUVVURU,KDP_C_68_DUVVURU-MB,Dasaripalli,Dasaripalle
KDP_C_68_24_DUVVURU,KDP_C_68_DUVVURU-MB,Duvvur,Duvvur-1
KDP_C_68_20_DIGUVAKALVATALA,KDP_C_68_DIGUVAKALVATALA-MB,B.Venkatapuram,B.Venkatapuram
KDP_C_68_25_MYDUKURU,KDP_C_68_MYDUKURU-MB,Gollapalli,Gollapalle-2
KDP_C_68_25_MYDUKURU,KDP_C_68_MYDUKURU-MB,Gudipadu,Gudipadu-6
KDP_C_68_24_DUVVURU,KDP_C_68_DUVVURU-MB,Jillella,Jillela-1
KDP_C_68_24_DUVVURU,KDP_C_68_DUVVURU-MB,Machanapalli,Machanapalle
KDP_C_68_24_DUVVURU,KDP_C_68_DUVVURU-MB,Madirepalli,Madirepalle
KDP_C_68_24_DUVVURU,KDP_C_68_DUVVURU-MB,Manerampalli,Manerampalle
KDP_C_68_24_DUVVURU,KDP_C_68_DUVVURU-MB,Nelatur,Nelaturu
KDP_C_68_24_DUVVURU,KDP_C_68_DUVVURU-MB,Peddajonnavaram,Pedda Jonnavaram
KDP_C_68_24_DUVVURU,KDP_C_68_DUVVURU-MB,Rajupalem,Rajupalem-4
KDP_C_68_24_DUVVURU,KDP_C_68_DUVVURU-MB,Ramachandrapuram,Ramachandrapuram-5
KDP_C_68_25_MYDUKURU,KDP_C_68_MYDUKURU-MB,T.Sallabhasayapalli,T.Sallabasayapalle
KDP_C_68_22_RAJUPALEM,KDP_C_68_RAJUPALEM-MB,Vellala,Vellala
KDP_C_68_22_RAJUPALEM,KDP_C_68_RAJUPALEM-MB,Paidala,Paidala
KDP_C_69_27_GALIVEEDU,KDP_C_69_GALIVEEDU-MB,Galiveedu,Eguvagottiveedu
KDP_C_69_27_GALIVEEDU,KDP_C_69_GALIVEEDU-MB,Gopanapalli,Gopanapalle
KDP_C_69_27_GALIVEEDU,KDP_C_69_GALIVEEDU-MB,Korlakunta,Korlakunta-1
KDP_C_69_27_GALIVEEDU,KDP_C_69_GALIVEEDU-MB,Nooliveedu,Nooliveedu-1
KDP_C_69_27_GALIVEEDU,KDP_C_69_GALIVEEDU-MB,Pandikunta,Pulikunta
KDP_C_68_22_RAJUPALEM,KDP_C_68_RAJUPALEM-MB,Parlapadu,Parlapadu
KDP_C_69_27_GALIVEEDU,KDP_C_69_GALIVEEDU-MB,Talamudipi,Talamudipi-1
KDP_C_68_22_RAJUPALEM,KDP_C_68_RAJUPALEM-MB,Thondaladinne,Thondaladinne
KDP_C_69_26_Veligallu,KDP_C_69_VELIGALLU-MB,Thumukunta,Thumukunta-1
KDP_C_65_13_GOPAVARAM,KDP_C_65_GOPAVARAM-MB,Brahmanapalli,Brahmanapalle-8
KDP_C_68_22_RAJUPALEM,KDP_C_68_RAJUPALEM-MB,Velavali,Velavali
KDP_C_65_13_GOPAVARAM,KDP_C_65_GOPAVARAM-MB,Gopavaram,Gopavaram-3
KDP_C_70_51_BADVEL,KDP_C_70_BADVEL-MB,Kalvapalli,Kalvapalle-1
KDP_C_70_51_BADVEL,KDP_C_70_BADVEL-MB,Lakkavaripalli,Lakkavaripalle
KDP_C_68_23_CHAPADU,KDP_C_68_CHAPADU-MB,Korrapadu,Korrapadu
KDP_C_70_51_BADVEL,KDP_C_70_BADVEL-MB,Madakalavaripalli,Madakalavaripalle
KDP_C_68_23_CHAPADU,KDP_C_68_CHAPADU-MB,Pallavolu,Pallavolu
KDP_C_68_23_CHAPADU,KDP_C_68_CHAPADU-MB,Thummalapadu,Thummalapadu
KDP_C_70_51_BADVEL,KDP_C_70_BADVEL-MB,Ramapuram,North Ramapuram
KDP_C_65_13_GOPAVARAM,KDP_C_65_GOPAVARAM-MB,Rekalakunta,Rekalakunta-1
KDP_C_68_23_CHAPADU,KDP_C_68_CHAPADU-MB,Kutchupapa,Kutchupapa
KDP_C_65_04_Gandikota,KDP_C_65_GADIKOTA-MB,Ambavaram,Ambavaram-2
KDP_C_65_03_J.Madugu,KDP_C_65_J.MADUGU-MB,Dharmapuram,Dharmapuram-3
KDP_C_65_03_J.Madugu,KDP_C_65_J.MADUGU-MB,Goriganuru,Goriganur
KDP_C_65_03_J.Madugu,KDP_C_65_J.MADUGU-MB,Jammalamadugu,Jammalamadugu-1
KDP_C_65_04_Gandikota,KDP_C_65_GADIKOTA-MB,Kottagunta Palle,Kothaguntapalle
KDP_C_65_04_Gandikota,KDP_C_65_GADIKOTA-MB,Peddadandluru,Peddandlur
KDP_C_65_04_Gandikota,KDP_C_65_GADIKOTA-MB,Purvabommepalle,Poorva Bommepalle
KDP_C_65_03_J.Madugu,KDP_C_65_J.MADUGU-MB,Purvapu Sugamanchupalle,Poorvapu Sugumanchipalle
KDP_C_68_19_T.M.PATNAM,KDP_C_68_T.M.PATNAM-MB,Salevariuppaluru,Salevariuppalapadu
KDP_C_68_24_DUVVURU,KDP_C_68_DUVVURU-MB,Idamadaka,Idamadaka
KDP_C_68_24_DUVVURU,KDP_C_68_DUVVURU-MB,Kanagudur,Kanagudur
KDP_C_65_12_KADAPA,KDP_C_65_KADAPA-MB,Akkyapalli,Akkayapalle
KDP_C_65_12_KADAPA,KDP_C_65_KADAPA-MB,Chemmumiyapet,Chemmumiahpet
KDP_C_68_24_DUVVURU,KDP_C_68_DUVVURU-MB,Neelapuram,Neelapuram
KDP_C_65_12_KADAPA,KDP_C_65_KADAPA-MB,Guduru,Gudur-2
KDP_C_65_12_KADAPA,KDP_C_65_KADAPA-MB,Palempalli,Palem palle
KDP_C_65_12_KADAPA,KDP_C_65_KADAPA-MB,Putlampalli,Puttampalli
KDP_C_65_12_KADAPA,KDP_C_65_KADAPA-MB,Ramarajupalli,Ramarajupalle-1
KDP_C_65_12_KADAPA,KDP_C_65_KADAPA-MB,Ukkayapalli,Ukkayapalle
KDP_C_70_47_Kasinayana,KDP_C_70_KASINAYANA-MB,Ayyavaripalli,Ayyavaripalle-2
KDP_C_70_46_Gopavarampalli,KDP_C_70_GOPAVARAMPALLI-MB,Brahmanapalli,Brahmanapalle-2
KDP_C_70_46_Gopavarampalli,KDP_C_70_GOPAVARAMPALLI-MB,Chennupalli,Chennupalle
KDP_C_70_47_Kasinayana,KDP_C_70_KASINAYANA-MB,Diguvathamballapalli,Diguva Thamballapalle
KDP_C_70_47_Kasinayana,KDP_C_70_KASINAYANA-MB,Dulamvaripalli,Dulamvaripalle
KDP_C_70_45_Kothakota,KDP_C_70_KOTHAKOTA-MB,Eguvathamballapalli,Eguva Thamballapalle
KDP_C_70_45_Kothakota,KDP_C_70_KOTHAKOTA-MB,Gangayapalli,Gangayapalle
KDP_C_70_46_Gopavarampalli,KDP_C_70_GOPAVARAMPALLI-MB,Gopavarampalli,Gopavarampalle
KDP_C_70_47_Kasinayana,KDP_C_70_KASINAYANA-MB,Kalasapadu,Kalasapadu-1
KDP_C_70_47_Kasinayana,KDP_C_70_KASINAYANA-MB,Kondapet,Kondapeta
KDP_C_70_45_Kothakota,KDP_C_70_KOTHAKOTA-MB,Kothakota,Kothakota-4
KDP_C_70_46_Gopavarampalli,KDP_C_70_GOPAVARAMPALLI-MB,Mahanandipalli,Mahanandipalle
KDP_C_68_25_MYDUKURU,KDP_C_68_MYDUKURU-MB,Yakarlapalem,Yakarlapalem
KDP_C_70_46_Gopavarampalli,KDP_C_70_GOPAVARAMPALLI-MB,Malluvaripalli,Malluvaripalle
KDP_C_70_46_Gopavarampalli,KDP_C_70_GOPAVARAMPALLI-MB,Mamillapalli,Mamillapalle (Rural)
KDP_C_70_46_Gopavarampalli,KDP_C_70_GOPAVARAMPALLI-MB,Musalreddypalli,Musalareddipalle
KDP_C_70_47_Kasinayana,KDP_C_70_KASINAYANA-MB,Patharamapuram,Patha Ramapuram
KDP_C_70_46_Gopavarampalli,KDP_C_70_GOPAVARAMPALLI-MB,Pendlamarri,Pendlimarri-1
KDP_C_70_46_Gopavarampalli,KDP_C_70_GOPAVARAMPALLI-MB,Pullareddypalli,Pullareddypalle
KDP_C_70_46_Gopavarampalli,KDP_C_70_GOPAVARAMPALLI-MB,Rajupalem,Rajupalem-2
KDP_C_68_25_MYDUKURU,KDP_C_68_MYDUKURU-MB,N.Mydukur,N.Mydukur
KDP_C_70_45_Kothakota,KDP_C_70_KOTHAKOTA-MB,Reddipalli,Reddypalle
KDP_C_70_46_Gopavarampalli,KDP_C_70_GOPAVARAMPALLI-MB,RF,Forest-37
KDP_C_68_25_MYDUKURU,KDP_C_68_MYDUKURU-MB,Thripuravaram,Thripuravaram
KDP_C_68_25_MYDUKURU,KDP_C_68_MYDUKURU-MB,Chiyyapadu,Chiyyapadu
KDP_C_70_46_Gopavarampalli,KDP_C_70_GOPAVARAMPALLI-MB,Sankavaram,Sankavaram-1
KDP_C_68_25_MYDUKURU,KDP_C_68_MYDUKURU-MB,Pitchapadu,Pitchapadu
KDP_C_68_25_MYDUKURU,KDP_C_68_MYDUKURU-MB,Somapuram,Somapuram
KDP_C_70_46_Gopavarampalli,KDP_C_70_GOPAVARAMPALLI-MB,Siddamurthypalli,Siddamurthypalle
KDP_C_68_25_MYDUKURU,KDP_C_68_MYDUKURU-MB,Nerrawada,Nerrawada
KDP_C_70_47_Kasinayana,KDP_C_70_KASINAYANA-MB,Singarayapalli,Singarayapalle
KDP_C_70_47_Kasinayana,KDP_C_70_KASINAYANA-MB,Tellapadu,Siddamurthypalle
KDP_C_69_42_Payasampalli,KDP_C_69_PAYASAMPALLI-MB,Apparaopalli,Apparaopalle
KDP_C_69_42_Payasampalli,KDP_C_69_PAYASAMPALLI-MB,Chinnacheppalli,Chinnachepalle-1
KDP_C_69_43_Kamlapuram,KDP_C_69_KAMALAPURAM-MB,Dadireddypalli,Dadireddipalle
KDP_C_69_31_VEMPALLI,KDP_C_69_VEMPALLI-MB,U.Rajupalem,U.Rajupalem
KDP_C_69_42_Payasampalli,KDP_C_69_PAYASAMPALLI-MB,Gangavaram,Gangavaram-5
KDP_C_69_42_Payasampalli,KDP_C_69_PAYASAMPALLI-MB,Gollapalli,Gollapalle-5
KDP_C_69_31_VEMPALLI,KDP_C_69_VEMPALLI-MB,Addalamarri,Addalamarri
KDP_C_69_43_Kamlapuram,KDP_C_69_KAMALAPURAM-MB,Kamalapuram,Kamalapuram-1
KDP_C_69_43_Kamlapuram,KDP_C_69_KAMALAPURAM-MB,Letapalli,Letapalle-1
KDP_C_69_42_Payasampalli,KDP_C_69_PAYASAMPALLI-MB,Nallalingayapalli,Nallingayapalle
KDP_C_69_42_Payasampalli,KDP_C_69_PAYASAMPALLI-MB,Pandillapalli,Pandillapalle
KDP_C_69_43_Kamlapuram,KDP_C_69_KAMALAPURAM-MB,Peddacheppalli,Peddacheppalle
KDP_C_69_42_Payasampalli,KDP_C_69_PAYASAMPALLI-MB,Ramachandrapuram,Ramachandrapuram-6
KDP_C_69_32_TALLAPALLI,KDP_C_69_TALLAPALLI-MB,Kathaluru,Kathaluru
KDP_C_65_05_Potladurthi,KDP_C_65_POTLADURTHI-MB,Sambaturu,Sambatur
KDP_C_69_42_Payasampalli,KDP_C_69_PAYASAMPALLI-MB,T.Sadipiralla,T.Sadipirala
KDP_C_69_42_Payasampalli,KDP_C_69_PAYASAMPALLI-MB,Thurakapalli,Thurakapalle
KDP_C_69_42_Payasampalli,KDP_C_69_PAYASAMPALLI-MB,Vibharapuram,Vibharampuram
KDP_C_69_33_VEMULA,KDP_C_69_VEMULA-MB,Bakarapuram,Bakarapuram
KDP_C_69_42_Payasampalli,KDP_C_69_PAYASAMPALLI-MB,Yellareddypalli,Yellareddipalle
KDP_C_69_42_Payasampalli,KDP_C_69_PAYASAMPALLI-MB,Yerragudipadu,Yerragudipadu-1
KDP_C_70_49_SAVISETTIPALLI,KDP_C_70_SAVISETTIPALLI-MB,Akkamgundla,Akkemgundla
KDP_C_70_47_Kasinayana,KDP_C_70_KASINAYANA-MB,Balayapalli,Balayapalle-1
KDP_C_69_33_VEMULA,KDP_C_69_VEMULA-MB,Pendluru,Pendluru
KDP_C_69_33_VEMULA,KDP_C_69_VEMULA-MB,Pernapadu,Pernapadu
KDP_C_69_33_VEMULA,KDP_C_69_VEMULA-MB,Chagaleru,Chagaleru
KDP_C_70_47_Kasinayana,KDP_C_70_KASINAYANA-MB,Ganganapalli,Ganganapalle
KDP_C_70_47_Kasinayana,KDP_C_70_KASINAYANA-MB,Guntuvaripalli,Guntuvaripalle
KDP_C_69_33_VEMULA,KDP_C_69_VEMULA-MB,Velpula,Velpula
KDP_C_70_49_SAVISETTIPALLI,KDP_C_70_SAVISETTIPALLI-MB,Itugulapadu,Itigullapadu
KDP_C_69_33_VEMULA,KDP_C_69_VEMULA-MB,Muthukuru,Muthukuru
KDP_C_69_33_VEMULA,KDP_C_69_VEMULA-MB,Naguru,Naguru
KDP_C_70_47_Kasinayana,KDP_C_70_KASINAYANA-MB,Moolapalli,Moolapalle
KDP_C_70_47_Kasinayana,KDP_C_70_KASINAYANA-MB,Narasapuram,Narasapuram-3
KDP_C_70_47_Kasinayana,KDP_C_70_KASINAYANA-MB,Nayunipalli,Nayunipalle
KDP_C_70_46_Gopavarampalli,KDP_C_70_GOPAVARAMPALLI-MB,Obulapuram,Obulapuram-3
KDP_C_69_35_PULIVENDULA,KDP_C_69_PULIVENDULA-MB,Ahobilapuram,Ahobilapuram
KDP_C_70_49_SAVISETTIPALLI,KDP_C_70_SAVISETTIPALLI-MB,Pagadalapalli,Pagadalapalle
KDP_C_70_47_Kasinayana,KDP_C_70_KASINAYANA-MB,RF,Forest-38
KDP_C_70_49_SAVISETTIPALLI,KDP_C_70_SAVISETTIPALLI-MB,Savisettipalli,Savisettipalle
KDP_C_69_35_PULIVENDULA,KDP_C_69_PULIVENDULA-MB,Gundlamadugu,Gundlamadugu
KDP_C_70_47_Kasinayana,KDP_C_70_KASINAYANA-MB,Uppaluru,Uppalur-1
KDP_C_70_47_Kasinayana,KDP_C_70_KASINAYANA-MB,Vengalampalli,Vengalampalle-1
KDP_C_65_09_Khajipet,KDP_C_65_KHAJIPET-MB,Bhumayapalli,Bhumayapalle
KDP_C_69_35_PULIVENDULA,KDP_C_69_PULIVENDULA-MB,Yadavakunta,Yadavakunta
KDP_C_65_09_Khajipet,KDP_C_65_KHAJIPET-MB,Buddayapalli,Buddayapalem
KDP_C_65_08_Sidhout,KDP_C_65_SIDHOUT-MB,Chemullapalli,Chemullapalle
KDP_C_65_08_Sidhout,KDP_C_65_SIDHOUT-MB,Chennamukkapalli,Chennamukkapalle
KDP_C_69_36_LINGALA,KDP_C_69_LINGALA-MB,Peddakudala,Peddakudala
KDP_C_65_08_Sidhout,KDP_C_65_SIDHOUT-MB,Dumpalagattu,Dumpalagattu-1
KDP_C_68_25_MYDUKURU,KDP_C_68_MYDUKURU-MB,Eturu,Eturu-1
KDP_C_65_09_Khajipet,KDP_C_65_KHAJIPET-MB,K.Sunkesula,Khajipet Sunkesula
KDP_C_65_09_Khajipet,KDP_C_65_KHAJIPET-MB,Machupalli,Machupalle
KDP_C_69_36_LINGALA,KDP_C_69_LINGALA-MB,Chinnakudala,Chinnakudala
KDP_C_68_25_MYDUKURU,KDP_C_68_MYDUKURU-MB,Miduthuru,Miduthuru-1
KDP_C_65_09_Khajipet,KDP_C_65_KHAJIPET-MB,Nagasanipalli,Nagasanipalle
KDP_C_69_36_LINGALA,KDP_C_69_LINGALA-MB,Ippatla,Ippatla
KDP_C_65_09_Khajipet,KDP_C_65_KHAJIPET-MB,Pathuru,Pathur
KDP_C_65_09_Khajipet,KDP_C_65_KHAJIPET-MB,Pulluru,Pullur
KDP_C_65_09_Khajipet,KDP_C_65_KHAJIPET-MB,Ravulapalli,Ravulapalle
KDP_C_65_09_Khajipet,KDP_C_65_KHAJIPET-MB,Thavvaripalli,Thavvaripalle
KDP_C_65_09_Khajipet,KDP_C_65_KHAJIPET-MB,Tudumuladinne,Thudumuladinne-1
KDP_C_69_36_LINGALA,KDP_C_69_LINGALA-MB,Peddarangapuram,Peddarangapuram
KDP_C_69_36_LINGALA,KDP_C_69_LINGALA-MB,Chinnarangapuram,Chinnarangapuram
KDP_C_71_69_Anantharajupet,KDP_C_71_ANANTHARAJUPET-MB,Anantaraju peta,Anantharajupeta
KDP_C_71_71_Settigunta,KDP_C_71_SETTIGUNTA-MB,Chiyyavaram,Chiyyavaram-1
KDP_C_71_69_Anantharajupet,KDP_C_71_ANANTHARAJUPET-MB,Ganga Raja puram,Gangarajupuram
KDP_C_71_70_Koduru,KDP_C_71_KODURU-MB,K.Puram Agraharam,Kitchamambapuram Agraharam
KDP_C_71_70_Koduru,KDP_C_71_KODURU-MB,Koduru,Kodur (East)
KDP_C_71_69_Anantharajupet,KDP_C_71_ANANTHARAJUPET-MB,Raghava Rajapuram,Raghavarajupuram
KDP_C_71_69_Anantharajupet,KDP_C_71_ANANTHARAJUPET-MB,RF,Forest-93
KDP_C_71_70_Koduru,KDP_C_71_KODURU-MB,RF,Forest-99
KDP_C_71_71_Settigunta,KDP_C_71_SETTIGUNTA-MB,RF,Forest-97
KDP_C_69_38_KAMASAMUDRAM,KDP_C_69_KAMASAMUDRAM-MB,Bonala,Bonala
KDP_C_71_72_Seshachala Forest,KDP_C_71_SESHACHAL FOREST-MB,RF,Forest-97
KDP_C_69_38_KAMASAMUDRAM,KDP_C_69_KAMASAMUDRAM-MB,Dondlavagu,Dondlavagu
KDP_C_71_71_Settigunta,KDP_C_71_SETTIGUNTA-MB,Settigunta,Settigunta-1
KDP_C_69_38_KAMASAMUDRAM,KDP_C_69_KAMASAMUDRAM-MB,Rayalapuram,Rayalapuram
KDP_C_71_71_Settigunta,KDP_C_71_SETTIGUNTA-MB,Upparapalle,Upparapalle-3
KDP_C_71_70_Koduru,KDP_C_71_KODURU-MB,V.V Kandrika,Vasudevapuram-2
KDP_C_71_70_Koduru,KDP_C_71_KODURU-MB,Vasudevapuram,Vasudevapuram-2
KDP_C_67_17_ETURU,KDP_C_67_ETURU-MB,Beduduru,Bedaduru
KDP_C_65_01_Chamaluru,KDP_C_65_CHAMALURU-MB,Bukkapatnam,Bukkapatnam-1
KDP_C_69_39_SIMHADRIPURAM,KDP_C_69_SIMHADRIPURAM-MB,Theliki,Theliki
KDP_C_65_02_Regadipalli,KDP_C_65_REGADIPALLI-MB,Burujupalli,Burujupalli-1
KDP_C_69_39_SIMHADRIPURAM,KDP_C_69_SIMHADRIPURAM-MB,Ravulakolanu,Ravulakolanu
KDP_C_67_16_KONDAPURAM,KDP_C_67_KONDAPURAM-MB,Chinnamanenipalli,Chennamanenipalle
KDP_C_65_02_Regadipalli,KDP_C_65_REGADIPALLI-MB,Choutapalli,Chowtapalli
KDP_C_65_02_Regadipalli,KDP_C_65_REGADIPALLI-MB,Fakirpet,Fakhirpeta
KDP_C_65_04_Gandikota,KDP_C_65_GADIKOTA-MB,Gandluru,Gandaluru
KDP_C_65_02_Regadipalli,KDP_C_65_REGADIPALLI-MB,Gangavaram,Gangapuram
KDP_C_69_39_SIMHADRIPURAM,KDP_C_69_SIMHADRIPURAM-MB,Bidinamcherla,Bidinamcherla
KDP_C_69_39_SIMHADRIPURAM,KDP_C_69_SIMHADRIPURAM-MB,Himakuntla,Himakuntla
KDP_C_69_39_SIMHADRIPURAM,KDP_C_69_SIMHADRIPURAM-MB,Nidivelagala,Nidivelagala
KDP_C_69_39_SIMHADRIPURAM,KDP_C_69_SIMHADRIPURAM-MB,Agraharam,Agraharam
KDP_C_65_02_Regadipalli,KDP_C_65_REGADIPALLI-MB,K.Brahmanapalli,K.Bommepalli
KDP_C_69_39_SIMHADRIPURAM,KDP_C_69_SIMHADRIPURAM-MB,Lomada,Lomada
KDP_C_65_02_Regadipalli,KDP_C_65_REGADIPALLI-MB,K.Sugumanchapalli,K.Sugumanchipalle
KDP_C_65_01_Chamaluru,KDP_C_65_CHAMALURU-MB,Koduru,Koduru-1
KDP_C_70_49_SAVISETTIPALLI,KDP_C_70_SAVISETTIPALLI-MB,Mudumala,Mudumala
KDP_C_65_02_Regadipalli,KDP_C_65_REGADIPALLI-MB,Konavarapall,Konavaripalli
KDP_C_70_49_SAVISETTIPALLI,KDP_C_70_SAVISETTIPALLI-MB,Godlaveedu,Godlaveedu
KDP_C_67_16_KONDAPURAM,KDP_C_67_KONDAPURAM-MB,Kondapuram,Kondapuram-3
KDP_C_67_16_KONDAPURAM,KDP_C_67_KONDAPURAM-MB,Lavanur,Lavanuru
KDP_C_67_16_KONDAPURAM,KDP_C_67_KONDAPURAM-MB,Lingamanenipalli,Lingamanenipalle
KDP_C_70_49_SAVISETTIPALLI,KDP_C_70_SAVISETTIPALLI-MB,Katheragandla,Katheragandla
KDP_C_65_01_Chamaluru,KDP_C_65_CHAMALURU-MB,Nagamalladinne,Nagamalla Dinne
KDP_C_65_01_Chamaluru,KDP_C_65_CHAMALURU-MB,Nekanampet,Neknampeta
KDP_C_70_49_SAVISETTIPALLI,KDP_C_70_SAVISETTIPALLI-MB,Vankamarri,Vankamarri
KDP_C_67_16_KONDAPURAM,KDP_C_67_KONDAPURAM-MB,Obannapet,Obannapeta
KDP_C_70_49_SAVISETTIPALLI,KDP_C_70_SAVISETTIPALLI-MB,Akkampet,Akkampet
KDP_C_67_16_KONDAPURAM,KDP_C_67_KONDAPURAM-MB,Penujuvvi,Penjuvvi
KDP_C_70_50_PORUMAMILLA,KDP_C_70_PORUMAMILLA-MB,Munnelli,Munnelli
KDP_C_67_16_KONDAPURAM,KDP_C_67_KONDAPURAM-MB,Pottipadu,Pottipadu-4
KDP_C_65_02_Regadipalli,KDP_C_65_REGADIPALLI-MB,Regadipalli,Regadipally
KDP_C_65_02_Regadipalli,KDP_C_65_REGADIPALLI-MB,Thallaprodduturu,Thallaproddatur-1
KDP_C_67_16_KONDAPURAM,KDP_C_67_KONDAPURAM-MB,Venkaiahkalva,Venkaiah Kalva
KDP_C_67_17_ETURU,KDP_C_67_ETURU-MB,Yanamalachintala,Yenamalachintala
KDP_C_65_01_Chamaluru,KDP_C_65_CHAMALURU-MB,Yerragudi,Yerragudi-1
KDP_C_70_50_PORUMAMILLA,KDP_C_70_PORUMAMILLA-MB,Vemakunta,Vemakunta
KDP_C_70_50_PORUMAMILLA,KDP_C_70_PORUMAMILLA-MB,Kamakunta,Kamakunta
KDP_C_67_17_ETURU,KDP_C_67_ETURU-MB,Yeturu,Eturu
KDP_C_71_57_L.R.PALLI,KDP_C_71_L.R.PALLI-MB,Anantapuram,Ananthapuram-3
KDP_C_71_56_Ramapuram,KDP_C_71_RAMAPURAM-MB,B Yarragudi,Brahmana Yerragudi
KDP_C_71_57_L.R.PALLI,KDP_C_71_L.R.PALLI-MB,Dappepalli,Dappepalle
KDP_C_71_57_L.R.PALLI,KDP_C_71_L.R.PALLI-MB,Gudlavaripalli,Gudlavaripalle
KDP_C_71_57_L.R.PALLI,KDP_C_71_L.R.PALLI-MB,Lakkireddipalli,Lakkireddipalle-1
KDP_C_71_57_L.R.PALLI,KDP_C_71_L.R.PALLI-MB,Narahari Bhatlapalli,Naraharibhatla Palle
KDP_C_71_57_L.R.PALLI,KDP_C_71_L.R.PALLI-MB,Pandillapalli,Pandillapalle-1
KDP_C_71_57_L.R.PALLI,KDP_C_71_L.R.PALLI-MB,Somabhatlapalli,Somabotlapalle
KDP_C_70_51_BADVEL,KDP_C_70_BADVEL-MB,M.Narasimhapuram,M.Narasimhapuram
KDP_C_69_37_KONAMPALLI,KDP_C_69_KONAMPALLI-MB,Ambakapalli,Ambakapalle
KDP_C_69_36_LINGALA,KDP_C_69_LINGALA-MB,Gunakanapalli,Gunakanepalle
KDP_C_70_51_BADVEL,KDP_C_70_BADVEL-MB,Prabhalaveedu,Prabhalaveedu
KDP_C_69_36_LINGALA,KDP_C_69_LINGALA-MB,Herojipuram,Herojipuram-1
KDP_C_69_38_KAMASAMUDRAM,KDP_C_69_KAMASAMUDRAM-MB,Kamasamudram,Kamasamudram-1
KDP_C_67_18_PARNAPALLI,KDP_C_67_PARNAPALLI-MB,Komanutala,Kommanuthala
KDP_C_69_36_LINGALA,KDP_C_69_LINGALA-MB,Lingala,Lingala-3
KDP_C_69_38_KAMASAMUDRAM,KDP_C_69_KAMASAMUDRAM-MB,Lopatlanutala,Lopatnuthala
KDP_C_69_36_LINGALA,KDP_C_69_LINGALA-MB,Murarichintala,Murarichintala-1
KDP_C_69_36_LINGALA,KDP_C_69_LINGALA-MB,Narasimharaopalli,Narsingaraopalle
KDP_C_67_18_PARNAPALLI,KDP_C_67_PARNAPALLI-MB,Parnapalli,Parnapalle-1
KDP_C_69_36_LINGALA,KDP_C_69_LINGALA-MB,Ramatnutalapalli,Ramanuthalapalle
KDP_C_69_36_LINGALA,KDP_C_69_LINGALA-MB,Vadlavaripalli,Vadlavaripalle
KDP_C_65_15_MUDDANURU,KDP_C_65_MUDDANURU-MB,Aravitipalli,Aravetipalle
KDP_C_70_51_BADVEL,KDP_C_70_BADVEL-MB,Venkataramapuram,Venkataramapuram
KDP_C_65_15_MUDDANURU,KDP_C_65_MUDDANURU-MB,Chintakunta,Chintakunta-5
KDP_C_70_51_BADVEL,KDP_C_70_BADVEL-MB,Middepadu,Middepadu
KDP_C_65_15_MUDDANURU,KDP_C_65_MUDDANURU-MB,Denepalli,Denepalle
KDP_C_65_04_Gandikota,KDP_C_65_GADIKOTA-MB,DiguvaBrahmanapalli,Diguva Brahmanapalle
KDP_C_65_15_MUDDANURU,KDP_C_65_MUDDANURU-MB,K.Thimmapuram,K.Thimmapuram-1
KDP_C_65_15_MUDDANURU,KDP_C_65_MUDDANURU-MB,Kadaravikothapalli,Kadasani Kothapalle
KDP_C_65_04_Gandikota,KDP_C_65_GADIKOTA-MB,Kibili Rangapuram,Kibili Raghavapuram
KDP_C_70_51_BADVEL,KDP_C_70_BADVEL-MB,Tiruvengalapuram,Tiruvengalapuram
KDP_C_65_04_Gandikota,KDP_C_65_GADIKOTA-MB,korrapadu,Korrapadu-2
KDP_C_65_15_MUDDANURU,KDP_C_65_MUDDANURU-MB,Kosinepalli,Kosinepalle
KDP_C_65_04_Gandikota,KDP_C_65_GADIKOTA-MB,Mangapatnam,Mangapatnam-1
KDP_C_65_15_MUDDANURU,KDP_C_65_MUDDANURU-MB,Muddanuru,Muddanur-1
KDP_C_65_15_MUDDANURU,KDP_C_65_MUDDANURU-MB,Nallaballi,Nallaballe
KDP_C_70_51_BADVEL,KDP_C_70_BADVEL-MB,Chintalacheruvu,Chintalacheruvu
KDP_C_65_04_Gandikota,KDP_C_65_GADIKOTA-MB,Obulapuram,Obulapuram-5
KDP_C_69_41_Uppaluru,KDP_C_69_UPPALURU-MB,Rajulaguruvaiah palli,Rajulaguruvaiahpalle
KDP_C_69_41_Uppaluru,KDP_C_69_UPPALURU-MB,Uppaluru,Uppalur-3
KDP_C_69_41_Uppaluru,KDP_C_69_UPPALURU-MB,Velpuracharla,Velpucherla-1
KDP_C_68_25_MYDUKURU,KDP_C_68_MYDUKURU-MB,Adireddypalli,Audireddipalle
KDP_C_65_09_Khajipet,KDP_C_65_KHAJIPET-MB,Annaluru,Annalur
KDP_C_68_25_MYDUKURU,KDP_C_68_MYDUKURU-MB,Gaddamayapalli,Gaddamayapalle
KDP_C_68_25_MYDUKURU,KDP_C_68_MYDUKURU-MB,Ganjikunta,Ganjikunta-1
KDP_C_68_25_MYDUKURU,KDP_C_68_MYDUKURU-MB,Lingaladinne,Lingaladinne-1
KDP_C_65_09_Khajipet,KDP_C_65_KHAJIPET-MB,Mittamanipalli,Mittamanipalle
KDP_C_68_25_MYDUKURU,KDP_C_68_MYDUKURU-MB,Mudireddypalli,Mudireddipalle
KDP_C_65_09_Khajipet,KDP_C_65_KHAJIPET-MB,Nandyalampet,Nandyalampeta
KDP_C_65_09_Khajipet,KDP_C_65_KHAJIPET-MB,Settivaripalli,Settivaripalle
KDP_C_65_09_Khajipet,KDP_C_65_KHAJIPET-MB,Sivapuram,Sivapuram-1
KDP_C_65_09_Khajipet,KDP_C_65_KHAJIPET-MB,Somayajulapalli,Somayajulapalle
KDP_C_68_25_MYDUKURU,KDP_C_68_MYDUKURU-MB,Tippireddypalli,Thippireddipalle
KDP_C_70_52_B.MATAM,KDP_C_70_B.MATAM-MB,Gundapuram,Gundapuram
KDP_C_70_52_B.MATAM,KDP_C_70_B.MATAM-MB,G.Narasimhapuram,G.Narasimhapuram
KDP_C_68_25_MYDUKURU,KDP_C_68_MYDUKURU-MB,Vanipenta,Onipenta
KDP_C_68_19_T.M.PATNAM,KDP_C_68_T.M.PATNAM-MB,A.Kambaladinne,Ayyavari Kambala Dinne
KDP_C_68_19_T.M.PATNAM,KDP_C_68_T.M.PATNAM-MB,B. Venkatapuram,Bestavemula Venkatapuram
KDP_C_70_53_REKULAKUNTA,KDP_C_70_REKULAKUNTA-MB,Boodavada,Boodavada
KDP_C_68_19_T.M.PATNAM,KDP_C_68_T.M.PATNAM-MB,Chinnakomerla,Chinna Komerla
KDP_C_70_53_REKULAKUNTA,KDP_C_70_REKULAKUNTA-MB,Rekalakunta,Rekalakunta
KDP_C_68_19_T.M.PATNAM,KDP_C_68_T.M.PATNAM-MB,Chinnaventurla,Chinna Venthurla
KDP_C_68_19_T.M.PATNAM,KDP_C_68_T.M.PATNAM-MB,Dhodium,Dhodium-1
KDP_C_68_19_T.M.PATNAM,KDP_C_68_T.M.PATNAM-MB,Dugganapalli,Duggana Palle
KDP_C_70_53_REKULAKUNTA,KDP_C_70_REKULAKUNTA-MB,D.Narasimhapuram,D.Narasimhapuram
KDP_C_68_19_T.M.PATNAM,KDP_C_68_T.M.PATNAM-MB,Gollapalli,Gollapalle-1
KDP_C_70_53_REKULAKUNTA,KDP_C_70_REKULAKUNTA-MB,Vanampula,Vanampula
KDP_C_65_03_J.Madugu,KDP_C_65_J.MADUGU-MB,Khadarabad,Khaderabad
KDP_C_68_19_T.M.PATNAM,KDP_C_68_T.M.PATNAM-MB,Kona Anantapuram,Kona Annathapuram
KDP_C_70_53_REKULAKUNTA,KDP_C_70_REKULAKUNTA-MB,Konasamudram,Konasamudram
KDP_C_65_03_J.Madugu,KDP_C_65_J.MADUGU-MB,Lingapuram,Lingapuram-1
KDP_C_68_19_T.M.PATNAM,KDP_C_68_T.M.PATNAM-MB,M.Kambaladinne,Malameedi Kambala Dinne
KDP_C_68_19_T.M.PATNAM,KDP_C_68_T.M.PATNAM-MB,Madhavaram,Madhavapuram
KDP_C_65_01_Chamaluru,KDP_C_65_CHAMALURU-MB,Murugampalli,Murugampalli
KDP_C_65_03_J.Madugu,KDP_C_65_J.MADUGU-MB,Mylavaram,Mylavaram-2
KDP_C_68_19_T.M.PATNAM,KDP_C_68_T.M.PATNAM-MB,Nakkavanipalli,Nakkavanipalle
KDP_C_65_01_Chamaluru,KDP_C_65_CHAMALURU-MB,Sankepalli,Sankepalli
KDP_C_65_03_J.Madugu,KDP_C_65_J.MADUGU-MB,Nelanoothala,Nelanuthala
KDP_C_65_01_Chamaluru,KDP_C_65_CHAMALURU-MB,Chamaluru,Chamaluru
KDP_C_65_01_Chamaluru,KDP_C_65_CHAMALURU-MB,Koppolu,Koppolu
KDP_C_68_19_T.M.PATNAM,KDP_C_68_T.M.PATNAM-MB,Ponnampalli,Ponnampalle
KDP_C_65_01_Chamaluru,KDP_C_65_CHAMALURU-MB,K.Bommepalli,K.Bommepalli
KDP_C_68_19_T.M.PATNAM,KDP_C_68_T.M.PATNAM-MB,Ramachandrayapalli,Ramachandrayapalle
KDP_C_68_19_T.M.PATNAM,KDP_C_68_T.M.PATNAM-MB,Talamanchipatnam,Talamanchi Patnam-1
KDP_C_68_19_T.M.PATNAM,KDP_C_68_T.M.PATNAM-MB,Vaddiralla,Vaddirala
KDP_C_71_76_NANDALURU,KDP_C_71_NANDALURU-MB,Jangalapalli,Jangalapalle-4
KDP_C_71_76_NANDALURU,KDP_C_71_NANDALURU-MB,Komarunipalli,Komarunipalle
KDP_C_65_02_Regadipalli,KDP_C_65_REGADIPALLI-MB,Mutchumarri,Mutchumarri
KDP_C_65_07_Vontimitta,KDP_C_65_VONTIMITTA-MB,Konapuram,Konapuram-1
KDP_C_65_02_Regadipalli,KDP_C_65_REGADIPALLI-MB,Jogapuram,Jogapuram
KDP_C_71_76_NANDALURU,KDP_C_71_NANDALURU-MB,L.Mangamambapuram,Lebaka Manga Mamba Puram
KDP_C_71_76_NANDALURU,KDP_C_71_NANDALURU-MB,Lebaka,Lebaka-1
KDP_C_71_76_NANDALURU,KDP_C_71_NANDALURU-MB,N.Thimmayapalli,Nallathimmayapalle
KDP_C_71_76_NANDALURU,KDP_C_71_NANDALURU-MB,Nagireddipalli,Nagireddipalle-2
KDP_C_65_02_Regadipalli,KDP_C_65_REGADIPALLI-MB,K.Venkatapuram,K.Venkatapuram
KDP_C_71_76_NANDALURU,KDP_C_71_NANDALURU-MB,Nandaluru,Nandalur-1
KDP_C_71_76_NANDALURU,KDP_C_71_NANDALURU-MB,Nookinenipalli,Nookinenipalle
KDP_C_65_06_Peddapalli,KDP_C_65_PEDDAPALLI-MB,Pennaperuru,Pennaperuru
KDP_C_71_76_NANDALURU,KDP_C_71_NANDALURU-MB,Paturu,Patur-1
KDP_C_71_76_NANDALURU,KDP_C_71_NANDALURU-MB,Rangayapalli(SM),Rangayapalle
KDP_C_71_76_NANDALURU,KDP_C_71_NANDALURU-MB,Tangaturu,Tanguturu
KDP_C_71_76_NANDALURU,KDP_C_71_NANDALURU-MB,Tangaturu Vengamambapuram,Tangutur Vengamambapuram
KDP_C_71_77_SIRIVARAM,KDP_C_71_SIRIVARAM-MB,Thimma Rajupalli(SM),Thimmarajupalle
KDP_C_65_06_Peddapalli,KDP_C_65_PEDDAPALLI-MB,Gundlamoola,Gundlamoola
KDP_C_65_06_Peddapalli,KDP_C_65_PEDDAPALLI-MB,Nekanapuram,Nekanapuram
KDP_C_71_76_NANDALURU,KDP_C_71_NANDALURU-MB,Y.Rajupalle,Yellamarajupalle
KDP_C_71_73_PENAGALURU,KDP_C_71_PENAGALURU-MB,Bommavaram,Bommavaram-1
KDP_C_71_68_PULLAMPET,KDP_C_71_PULLAMPET-MB,Gadela,Gadela-1
KDP_C_71_73_PENAGALURU,KDP_C_71_PENAGALURU-MB,Govindampalli,Govindampalle
KDP_C_71_68_PULLAMPET,KDP_C_71_PULLAMPET-MB,Gubbuvaripalli,Gobburuvaripalle
KDP_C_71_68_PULLAMPET,KDP_C_71_PULLAMPET-MB,Korla kunta,Korlakunta-2
KDP_C_71_68_PULLAMPET,KDP_C_71_PULLAMPET-MB,Mangampeta,Mangampeta-1
KDP_C_65_07_Vontimitta,KDP_C_65_VONTIMITTA-MB,Gundlamada,Gundlamada
KDP_C_71_68_PULLAMPET,KDP_C_71_PULLAMPET-MB,Nukanapalli,Nukanapalle-1
KDP_C_71_68_PULLAMPET,KDP_C_71_PULLAMPET-MB,Pedda Orampadu,Pedda Rampadu
KDP_C_71_68_PULLAMPET,KDP_C_71_PULLAMPET-MB,Venkatesapuram,Venkatesapuram-1
KDP_C_71_68_PULLAMPET,KDP_C_71_PULLAMPET-MB,Y Kota,Yerraguntakota-1
KDP_C_68_21_PEDDAMUDIUM,KDP_C_68_PEDDAMUDIUM-MB,Balapanagudur,Balapana Gudur
KDP_C_65_07_Vontimitta,KDP_C_65_VONTIMITTA-MB,Gangaperuru,Gangaperuru
KDP_C_68_19_T.M.PATNAM,KDP_C_68_T.M.PATNAM-MB,Bodithippanapadu,Boditippanapadu
KDP_C_68_19_T.M.PATNAM,KDP_C_68_T.M.PATNAM-MB,Chadipiralladinne,Chidipiralladinne
KDP_C_65_07_Vontimitta,KDP_C_65_VONTIMITTA-MB,Mangampeta,Mangampeta
KDP_C_68_19_T.M.PATNAM,KDP_C_68_T.M.PATNAM-MB,Chinnamudium,Chinamudium
KDP_C_68_20_DIGUVAKALVATALA,KDP_C_68_DIGUVAKALVATALA-MB,Diguvakalvatala,Diguva Kalvatala-1
KDP_C_68_23_CHAPADU,KDP_C_68_CHAPADU-MB,G.Kothapalli,G. Kothapalle
KDP_C_68_19_T.M.PATNAM,KDP_C_68_T.M.PATNAM-MB,Garisalur,Garisaluru
KDP_C_65_07_Vontimitta,KDP_C_65_VONTIMITTA-MB,Kommuru,Kommuru
KDP_C_68_20_DIGUVAKALVATALA,KDP_C_68_DIGUVAKALVATALA-MB,Gopalapuram,Gopalapuram-3
KDP_C_68_19_T.M.PATNAM,KDP_C_68_T.M.PATNAM-MB,Gundlakunta,Gundlakunta-1
KDP_C_65_10_PENDLIMARI,KDP_C_65_PENDLIMARI-MB,Tappetla,Tappetla
KDP_C_68_21_PEDDAMUDIUM,KDP_C_68_PEDDAMUDIUM-MB,J.Kothapalli,J.Kottalapalle
KDP_C_68_21_PEDDAMUDIUM,KDP_C_68_PEDDAMUDIUM-MB,Jangalapalli,Jangalapalle
KDP_C_68_22_RAJUPALEM,KDP_C_68_RAJUPALEM-MB,N.Kottalapalli,N.Kottalapalle
KDP_C_65_10_PENDLIMARI,KDP_C_65_PENDLIMARI-MB,Venkatesapuram,Venkatesapuram
KDP_C_68_20_DIGUVAKALVATALA,KDP_C_68_DIGUVAKALVATALA-MB,Nagarajupalli,Nagarajupalle
KDP_C_68_20_DIGUVAKALVATALA,KDP_C_68_DIGUVAKALVATALA-MB,Nagireddypalli,Nagireddypalle
KDP_C_68_22_RAJUPALEM,KDP_C_68_RAJUPALEM-MB,Nemalladinne,Nemalladinne-2
KDP_C_68_20_DIGUVAKALVATALA,KDP_C_68_DIGUVAKALVATALA-MB,Paluru,Palur-1
KDP_C_68_20_DIGUVAKALVATALA,KDP_C_68_DIGUVAKALVATALA-MB,Papayapalli,Papayapalle-1
KDP_C_68_21_PEDDAMUDIUM,KDP_C_68_PEDDAMUDIUM-MB,Peddamudium,Peddamudium-1
KDP_C_68_22_RAJUPALEM,KDP_C_68_RAJUPALEM-MB,Peddapasupala,Peddapasupula
KDP_C_65_10_PENDLIMARI,KDP_C_65_PENDLIMARI-MB,Lebaka,Lebaka
KDP_C_68_21_PEDDAMUDIUM,KDP_C_68_PEDDAMUDIUM-MB,Suddapalli,Suddapalle
KDP_C_68_22_RAJUPALEM,KDP_C_68_RAJUPALEM-MB,Ulavapalli,Ulavapalle
KDP_C_68_21_PEDDAMUDIUM,KDP_C_68_PEDDAMUDIUM-MB,Uppaluru,Uppalur-2
KDP_C_71_75_KONDURU,KDP_C_71_KONDURU-MB,Damancherla,Damancherla-1
KDP_C_65_10_PENDLIMARI,KDP_C_65_PENDLIMARI-MB,Rampathadu,Rampathadu
KDP_C_71_75_KONDURU,KDP_C_71_KONDURU-MB,Etimarpuram,Itimarpuram
KDP_C_71_73_PENAGALURU,KDP_C_71_PENAGALURU-MB,Indluru,Indlur
KDP_C_71_73_PENAGALURU,KDP_C_71_PENAGALURU-MB,Jeltivaripalli,Jattivaripalle
KDP_C_65_10_PENDLIMARI,KDP_C_65_PENDLIMARI-MB,A.Ramachandrapuram,A.Ramachandrapuram
KDP_C_71_73_PENAGALURU,KDP_C_71_PENAGALURU-MB,Kamantha Rajupuram,Komantharajupuram
KDP_C_71_75_KONDURU,KDP_C_71_KONDURU-MB,Kondur,Kondur-1
KDP_C_71_75_KONDURU,KDP_C_71_KONDURU-MB,Kondur C.Samudram,Konduruchinraya Samudram
KDP_C_71_73_PENAGALURU,KDP_C_71_PENAGALURU-MB,Nallapureddypalli,Nallapureddipalle
KDP_C_65_14_MALLEMADUGU,KDP_C_65_MALLEMADUGU-MB,Peddayapalli,Peddayapalle
KDP_C_71_73_PENAGALURU,KDP_C_71_PENAGALURU-MB,Penagaluru,Penagalur
KDP_C_71_73_PENAGALURU,KDP_C_71_PENAGALURU-MB,Penagaluru Agraharam,Penagalur
KDP_C_65_13_GOPAVARAM,KDP_C_65_GOPAVARAM-MB,North Ramapuram,North Ramapuram
KDP_C_65_13_GOPAVARAM,KDP_C_65_GOPAVARAM-MB,South Ramapuram,South Ramapuram
KDP_C_71_73_PENAGALURU,KDP_C_71_PENAGALURU-MB,Pondaluru,Pondalur
KDP_C_65_13_GOPAVARAM,KDP_C_65_GOPAVARAM-MB,Boddecherla,Boddecherla
KDP_C_71_73_PENAGALURU,KDP_C_71_PENAGALURU-MB,Pondaluru V.Palli.,Pondalur
KDP_C_65_13_GOPAVARAM,KDP_C_65_GOPAVARAM-MB,Viswanathapuram,Viswanathapuram
KDP_C_65_13_GOPAVARAM,KDP_C_65_GOPAVARAM-MB,Obulam,Obulam
KDP_C_71_73_PENAGALURU,KDP_C_71_PENAGALURU-MB,S.V.Puram,Singanamalavengamambapuram
KDP_C_71_73_PENAGALURU,KDP_C_71_PENAGALURU-MB,Siddavaram,Singanamala-2
KDP_C_65_14_MALLEMADUGU,KDP_C_65_MALLEMADUGU-MB,Mallemadugu,Mallemadugu
KDP_C_71_73_PENAGALURU,KDP_C_71_PENAGALURU-MB,Singanamala,Singanamala-2
KDP_C_71_73_PENAGALURU,KDP_C_71_PENAGALURU-MB,Singanamala C.Samudram,Singanamalachennarayasamudram
KDP_C_71_73_PENAGALURU,KDP_C_71_PENAGALURU-MB,Singareddipalli,Singareddipalle-1
KDP_C_71_77_SIRIVARAM,KDP_C_71_SIRIVARAM-MB,Sirivaram,Sirivaram-1
KDP_C_65_15_MUDDANURU,KDP_C_65_MUDDANURU-MB,Yamavaram,Yamavaram
KDP_C_71_77_SIRIVARAM,KDP_C_71_SIRIVARAM-MB,Thirunampalli,Thirunampalle
KDP_C_71_75_KONDURU,KDP_C_71_KONDURU-MB,V.M.Puram,Yelagacherla Mangamambapuram
KDP_C_69_44_NANDIMANDALAM,KDP_C_69_NANDIMANDALAM-MB,AmniViswanathapuram,Amaniviswanathapuram
KDP_C_69_44_NANDIMANDALAM,KDP_C_69_NANDIMANDALAM-MB,Binduraopalli,Binduraopalle
KDP_C_65_10_PENDLIMARI,KDP_C_65_PENDLIMARI-MB,Cheemalapenta,Cheemalapenta-1
KDP_C_65_15_MUDDANURU,KDP_C_65_MUDDANURU-MB,Bondalakunta,Bondalakunta
KDP_C_65_15_MUDDANURU,KDP_C_65_MUDDANURU-MB,Chinnadudyala,Chinnadudyala
KDP_C_65_15_MUDDANURU,KDP_C_65_MUDDANURU-MB,Kalamalla,Kalamalla
KDP_C_65_10_PENDLIMARI,KDP_C_65_PENDLIMARI-MB,Chennamarajupalli,Chennamraju Palle
KDP_C_65_10_PENDLIMARI,KDP_C_65_PENDLIMARI-MB,Chinnadasaripalli,Chinna Dasaripalle
KDP_C_65_10_PENDLIMARI,KDP_C_65_PENDLIMARI-MB,Eguvapalli,Eguva Palle
KDP_C_65_11_CHENNURU,KDP_C_65_CHENNURU-MB,Ganganapalli,Ganganapalle-1
KDP_C_65_10_PENDLIMARI,KDP_C_65_PENDLIMARI-MB,Gondipalli,Gondipalle
KDP_C_69_26_Veligallu,KDP_C_69_VELIGALLU-MB,Veligallu,Veligallu
KDP_C_65_11_CHENNURU,KDP_C_65_CHENNURU-MB,K.Giriyampalli,Kothagiriapalle
KDP_C_69_44_NANDIMANDALAM,KDP_C_69_NANDIMANDALAM-MB,Konayapalli,Konayapalle
KDP_C_69_44_NANDIMANDALAM,KDP_C_69_NANDIMANDALAM-MB,Konduru,Konduru-2
KDP_C_69_27_GALIVEEDU,KDP_C_69_GALIVEEDU-MB,Pulikunta,Pulikunta
KDP_C_69_44_NANDIMANDALAM,KDP_C_69_NANDIMANDALAM-MB,Kothapeta,Kothapeta-5
KDP_C_69_44_NANDIMANDALAM,KDP_C_69_NANDIMANDALAM-MB,Machanuru,Machanur-1
KDP_C_69_27_GALIVEEDU,KDP_C_69_GALIVEEDU-MB,Garugupalle,Garugupalle
KDP_C_69_27_GALIVEEDU,KDP_C_69_GALIVEEDU-MB,Gundlacheruvu,Gundlacheruvu
KDP_C_65_10_PENDLIMARI,KDP_C_65_PENDLIMARI-MB,Moillakalva,Moillakalava
KDP_C_69_27_GALIVEEDU,KDP_C_69_GALIVEEDU-MB,Pyarampalle,Pyarampalle
KDP_C_65_10_PENDLIMARI,KDP_C_65_PENDLIMARI-MB,Pagadalapalli,Pagadalapalle-1
KDP_C_69_27_GALIVEEDU,KDP_C_69_GALIVEEDU-MB,Araveedu,Araveedu
KDP_C_69_27_GALIVEEDU,KDP_C_69_GALIVEEDU-MB,Eguvagottiveedu,Eguvagottiveedu
KDP_C_65_10_PENDLIMARI,KDP_C_65_PENDLIMARI-MB,Pedddadasaripalli,Pedda Dasaripalle
KDP_C_65_10_PENDLIMARI,KDP_C_65_PENDLIMARI-MB,Pendlimarri,Pendlimarri-2
KDP_C_65_10_PENDLIMARI,KDP_C_65_PENDLIMARI-MB,Ramapuram,Ramapuram  @  Mittameedapalle
KDP_C_69_28_SURABHI,KDP_C_69_SURABHI-MB,Surabhi,Surabhi
KDP_C_65_10_PENDLIMARI,KDP_C_65_PENDLIMARI-MB,Sangatipalli,Sangatipalle
KDP_C_65_11_CHENNURU,KDP_C_65_CHENNURU-MB,Tippireddypalli,Thippireddipalle-1
KDP_C_69_44_NANDIMANDALAM,KDP_C_69_NANDIMANDALAM-MB,Tummaluru,Tummalur
KDP_C_65_10_PENDLIMARI,KDP_C_65_PENDLIMARI-MB,Vellaturu,Vellatur
KDP_C_69_30_Chakrayapeta,KDP_C_69_CHAKRAYAPET-MB,Idupulapaya,Idupulapaya
KDP_C_69_30_Chakrayapeta,KDP_C_69_CHAKRAYAPET-MB,Anjaneyapuram,Anjaneyapuram
KDP_C_70_48_Akkalreddypalli,KDP_C_70_AKKALREDDYPALLI-MB,Akkalreddypalli,Akkalreddipalle-1
KDP_C_70_50_PORUMAMILLA,KDP_C_70_PORUMAMILLA-MB,Bopparum,Boppapuram
KDP_C_70_48_Akkalreddypalli,KDP_C_70_AKKALREDDYPALLI-MB,Buchampalli,Buchampalle
KDP_C_70_50_PORUMAMILLA,KDP_C_70_PORUMAMILLA-MB,Chennareddypet,Chennareddipeta
KDP_C_70_48_Akkalreddypalli,KDP_C_70_AKKALREDDYPALLI-MB,Cherlopalli,Cherlopalle
KDP_C_69_34_N.PALAGIRI,KDP_C_69_N.PALAGIRI-MB,Udavagandla,Udavagandla
KDP_C_69_34_N.PALAGIRI,KDP_C_69_N.PALAGIRI-MB,Agadur,Agadur
KDP_C_70_51_BADVEL,KDP_C_70_BADVEL-MB,Chinnakrishnapuram,Chennakrishnapuram
KDP_C_69_34_N.PALAGIRI,KDP_C_69_N.PALAGIRI-MB,Moillacheruvu,Moillacheruvu
KDP_C_70_51_BADVEL,KDP_C_70_BADVEL-MB,Chinnayapalli,Chinnayapalle
KDP_C_70_48_Akkalreddypalli,KDP_C_70_AKKALREDDYPALLI-MB,Chinnayarasala,Chinayerasala
KDP_C_70_50_PORUMAMILLA,KDP_C_70_PORUMAMILLA-MB,Dammanapalli,Dammanapalle
KDP_C_70_51_BADVEL,KDP_C_70_BADVEL-MB,Ganugapenta,Ganugapenta-2
KDP_C_70_48_Akkalreddypalli,KDP_C_70_AKKALREDDYPALLI-MB,Korrapatipalli,Korrapatupalle
KDP_C_70_48_Akkalreddypalli,KDP_C_70_AKKALREDDYPALLI-MB,Lachampeta,Lachampalle
KDP_C_69_40_Thonduru,KDP_C_69_THONDURU-MB,Mallela,Mallela
KDP_C_70_48_Akkalreddypalli,KDP_C_70_AKKALREDDYPALLI-MB,Musalreddypalli,Musalreddipalle
KDP_C_69_41_Uppaluru,KDP_C_69_UPPALURU-MB,Penikalapadu,Penikalapadu
KDP_C_70_50_PORUMAMILLA,KDP_C_70_PORUMAMILLA-MB,Perammagaripalli,Perammagaripalle
KDP_C_69_41_Uppaluru,KDP_C_69_UPPALURU-MB,Peddadudyala,Peddadudyala
KDP_C_70_50_PORUMAMILLA,KDP_C_70_PORUMAMILLA-MB,Porumamilla,Porumamilla-1
KDP_C_69_41_Uppaluru,KDP_C_69_UPPALURU-MB,V.Raghavapuram,V.Raghavapuram
KDP_C_70_50_PORUMAMILLA,KDP_C_70_PORUMAMILLA-MB,Puliveedu,Pulliveedu
KDP_C_69_41_Uppaluru,KDP_C_69_UPPALURU-MB,Kolavali,Kolavali
KDP_C_70_50_PORUMAMILLA,KDP_C_70_PORUMAMILLA-MB,Rangasamudram,Ranga Samudram
KDP_C_70_48_Akkalreddypalli,KDP_C_70_AKKALREDDYPALLI-MB,RF,Forest-39
KDP_C_70_51_BADVEL,KDP_C_70_BADVEL-MB,Routhapalli,Rowthupalle
KDP_C_69_41_Uppaluru,KDP_C_69_UPPALURU-MB,Kommaddi,Kommaddi
KDP_C_70_51_BADVEL,KDP_C_70_BADVEL-MB,S.Lingampalli,S.Lingampalle
KDP_C_70_51_BADVEL,KDP_C_70_BADVEL-MB,S.Seshampalli,S.Seshampalle
KDP_C_69_41_Uppaluru,KDP_C_69_UPPALURU-MB,Peddanapadu,Peddanapadu
KDP_C_70_51_BADVEL,KDP_C_70_BADVEL-MB,S.Veerlapalli,S.Veerlapalle
KDP_C_70_48_Akkalreddypalli,KDP_C_70_AKKALREDDYPALLI-MB,Sancharla,Sancharala
KDP_C_70_48_Akkalreddypalli,KDP_C_70_AKKALREDDYPALLI-MB,Siddanakitchayapalli,Siddanakitchayapalle
KDP_C_70_51_BADVEL,KDP_C_70_BADVEL-MB,Siddavaram,Siddavaram-2
KDP_C_69_42_Payasampalli,KDP_C_69_PAYASAMPALLI-MB,Alidena,Alidena
KDP_C_70_51_BADVEL,KDP_C_70_BADVEL-MB,T.Sallagirigela,Challagirigella
KDP_C_70_51_BADVEL,KDP_C_70_BADVEL-MB,T.Seshampalli,T.Seshampalle
KDP_C_70_51_BADVEL,KDP_C_70_BADVEL-MB,Yellopalli,Yellapalle
KDP_C_68_23_CHAPADU,KDP_C_68_CHAPADU-MB,Bollavaram,Bollavaram (Rural)
KDP_C_65_03_J.Madugu,KDP_C_65_J.MADUGU-MB,Chowduru,Chowdur
KDP_C_65_03_J.Madugu,KDP_C_65_J.MADUGU-MB,Dorasanipalli,Dorasanipalle
KDP_C_68_23_CHAPADU,KDP_C_68_CHAPADU-MB,Gopavaram,Gopavaram-2
KDP_C_65_03_J.Madugu,KDP_C_65_J.MADUGU-MB,Kallur,Kallur-2
KDP_C_69_42_Payasampalli,KDP_C_69_PAYASAMPALLI-MB,Mirapuram,Mirapuram
KDP_C_69_42_Payasampalli,KDP_C_69_PAYASAMPALLI-MB,C.Gopalapuram,C.Gopalapuram
KDP_C_69_42_Payasampalli,KDP_C_69_PAYASAMPALLI-MB,Pachikalapadu,Pachikalapadu
KDP_C_68_23_CHAPADU,KDP_C_68_CHAPADU-MB,Kamanuru,Kamanur
KDP_C_65_03_J.Madugu,KDP_C_65_J.MADUGU-MB,Kothapalli,Kothapalle-5
KDP_C_65_03_J.Madugu,KDP_C_65_J.MADUGU-MB,Modameedipalli,Modameedipalle (Rural)
KDP_C_65_03_J.Madugu,KDP_C_65_J.MADUGU-MB,Nanganurupalli,Nanganurpalle
KDP_C_65_03_J.Madugu,KDP_C_65_J.MADUGU-MB,Peddasettipalli,Peddasettipalle
KDP_C_68_23_CHAPADU,KDP_C_68_CHAPADU-MB,Proddatur,PRODDATTUR-1
KDP_C_65_03_J.Madugu,KDP_C_65_J.MADUGU-MB,Rameswaram,RAMESHWARAM
KDP_C_69_42_Payasampalli,KDP_C_69_PAYASAMPALLI-MB,Jambapuram,Jambapuram
KDP_C_65_03_J.Madugu,KDP_C_65_J.MADUGU-MB,Regulapalli,Regulapalle
KDP_C_68_23_CHAPADU,KDP_C_68_CHAPADU-MB,Sarvireddypalli,Sarvireddipalle
KDP_C_68_23_CHAPADU,KDP_C_68_CHAPADU-MB,Tallamapuram,Thallamapuram
KDP_C_68_23_CHAPADU,KDP_C_68_CHAPADU-MB,Upparapalli,Upparapalle
KDP_C_68_23_CHAPADU,KDP_C_68_CHAPADU-MB,Yerraguntapalli,Yerraguntlapalle
KDP_C_69_35_PULIVENDULA,KDP_C_69_PULIVENDULA-MB,Atchavelli,Atchavalle
KDP_C_69_33_VEMULA,KDP_C_69_VEMULA-MB,Boggudapalli,Bokkudupalle
KDP_C_69_43_Kamlapuram,KDP_C_69_KAMALAPURAM-MB,Vankamada,Vankamada
KDP_C_69_36_LINGALA,KDP_C_69_LINGALA-MB,Brahmanapalli,Brahmanapalle-10
KDP_C_69_43_Kamlapuram,KDP_C_69_KAMALAPURAM-MB,Podadurthi,Podadurthi
KDP_C_69_44_NANDIMANDALAM,KDP_C_69_NANDIMANDALAM-MB,Peddaputha,Peddaputha
KDP_C_69_44_NANDIMANDALAM,KDP_C_69_NANDIMANDALAM-MB,Chinnaputha,Chinnaputha
KDP_C_69_37_KONAMPALLI,KDP_C_69_KONAMPALLI-MB,Errapalli,Erraballe
KDP_C_69_44_NANDIMANDALAM,KDP_C_69_NANDIMANDALAM-MB,Paidikalva,Paidikalva
KDP_C_69_33_VEMULA,KDP_C_69_VEMULA-MB,K.Velamavaripalli,K.Velamavanipalle
KDP_C_69_35_PULIVENDULA,KDP_C_69_PULIVENDULA-MB,Kachivaripalli,Kachivaripalle
KDP_C_69_44_NANDIMANDALAM,KDP_C_69_NANDIMANDALAM-MB,Chabali,Chabali
KDP_C_69_37_KONAMPALLI,KDP_C_69_KONAMPALLI-MB,Konampalli,Konampalle-1
KDP_C_69_36_LINGALA,KDP_C_69_LINGALA-MB,Korrapadu,Korrapadu-3
KDP_C_69_33_VEMULA,KDP_C_69_VEMULA-MB,Polepalli,Polepalle
KDP_C_69_35_PULIVENDULA,KDP_C_69_PULIVENDULA-MB,Pulivendula,Pulivendla-1
KDP_C_69_44_NANDIMANDALAM,KDP_C_69_NANDIMANDALAM-MB,Nandimandalam,Nandimandalam
KDP_C_69_36_LINGALA,KDP_C_69_LINGALA-MB,Rachamarripalli,Rachumarripalle
KDP_C_69_36_LINGALA,KDP_C_69_LINGALA-MB,Ragimanupalli,Ragimanupalle
KDP_C_69_35_PULIVENDULA,KDP_C_69_PULIVENDULA-MB,Ulimela,Ulimella
KDP_C_69_36_LINGALA,KDP_C_69_LINGALA-MB,Venkatampalli,Venkatampalle-3
KDP_C_69_37_KONAMPALLI,KDP_C_69_KONAMPALLI-MB,Yerragudipalli,Yerragudipalle
KDP_C_71_68_PULLAMPET,KDP_C_71_PULLAMPET-MB,Anantaiahgaripalli,Anantaiahgaripalle
KDP_C_71_67_RAJAMPET,KDP_C_71_RAJAMPET-MB,Anantasamudram,Ananthasamudram
KDP_C_71_68_PULLAMPET,KDP_C_71_PULLAMPET-MB,Dondlopalle,Dandlopalle
KDP_C_71_68_PULLAMPET,KDP_C_71_PULLAMPET-MB,Immanuru,Immanur
KDP_C_71_68_PULLAMPET,KDP_C_71_PULLAMPET-MB,Ketha Rajupalle,Ketharajupalle
KDP_C_71_68_PULLAMPET,KDP_C_71_PULLAMPET-MB,Kothapalli Agraharam,Kothapalle Agraharam
KDP_C_71_68_PULLAMPET,KDP_C_71_PULLAMPET-MB,Periyavaram,Perigavaram
KDP_C_71_68_PULLAMPET,KDP_C_71_PULLAMPET-MB,Pullampeta,Pullampeta-1
KDP_C_71_68_PULLAMPET,KDP_C_71_PULLAMPET-MB,Puttanavaripalli,Puthanavaripalle-1
KDP_C_71_68_PULLAMPET,KDP_C_71_PULLAMPET-MB,Ramasamudram,Ramasamudram-1
KDP_C_71_68_PULLAMPET,KDP_C_71_PULLAMPET-MB,Rangampalle,Rangampalle-1
KDP_C_71_68_PULLAMPET,KDP_C_71_PULLAMPET-MB,Reddipalli,Reddipalle-2
KDP_C_71_67_RAJAMPET,KDP_C_71_RAJAMPET-MB,Sree Rangarajuppalem,Sreerangarajupalem
KDP_C_70_46_Gopavarampalli,KDP_C_70_GOPAVARAMPALLI-MB,Markapuram,Markapuram
KDP_C_70_46_Gopavarampalli,KDP_C_70_GOPAVARAMPALLI-MB,Pittigunta,Pittigunta
KDP_C_71_68_PULLAMPET,KDP_C_71_PULLAMPET-MB,T.Rajapuram,Thiruvengalanatharajapuram
KDP_C_71_67_RAJAMPET,KDP_C_71_RAJAMPET-MB,Thippayapalle,Thippayapalle-1
KDP_C_71_68_PULLAMPET,KDP_C_71_PULLAMPET-MB,Utukuru Chalivendla,Utukuruchalivendla
KDP_C_71_68_PULLAMPET,KDP_C_71_PULLAMPET-MB,Vallurupalli,Vallurupalle
KDP_C_71_67_RAJAMPET,KDP_C_71_RAJAMPET-MB,Vathaluru,Vathalur-1
KDP_C_71_67_RAJAMPET,KDP_C_71_RAJAMPET-MB,Anantarajupuram,Anantharajupuram-1
KDP_C_71_67_RAJAMPET,KDP_C_71_RAJAMPET-MB,Brahmanapalli,Brahmanapalle-12
KDP_C_71_67_RAJAMPET,KDP_C_71_RAJAMPET-MB,Kitcha mambapuram,Kitchamambapuram
KDP_C_71_67_RAJAMPET,KDP_C_71_RAJAMPET-MB,Kothapalle,Kothapalle-7
KDP_C_71_67_RAJAMPET,KDP_C_71_RAJAMPET-MB,Madana Gopalapuram,Madanagopalapuram-1
KDP_C_71_64_Mudumpadu,KDP_C_71_MUDUMPADU-MB,Mandapalle,Mandapalle-2
KDP_C_70_47_Kasinayana,KDP_C_70_KASINAYANA-MB,Rampadu,Rampadu
KDP_C_71_67_RAJAMPET,KDP_C_71_RAJAMPET-MB,Mannuru,Mannur
KDP_C_71_67_RAJAMPET,KDP_C_71_RAJAMPET-MB,Mittameedapalli,Mittameedapalle
KDP_C_70_47_Kasinayana,KDP_C_70_KASINAYANA-MB,Vasudevapuram,Vasudevapuram
KDP_C_71_67_RAJAMPET,KDP_C_71_RAJAMPET-MB,Rajampeta,Rajampet-1
KDP_C_71_64_Mudumpadu,KDP_C_71_MUDUMPADU-MB,RF,Forest-93
KDP_C_71_64_Mudumpadu,KDP_C_71_MUDUMPADU-MB,Rollabuduguntapalli,Rollamadugu
KDP_C_71_67_RAJAMPET,KDP_C_71_RAJAMPET-MB,Sitaramapuram,Sitarampuram
KDP_C_70_47_Kasinayana,KDP_C_70_KASINAYANA-MB,Varikunta,Varikunta
KDP_C_71_67_RAJAMPET,KDP_C_71_RAJAMPET-MB,Sri Ranga Rajapuram,Srirangarajapuram-1
KDP_C_71_67_RAJAMPET,KDP_C_71_RAJAMPET-MB,Utukur,Utukur-3
KDP_C_68_22_RAJUPALEM,KDP_C_68_RAJUPALEM-MB,Arkatavemula,Arakatavemula
KDP_C_68_22_RAJUPALEM,KDP_C_68_RAJUPALEM-MB,Chinnajonnavaram,Chinna Jonnavaram
KDP_C_68_23_CHAPADU,KDP_C_68_CHAPADU-MB,Chinnasettipalli,Chinnasettipalle
KDP_C_68_22_RAJUPALEM,KDP_C_68_RAJUPALEM-MB,Daddanala,Doddanala
KDP_C_68_22_RAJUPALEM,KDP_C_68_RAJUPALEM-MB,Eruvupalem,Eruvapalem
KDP_C_68_22_RAJUPALEM,KDP_C_68_RAJUPALEM-MB,Gadeguduru,Gadegudur
KDP_C_70_48_Akkalreddypalli,KDP_C_70_AKKALREDDYPALLI-MB,Kavalakuntla,Kavalakuntla
KDP_C_68_21_PEDDAMUDIUM,KDP_C_68_PEDDAMUDIUM-MB,Gopayapalli,Gopayapalle
KDP_C_68_22_RAJUPALEM,KDP_C_68_RAJUPALEM-MB,Kulluru,Kulur
KDP_C_68_23_CHAPADU,KDP_C_68_CHAPADU-MB,Pottipadu,Pottipadu-3
KDP_C_68_22_RAJUPALEM,KDP_C_68_RAJUPALEM-MB,Rajupalem,Rajupalem-3
KDP_C_68_22_RAJUPALEM,KDP_C_68_RAJUPALEM-MB,Tangaturu,Tangatur
KDP_C_71_58_Veeraballi,KDP_C_71_VEERABALLI-MB,Bandlapalli,Bandlapalle-3
KDP_C_71_56_Ramapuram,KDP_C_71_RAMAPURAM-MB,Gopagudipalli,Gopagudipalle
KDP_C_71_57_L.R.PALLI,KDP_C_71_L.R.PALLI-MB,Hasanapuram,Hasanapuram-1
KDP_C_71_56_Ramapuram,KDP_C_71_RAMAPURAM-MB,Nallaguttapalli,Nallaguttapalle
KDP_C_70_54_Atloor,KDP_C_70_ATLOOR-MB,Kumbhagiri,Kumbhagiri
KDP_C_71_56_Ramapuram,KDP_C_71_RAMAPURAM-MB,Neelakantraopet,Neelakantharaopeta
KDP_C_71_58_Veeraballi,KDP_C_71_VEERABALLI-MB,Pothukurupalli,Pothukurupalle
KDP_C_71_56_Ramapuram,KDP_C_71_RAMAPURAM-MB,Rachapalli,Rachapalle
KDP_C_71_56_Ramapuram,KDP_C_71_RAMAPURAM-MB,RF,Forest-70
KDP_C_71_56_Ramapuram,KDP_C_71_RAMAPURAM-MB,Saraswatipalli,Saraswathipalle
KDP_C_70_54_Atloor,KDP_C_70_ATLOOR-MB,Thudur,Thudur
KDP_C_70_54_Atloor,KDP_C_70_ATLOOR-MB,Uppatur,Uppatur
KDP_C_70_54_Atloor,KDP_C_70_ATLOOR-MB,Chenduvoy,Chenduvoy
KDP_C_71_56_Ramapuram,KDP_C_71_RAMAPURAM-MB,Suddamala,Suddamalla-2
KDP_C_71_60_SAMBEPALLI,KDP_C_71_SAMBEPALLI-MB,Abbavaram,Abbavaram (Rural)
KDP_C_71_60_SAMBEPALLI,KDP_C_71_SAMBEPALLI-MB,Chennamukkapalle,Chennamukkapalle-1
KDP_C_70_55_Muthukuru,KDP_C_70_MUTHUKURU-MB,Kamalakuru,Kamalakuru
KDP_C_71_59_Chinnamandem,KDP_C_71_CHINNAMANDEM-MB,Cherlopalli,Cherlopalle-5
KDP_C_70_55_Muthukuru,KDP_C_70_MUTHUKURU-MB,Kamasamudram,Kamasamudram
KDP_C_71_59_Chinnamandem,KDP_C_71_CHINNAMANDEM-MB,Madhavaram,Madhavaram-4
KDP_C_71_58_Veeraballi,KDP_C_71_VEERABALLI-MB,Masapeta   (R),Masapet-1
KDP_C_71_59_Chinnamandem,KDP_C_71_CHINNAMANDEM-MB,Pedda Kalvapalle,Peddakalvapalle
KDP_C_70_55_Muthukuru,KDP_C_70_MUTHUKURU-MB,Virur,Virur
KDP_C_71_59_Chinnamandem,KDP_C_71_CHINNAMANDEM-MB,Yandapalle,Yandapalle-1
KDP_C_70_55_Muthukuru,KDP_C_70_MUTHUKURU-MB,Malinenipatnam,Malinenipatnam
KDP_C_71_59_Chinnamandem,KDP_C_71_CHINNAMANDEM-MB,Yennagupalle,Yerranagupalle
KDP_C_65_04_Gandikota,KDP_C_65_GADIKOTA-MB,RF,Forest-54
KDP_C_71_56_Ramapuram,KDP_C_71_RAMAPURAM-MB,Dinnepadu,Dinnepadu
KDP_C_71_56_Ramapuram,KDP_C_71_RAMAPURAM-MB,Guvvalacheruvu,Guvvalacheruvu
KDP_C_65_08_Sidhout,KDP_C_65_SIDHOUT-MB,Rf,Forest-56
KDP_C_65_09_Khajipet,KDP_C_65_KHAJIPET-MB,RF,Forest-53
KDP_C_71_56_Ramapuram,KDP_C_71_RAMAPURAM-MB,Kalpanayunicheruvu,Kalpanayunicheruvu
KDP_C_65_12_KADAPA,KDP_C_65_KADAPA-MB,RF,Forest-66
KDP_C_67_16_KONDAPURAM,KDP_C_67_KONDAPURAM-MB,RF,Forest-54
KDP_C_69_31_VEMPALLI,KDP_C_69_VEMPALLI-MB,RF,Forest-71
KDP_C_69_33_VEMULA,KDP_C_69_VEMULA-MB,RF,Forest-71
KDP_C_71_56_Ramapuram,KDP_C_71_RAMAPURAM-MB,Vongimalla,Vongimalla
KDP_C_69_35_PULIVENDULA,KDP_C_69_PULIVENDULA-MB,RF,Forest-68
KDP_C_69_36_LINGALA,KDP_C_69_LINGALA-MB,RF,Forest-58
KDP_C_69_37_KONAMPALLI,KDP_C_69_KONAMPALLI-MB,RF,Forest-68
KDP_C_69_38_KAMASAMUDRAM,KDP_C_69_KAMASAMUDRAM-MB,RF,Forest-58
KDP_C_69_39_SIMHADRIPURAM,KDP_C_69_SIMHADRIPURAM-MB,RF,Forest-54
KDP_C_70_49_SAVISETTIPALLI,KDP_C_70_SAVISETTIPALLI-MB,RF,Forest-42
KDP_C_70_50_PORUMAMILLA,KDP_C_70_PORUMAMILLA-MB,RF,Porumamilla-1
KDP_C_70_51_BADVEL,KDP_C_70_BADVEL-MB,RF,Forest-49
KDP_C_71_57_L.R.PALLI,KDP_C_71_L.R.PALLI-MB,Kurnoothala,Kurnoothala
KDP_C_71_57_L.R.PALLI,KDP_C_71_L.R.PALLI-MB,Maddirevula,Maddirevula
KDP_C_70_52_B.MATAM,KDP_C_70_B.MATAM-MB,RF,Forest-51
KDP_C_71_57_L.R.PALLI,KDP_C_71_L.R.PALLI-MB,Chitlur,Chitlur
KDP_C_71_57_L.R.PALLI,KDP_C_71_L.R.PALLI-MB,Guntimadugu,Guntimadugu
KDP_C_70_53_REKULAKUNTA,KDP_C_70_REKULAKUNTA-MB,RF,Forest-47
KDP_C_71_58_Veeraballi,KDP_C_71_VEERABALLI-MB,Kakulavaram,Kakulavaram
KDP_C_65_06_Peddapalli,KDP_C_65_PEDDAPALLI-MB,RF,Forest-63
KDP_C_65_07_Vontimitta,KDP_C_65_VONTIMITTA-MB,RF,Forest-67
KDP_C_71_58_Veeraballi,KDP_C_71_VEERABALLI-MB,Somavaram,Somavaram
KDP_C_65_13_GOPAVARAM,KDP_C_65_GOPAVARAM-MB,RF,Forest-49
KDP_C_71_58_Veeraballi,KDP_C_71_VEERABALLI-MB,Peddiveedu,Peddiveedu
KDP_C_71_58_Veeraballi,KDP_C_71_VEERABALLI-MB,Matli,Matli
KDP_C_71_58_Veeraballi,KDP_C_71_VEERABALLI-MB,Odiveedu,Odiveedu
KDP_C_65_14_MALLEMADUGU,KDP_C_65_MALLEMADUGU-MB,RF,Forest-74
KDP_C_65_15_MUDDANURU,KDP_C_65_MUDDANURU-MB,RF,Forest-55
KDP_C_71_58_Veeraballi,KDP_C_71_VEERABALLI-MB,Kasba Gollapalli,KASBA GOLLAPALLI
KDP_C_71_58_Veeraballi,KDP_C_71_VEERABALLI-MB,Indukurupalle,Indukurupalle
KDP_C_69_27_GALIVEEDU,KDP_C_69_GALIVEEDU-MB,RF,Forest-78
KDP_C_71_59_Chinnamandem,KDP_C_71_CHINNAMANDEM-MB,Diguvagottiveedu,Diguvagottiveedu
KDP_C_71_59_Chinnamandem,KDP_C_71_CHINNAMANDEM-MB,Kalibanda,Kalibanda
KDP_C_71_59_Chinnamandem,KDP_C_71_CHINNAMANDEM-MB,T.Sakibanda,T.Sakibanda
KDP_C_71_59_Chinnamandem,KDP_C_71_CHINNAMANDEM-MB,Vandadi,Vandadi
KDP_C_69_28_SURABHI,KDP_C_69_SURABHI-MB,RF,Forest-78
KDP_C_71_59_Chinnamandem,KDP_C_71_CHINNAMANDEM-MB,Devagudipalle,Devagudipalle
KDP_C_69_34_N.PALAGIRI,KDP_C_69_N.PALAGIRI-MB,RF,Forest-55
KDP_C_69_40_Thonduru,KDP_C_69_THONDURU-MB,RF,Forest-55
KDP_C_71_59_Chinnamandem,KDP_C_71_CHINNAMANDEM-MB,Bonamala,Bonamala
KDP_C_71_59_Chinnamandem,KDP_C_71_CHINNAMANDEM-MB,Katimayakunta,Katimayakunta
KDP_C_71_59_Chinnamandem,KDP_C_71_CHINNAMANDEM-MB,Rayachoty,RAYACHOTY
KDP_C_71_57_L.R.PALLI,KDP_C_71_L.R.PALLI-MB,RF,Forest-81
KDP_C_71_67_RAJAMPET,KDP_C_71_RAJAMPET-MB,RF,Forest-80
KDP_C_71_68_PULLAMPET,KDP_C_71_PULLAMPET-MB,RF,Forest-97
KDP_C_71_59_Chinnamandem,KDP_C_71_CHINNAMANDEM-MB,Gorlamudiveedu,Gorlamudiveedu
KDP_C_71_73_PENAGALURU,KDP_C_71_PENAGALURU-MB,RF,Forest-74
KDP_C_71_74_Chitvel,KDP_C_71_CHITVEL-MB,RF,Forest-90
KDP_C_71_59_Chinnamandem,KDP_C_71_CHINNAMANDEM-MB,Botlacheruvu,Botlacheruvu
KDP_C_71_75_KONDURU,KDP_C_71_KONDURU-MB,RF,Forest-49
KDP_C_71_76_NANDALURU,KDP_C_71_NANDALURU-MB,RF,Forest-80
KDP_C_71_77_SIRIVARAM,KDP_C_71_SIRIVARAM-MB,RF,Forest-67
KDP_C_71_60_SAMBEPALLI,KDP_C_71_SAMBEPALLI-MB,Gunnikuntla,Gunnikuntla
KDP_C_71_60_SAMBEPALLI,KDP_C_71_SAMBEPALLI-MB,Guriginjakunta,Guriginjakunta
KDP_C_71_60_SAMBEPALLI,KDP_C_71_SAMBEPALLI-MB,Dudyala,Dudyala
KDP_C_71_61_T.Sundupalli,KDP_C_71_T.SUNDUPALLI-MB,Devapatla,Devapatla-1
KDP_C_71_60_SAMBEPALLI,KDP_C_71_SAMBEPALLI-MB,Routhukunta,Routhukunta
KDP_C_71_60_SAMBEPALLI,KDP_C_71_SAMBEPALLI-MB,Motakatla,Motakatla-1
KDP_C_71_60_SAMBEPALLI,KDP_C_71_SAMBEPALLI-MB,Sibyala,Sibyala
KDP_C_71_60_SAMBEPALLI,KDP_C_71_SAMBEPALLI-MB,Pemmadapalle,Pemmadapalle
KDP_C_71_60_SAMBEPALLI,KDP_C_71_SAMBEPALLI-MB,Dullavaripalle,Dullavaripalle
KDP_C_71_60_SAMBEPALLI,KDP_C_71_SAMBEPALLI-MB,Syamalavaripalle,Syamalavaripalle
KDP_C_71_60_SAMBEPALLI,KDP_C_71_SAMBEPALLI-MB,Narayanareddypalle,Narayanareddipalle
KDP_C_71_60_SAMBEPALLI,KDP_C_71_SAMBEPALLI-MB,Sambepalle,Sambepalle-1
KDP_C_71_61_T.Sundupalli,KDP_C_71_T.SUNDUPALLI-MB,Settipalle,Settipalle-1
KDP_C_71_61_T.Sundupalli,KDP_C_71_T.SUNDUPALLI-MB,Akkampalle,Akkampalle
KDP_C_71_61_T.Sundupalli,KDP_C_71_T.SUNDUPALLI-MB,Perumallaiahgaripalle,Perumallaiahgaripalle
KDP_C_71_61_T.Sundupalli,KDP_C_71_T.SUNDUPALLI-MB,Madithadu,Madithadu
KDP_C_71_61_T.Sundupalli,KDP_C_71_T.SUNDUPALLI-MB,Sho Somavaram,Sho.Somavaram
KDP_C_65_08_Sidhout,KDP_C_65_SIDHOUT-MB,Jangalapalli,Jangalapalle-3
KDP_C_71_61_T.Sundupalli,KDP_C_71_T.SUNDUPALLI-MB,Guttapalle,Guttapalle
KDP_C_65_06_Peddapalli,KDP_C_65_PEDDAPALLI-MB,Kadapayapalli,Kadapayapalle
KDP_C_65_06_Peddapalli,KDP_C_65_PEDDAPALLI-MB,Kanumalopalli,Kanumalapalle
KDP_C_71_62_Reddivaripalli,KDP_C_71_REDDIVARIPALLI-MB,Reddivaripalle,Reddivaripalle
KDP_C_65_06_Peddapalli,KDP_C_65_PEDDAPALLI-MB,Lingampalli,Lingampalle-1
KDP_C_65_06_Peddapalli,KDP_C_65_PEDDAPALLI-MB,Machapalli,Machupalle-1
KDP_C_71_64_Mudumpadu,KDP_C_71_MUDUMPADU-MB,Pulapathuru,Pulapathuru
KDP_C_65_06_Peddapalli,KDP_C_65_PEDDAPALLI-MB,Mandapalli,Mandapalle-1
KDP_C_71_64_Mudumpadu,KDP_C_71_MUDUMPADU-MB,Seshamambapuram,Seshamambapuram
KDP_C_65_06_Peddapalli,KDP_C_65_PEDDAPALLI-MB,Moolapalli,Mulapalle
KDP_C_71_64_Mudumpadu,KDP_C_71_MUDUMPADU-MB,Rollamadugu,Rollamadugu
KDP_C_71_64_Mudumpadu,KDP_C_71_MUDUMPADU-MB,Gundlapalle,Gundlapalle
KDP_C_65_06_Peddapalli,KDP_C_65_PEDDAPALLI-MB,Peddapalli,Peddapalle-1
KDP_C_71_64_Mudumpadu,KDP_C_71_MUDUMPADU-MB,Peddinenikalva,Peddinenikalva
KDP_C_71_64_Mudumpadu,KDP_C_71_MUDUMPADU-MB,Mudampadu,Mudampadu
KDP_C_65_08_Sidhout,KDP_C_65_SIDHOUT-MB,S.Rajampet,S.Rajampeta
KDP_C_65_07_Vontimitta,KDP_C_65_VONTIMITTA-MB,Shakarajupalli,Shakarajupalle
KDP_C_65_08_Sidhout,KDP_C_65_SIDHOUT-MB,Sidhout,Sidhout-1
KDP_C_65_06_Peddapalli,KDP_C_65_PEDDAPALLI-MB,Takkolu,Tokkolu
KDP_C_65_08_Sidhout,KDP_C_65_SIDHOUT-MB,Velugupalli,Velugupalle
KDP_C_65_08_Sidhout,KDP_C_65_SIDHOUT-MB,Vonthatipalli,Vontithatipalle
KDP_C_71_67_RAJAMPET,KDP_C_71_RAJAMPET-MB,Gundluru,Gundluru
KDP_C_71_67_RAJAMPET,KDP_C_71_RAJAMPET-MB,Tallapaka,Tallapaka
KDP_C_69_39_SIMHADRIPURAM,KDP_C_69_SIMHADRIPURAM-MB,Ankalammaguduru,Ankalammagudur
KDP_C_69_38_KAMASAMUDRAM,KDP_C_69_KAMASAMUDRAM-MB,Balapanuru,Balapanur-2
KDP_C_67_16_KONDAPURAM,KDP_C_67_KONDAPURAM-MB,Chavvaripalli,Chavvaripalle
KDP_C_71_67_RAJAMPET,KDP_C_71_RAJAMPET-MB,Poli,Poli
KDP_C_69_39_SIMHADRIPURAM,KDP_C_69_SIMHADRIPURAM-MB,Duddekunta,Duddekunta-1
KDP_C_71_67_RAJAMPET,KDP_C_71_RAJAMPET-MB,Hastavaram,Hastavaram
KDP_C_69_39_SIMHADRIPURAM,KDP_C_69_SIMHADRIPURAM-MB,Gurijala,Gurjala
KDP_C_71_67_RAJAMPET,KDP_C_71_RAJAMPET-MB,Akepadu,Akepadu
KDP_C_69_39_SIMHADRIPURAM,KDP_C_69_SIMHADRIPURAM-MB,Jangamreddypalli,Jangamreddipalle
KDP_C_71_67_RAJAMPET,KDP_C_71_RAJAMPET-MB,Bahirajapalle,Bahirajapalle
KDP_C_69_39_SIMHADRIPURAM,KDP_C_69_SIMHADRIPURAM-MB,Kasunuru,Kasanur
KDP_C_69_39_SIMHADRIPURAM,KDP_C_69_SIMHADRIPURAM-MB,Muddulapaya,Maddulapaya
KDP_C_69_39_SIMHADRIPURAM,KDP_C_69_SIMHADRIPURAM-MB,Nandyalampalli,Nandyalampalle
KDP_C_69_39_SIMHADRIPURAM,KDP_C_69_SIMHADRIPURAM-MB,Simhadripuram,Simhadripuram-1
KDP_C_69_39_SIMHADRIPURAM,KDP_C_69_SIMHADRIPURAM-MB,Sunkesula,Sunkesula-4
KDP_C_71_67_RAJAMPET,KDP_C_71_RAJAMPET-MB,Gopamambapuram,Gopamambapuram
KDP_C_71_67_RAJAMPET,KDP_C_71_RAJAMPET-MB,Narayana Nellore,Narayana Nellore
KDP_C_71_62_Reddivaripalli,KDP_C_71_REDDIVARIPALLI-MB,Bhagampalli,Bhagampalle
KDP_C_71_64_Mudumpadu,KDP_C_71_MUDUMPADU-MB,Chinnaiahgaripalle,Chinnaiahgaripalle
KDP_C_71_67_RAJAMPET,KDP_C_71_RAJAMPET-MB,Devasamudram,Devasamudram
KDP_C_71_58_Veeraballi,KDP_C_71_VEERABALLI-MB,Polymerapalle,Polimerapalle
KDP_C_71_65_Rayavaram,KDP_C_71_RAYAVARAM-MB,Rayavaram,Rayavaram-2
KDP_C_71_67_RAJAMPET,KDP_C_71_RAJAMPET-MB,A.Channamambapuram,A.Channamambapuram
KDP_C_71_63_TsundupalleRF,KDP_C_71_T.SUNDUPALLIRF-MB,RF,Forest-94
KDP_C_71_64_Mudumpadu,KDP_C_71_MUDUMPADU-MB,RF,Forest-94
KDP_C_71_65_Rayavaram,KDP_C_71_RAYAVARAM-MB,RF,Forest-94
KDP_C_71_61_T.Sundupalli,KDP_C_71_T.SUNDUPALLI-MB,T.Sundupalle,T Sundupalle-1
KDP_C_71_68_PULLAMPET,KDP_C_71_PULLAMPET-MB,RallaCheruvupalle,Rallacheruvupalle
KDP_C_71_62_Reddivaripalli,KDP_C_71_REDDIVARIPALLI-MB,Thimmasamudram,Thimmasamudram-2
KDP_C_71_68_PULLAMPET,KDP_C_71_PULLAMPET-MB,Mukkavaripalle,Mukkavaripalle
KDP_C_71_68_PULLAMPET,KDP_C_71_PULLAMPET-MB,Chinna orampadu,Chinna Orampadu
KDP_C_71_68_PULLAMPET,KDP_C_71_PULLAMPET-MB,JillelaMadaka,Jillelamadaka
KDP_C_71_61_T.Sundupalli,KDP_C_71_T.SUNDUPALLI-MB,Yarramanenipalem,Yerramanenipalem
KDP_C_69_39_SIMHADRIPURAM,KDP_C_69_SIMHADRIPURAM-MB,Bhadrampalli,Bhadrampalle
KDP_C_69_40_Thonduru,KDP_C_69_THONDURU-MB,Buchupalli,Buchupalle
KDP_C_69_35_PULIVENDULA,KDP_C_69_PULIVENDULA-MB,Goturu,Gotur-2
KDP_C_69_36_LINGALA,KDP_C_69_LINGALA-MB,Inagalur,Inagalur-1
KDP_C_69_35_PULIVENDULA,KDP_C_69_PULIVENDULA-MB,Jalapartha,Jalaparthi
KDP_C_69_38_KAMASAMUDRAM,KDP_C_69_KAMASAMUDRAM-MB,Maduru,Madur-1
KDP_C_69_35_PULIVENDULA,KDP_C_69_PULIVENDULA-MB,Paluru,Palur-2
KDP_C_69_34_N.PALAGIRI,KDP_C_69_N.PALAGIRI-MB,Santhakovvuru,Santhakovvur
KDP_C_69_35_PULIVENDULA,KDP_C_69_PULIVENDULA-MB,Sydapuram,Sydapuram-1
KDP_C_71_68_PULLAMPET,KDP_C_71_PULLAMPET-MB,Utukuru Venkatampalle,Utukuru Venkatampalle
KDP_C_69_38_KAMASAMUDRAM,KDP_C_69_KAMASAMUDRAM-MB,Thelluru,Thellur
KDP_C_69_35_PULIVENDULA,KDP_C_69_PULIVENDULA-MB,Thimmapurampet,Thimmapurampeta
KDP_C_69_40_Thonduru,KDP_C_69_THONDURU-MB,Thonduru,Thondur
KDP_C_71_68_PULLAMPET,KDP_C_71_PULLAMPET-MB,Kommanavaripalle,Kommanavaripalle
KDP_C_71_68_PULLAMPET,KDP_C_71_PULLAMPET-MB,Dalavaipalle,Dalavaipalle
KDP_C_71_68_PULLAMPET,KDP_C_71_PULLAMPET-MB,Apparajupeta,Apparajupeta
KDP_C_71_68_PULLAMPET,KDP_C_71_PULLAMPET-MB,Garalamadugu,Garalamadugu
KDP_C_65_10_PENDLIMARI,KDP_C_65_PENDLIMARI-MB,Ambavaram,Ambavaram-3
KDP_C_65_10_PENDLIMARI,KDP_C_65_PENDLIMARI-MB,Ankayapalli,Ankayapalle
KDP_C_65_10_PENDLIMARI,KDP_C_65_PENDLIMARI-MB,Goturu,Gotur-1
KDP_C_65_10_PENDLIMARI,KDP_C_65_PENDLIMARI-MB,Isukapalli,Isukapalle-1
KDP_C_69_44_NANDIMANDALAM,KDP_C_69_NANDIMANDALAM-MB,Jangampalli,Jangampalle
KDP_C_65_10_PENDLIMARI,KDP_C_65_PENDLIMARI-MB,Kodandaramapuram,Kodandaramapuram-1
KDP_C_65_10_PENDLIMARI,KDP_C_65_PENDLIMARI-MB,Koppolu,Koppolu-1
KDP_C_65_09_Khajipet,KDP_C_65_KHAJIPET-MB,Kotlur,Kotluru
KDP_C_65_10_PENDLIMARI,KDP_C_65_PENDLIMARI-MB,Kumarunipalli,Kumarunipalle
KDP_C_65_10_PENDLIMARI,KDP_C_65_PENDLIMARI-MB,ObanaSomayajulapalli,Obana Somayajulapalle
KDP_C_65_10_PENDLIMARI,KDP_C_65_PENDLIMARI-MB,Pathachinnayapalli,Putha Chinnayapalle
KDP_C_65_11_CHENNURU,KDP_C_65_CHENNURU-MB,Thollaganganapalli,Thollaganganapalle
KDP_C_71_70_Koduru,KDP_C_71_KODURU-MB,Obanapalle,Obanapalle
KDP_C_65_10_PENDLIMARI,KDP_C_65_PENDLIMARI-MB,Vallur,Vallur-1
KDP_C_71_66_Sanipaya,KDP_C_71_SANIPAYA-MB,Gadikota,Gadikota-1
KDP_C_71_70_Koduru,KDP_C_71_KODURU-MB,K.Buduguntapalle,K.Buduguntapalle
KDP_C_71_58_Veeraballi,KDP_C_71_VEERABALLI-MB,RF,Forest-73
KDP_C_71_66_Sanipaya,KDP_C_71_SANIPAYA-MB,RF,Forest-73
KDP_C_71_66_Sanipaya,KDP_C_71_SANIPAYA-MB,Sanipaya,Sanipaya-1
KDP_C_71_71_Settigunta,KDP_C_71_SETTIGUNTA-MB,Srinivasapuram,Srinivasapuram
KDP_C_71_58_Veeraballi,KDP_C_71_VEERABALLI-MB,Veeraballi,Veeraballe-1
KDP_C_71_66_Sanipaya,KDP_C_71_SANIPAYA-MB,Yadaballi,Yadaballe
KDP_C_69_33_VEMULA,KDP_C_69_VEMULA-MB,Alavalapadu,Alavalapadu-2
KDP_C_71_73_PENAGALURU,KDP_C_71_PENAGALURU-MB,Narasingarajupuram,Narasingarajupuram
KDP_C_69_44_NANDIMANDALAM,KDP_C_69_NANDIMANDALAM-MB,Alireddypalli,Alireddipalle
KDP_C_69_32_TALLAPALLI,KDP_C_69_TALLAPALLI-MB,Pamuluru,Pamulur
KDP_C_69_34_N.PALAGIRI,KDP_C_69_N.PALAGIRI-MB,Rami Reddipalli,Ramireddipalle
KDP_C_71_73_PENAGALURU,KDP_C_71_PENAGALURU-MB,Thirumalarajupeta,Thirumalarajupeta
KDP_C_69_30_Chakrayapeta,KDP_C_69_CHAKRAYAPET-MB,RF,Forest-69
KDP_C_71_73_PENAGALURU,KDP_C_71_PENAGALURU-MB,Kambalakunta,Kambalakunta
KDP_C_69_31_VEMPALLI,KDP_C_69_VEMPALLI-MB,T.Velamavaripalli,T.Velamvaripalle
KDP_C_69_32_TALLAPALLI,KDP_C_69_TALLAPALLI-MB,Tallapalli,Tallapalle
KDP_C_71_73_PENAGALURU,KDP_C_71_PENAGALURU-MB,Girijamambapuram,Girijamambapuram
KDP_C_69_31_VEMPALLI,KDP_C_69_VEMPALLI-MB,Vemaplli,Vempalle-1
KDP_C_69_33_VEMULA,KDP_C_69_VEMULA-MB,Chinnajuturu,Chintalajutur
KDP_C_71_73_PENAGALURU,KDP_C_71_PENAGALURU-MB,Obili,Obili
KDP_C_69_33_VEMULA,KDP_C_69_VEMULA-MB,Gollalaguduru,Gollalagudur
KDP_C_69_33_VEMULA,KDP_C_69_VEMULA-MB,Gondapalli,Gondipalle-1
KDP_C_69_33_VEMULA,KDP_C_69_VEMULA-MB,Meedipenta,Meedipentla
KDP_C_69_35_PULIVENDULA,KDP_C_69_PULIVENDULA-MB,Nallacheruvupalli,Nallacheruvupalle
KDP_C_69_33_VEMULA,KDP_C_69_VEMULA-MB,Peddajuturu,Peddajutur
KDP_C_69_32_TALLAPALLI,KDP_C_69_TALLAPALLI-MB,V.Kothapalli,V.Kothapalle
KDP_C_71_73_PENAGALURU,KDP_C_71_PENAGALURU-MB,K.S.Agraharam,K.S.Agraharam
KDP_C_71_73_PENAGALURU,KDP_C_71_PENAGALURU-MB,Thummakonda,Thummakonda
KDP_C_69_33_VEMULA,KDP_C_69_VEMULA-MB,Vemula,Vemula-2
KDP_C_69_34_N.PALAGIRI,KDP_C_69_N.PALAGIRI-MB,Animala,Animela
KDP_C_71_73_PENAGALURU,KDP_C_71_PENAGALURU-MB,Botimeedapalle,Botimeedapalle
KDP_C_69_41_Uppaluru,KDP_C_69_UPPALURU-MB,Ankireddypalli,Ankireddipalle
KDP_C_69_42_Payasampalli,KDP_C_69_PAYASAMPALLI-MB,Ayyavaripalli,Ayyavaripalle-5
KDP_C_69_32_TALLAPALLI,KDP_C_69_TALLAPALLI-MB,Gonamakulapalli,Gonumakulapalle
KDP_C_69_42_Payasampalli,KDP_C_69_PAYASAMPALLI-MB,Indukuru,Indukur-1
KDP_C_71_74_Chitvel,KDP_C_71_CHITVEL-MB,Rajukunta,Rajukunta
KDP_C_69_42_Payasampalli,KDP_C_69_PAYASAMPALLI-MB,Keerthipalli,Keerthipalle
KDP_C_69_42_Payasampalli,KDP_C_69_PAYASAMPALLI-MB,Lingala,Lingala-2
KDP_C_69_34_N.PALAGIRI,KDP_C_69_N.PALAGIRI-MB,North Palagiri,Northpalagiri
KDP_C_69_42_Payasampalli,KDP_C_69_PAYASAMPALLI-MB,Payasampalli,Payasampalle
KDP_C_69_43_Kamlapuram,KDP_C_69_KAMALAPURAM-MB,Pillivaripalli,Pillivaripalle
KDP_C_69_32_TALLAPALLI,KDP_C_69_TALLAPALLI-MB,South palagiri,Southpalagiri
KDP_C_69_42_Payasampalli,KDP_C_69_PAYASAMPALLI-MB,Talapanuru,Talapanur
KDP_C_71_74_Chitvel,KDP_C_71_CHITVEL-MB,Nagavaram,Nagavaram
KDP_C_69_31_VEMPALLI,KDP_C_69_VEMPALLI-MB,Tangedupalli,Tangedupalle
KDP_C_71_75_KONDURU,KDP_C_71_KONDURU-MB,Thimmamambapuram,Thimmamambapuram
KDP_C_69_41_Uppaluru,KDP_C_69_UPPALURU-MB,Uruturu,Urutur
KDP_C_69_41_Uppaluru,KDP_C_69_UPPALURU-MB,Veldurthi,Veldurthi-2
KDP_C_71_75_KONDURU,KDP_C_71_KONDURU-MB,Velagacherla,Velagacherla
KDP_C_65_07_Vontimitta,KDP_C_65_VONTIMITTA-MB,Brahmanapalli,Brahmanapalle-11
KDP_C_65_07_Vontimitta,KDP_C_65_VONTIMITTA-MB,Chintarajupalli,Chintarajupalle
KDP_C_65_06_Peddapalli,KDP_C_65_PEDDAPALLI-MB,Darjipalli,Darjipalle
KDP_C_65_06_Peddapalli,KDP_C_65_PEDDAPALLI-MB,Gollapalli,Gollapalle-7
KDP_C_65_07_Vontimitta,KDP_C_65_VONTIMITTA-MB,Jowkulapalli,Jowkulapalle
KDP_C_71_75_KONDURU,KDP_C_71_KONDURU-MB,Devamachupalle,Devamachupalle
KDP_C_65_07_Vontimitta,KDP_C_65_VONTIMITTA-MB,Konarajupalli,Konarajupalle
KDP_C_71_76_NANDALURU,KDP_C_71_NANDALURU-MB,Chintalakunta,Chintalakunta
KDP_C_71_76_NANDALURU,KDP_C_71_NANDALURU-MB,Ramamambapuram,Ramamambapuram
KDP_C_65_07_Vontimitta,KDP_C_65_VONTIMITTA-MB,Kotapadu,Kotapadu-5
KDP_C_71_76_NANDALURU,KDP_C_71_NANDALURU-MB,Pothapi,Pothapi
KDP_C_65_07_Vontimitta,KDP_C_65_VONTIMITTA-MB,Kudumuluru,Kudumalur
KDP_C_65_07_Vontimitta,KDP_C_65_VONTIMITTA-MB,Kuruguntapalli,Kuruguntapalle
KDP_C_71_76_NANDALURU,KDP_C_71_NANDALURU-MB,Kunda Nellore,Kunda Nellore
KDP_C_65_07_Vontimitta,KDP_C_65_VONTIMITTA-MB,Madhavaram,Madhavaram-3
KDP_C_65_07_Vontimitta,KDP_C_65_VONTIMITTA-MB,Mantapampalli,Mantapampalle-1
KDP_C_65_07_Vontimitta,KDP_C_65_VONTIMITTA-MB,Narayanarajupet,Narayanarajupeta
KDP_C_65_07_Vontimitta,KDP_C_65_VONTIMITTA-MB,Ponnapalli,Ponnapalle
KDP_C_65_07_Vontimitta,KDP_C_65_VONTIMITTA-MB,Rachagudipalli,Rachagudipalle
KDP_C_65_07_Vontimitta,KDP_C_65_VONTIMITTA-MB,Vontimitta,VONTIMITTA-1
KDP_C_69_41_Uppaluru,KDP_C_69_UPPALURU-MB,Chilamkuru,Chilamkur-1
KDP_C_71_76_NANDALURU,KDP_C_71_NANDALURU-MB,Adapur,Adapur
KDP_C_65_05_Potladurthi,KDP_C_65_POTLADURTHI-MB,Hanumangutti,Hanumanagutti
KDP_C_65_04_Gandikota,KDP_C_65_GADIKOTA-MB,Illuru,Illuru-1
KDP_C_65_05_Potladurthi,KDP_C_65_POTLADURTHI-MB,K.Vengammagaripalli,Kathugutavengannagaripalle
KDP_C_69_41_Uppaluru,KDP_C_69_UPPALURU-MB,Koduru,Koduru-2
KDP_C_65_15_MUDDANURU,KDP_C_65_MUDDANURU-MB,Malepadu,Malepadu-1
KDP_C_69_41_Uppaluru,KDP_C_69_UPPALURU-MB,Niduzuvvi,Nidizivve
KDP_C_69_42_Payasampalli,KDP_C_69_PAYASAMPALLI-MB,T.Sunkesula,T.Sunkesala
KDP_C_69_42_Payasampalli,KDP_C_69_PAYASAMPALLI-MB,Tippaluru,Thippaluru
KDP_C_69_41_Uppaluru,KDP_C_69_UPPALURU-MB,Valasapalli,Valasapalle-1
KDP_C_65_05_Potladurthi,KDP_C_65_POTLADURTHI-MB,Yerraguntla,Yerraguntla-4
