GW Watershed Name,IWM Microbasin name,GW Village Name,IWM village name
Kri-D-49-Vissannapeta,KRI-D-49-VISSANNAPETA-MB,A.Konduru,A.Konduru
Kri-I-42-Gannavaram,KRI-I-42-GANNAVARAM-MB,Adavinekkalam,Adivinekkalam
Kri-D-49-Nandigama,KRI-D-49-NANDIGAMA-MB,Adaviravulapadu,Adiviravulapadu
Kri-I-42-Agiripalli,KRI-I-42-AGIRIPALLI-MB,Agiripalli,Agiripalle-1
Kri-I-42-Agiripalli,KRI-I-42-AGIRIPALLI-MB,Ajjempudi,Ajjampudi
Kri-D-49-Peddavaram,KRI-D-49-PEDDAVARAM-MB,Akkapalem,Akkapalem
Kri-I-40-Musunuru,KRI-I-40-MUSUNURU-MB,Akkireddigudem,Akkireddigudem
Kri-I-42-Agiripalli,KRI-I-42-AGIRIPALLI-MB,Allapuram,Allapuram
Kri-D-51-Kanchikacherla ,KRI-D-51-KANCHIKACHERLA-MB,Alluru,Alluru-1
Kri-D-49-Penuganchiprolu,KRI-D-49-PENUGANCHIPROLU-MB,Allurupadu,Allurupadu
Kri-I-42-Gannavaram,KRI-I-42-GANNAVARAM-MB,Ambapuram,Ambapuram-4
Kri-D-49-Nandigama,KRI-D-49-NANDIGAMA-MB,Ambarupeta,Ambarupeta
Kri-I-42-Bapulapadu,KRI-I-42-BAPULAPADU-MB,Ampapuram,Ampapuram
Kri-I-42-Bapulapadu,KRI-I-42-BAPULAPADU-MB,Anathasagaram,Ananthasagaram-2
Kri-D-49-Penuganchiprolu,KRI-D-49-PENUGANCHIPROLU-MB,Anigandlapadu,Anigandlapadu
Kri-D-49-Tiruvuru,KRI-D-49-TIRUVURU-MB,Anjaneyapuram,Anjaneyapuram-1
Kri-D-48-Budawada,KRI-D-48-BUDAWADA-MB,Annavaram,Annavaram-2
Kri-I-41-Nuzvid,KRI-I-41-NUZIVIDU-MB,Annavaram,Annavaram-2
Kri-I-42-Reddigudem,KRI-I-42-REDDIGUDEM-MB,Anneraopeta,Anneraopeta
Kri-D-48-Jaggaiahpeta,KRI-D-48-JAGGAYYAPETA-MB,Anumanchipalli,Anumanchipalle
Kri-D-49-Gampalagudem,KRI-D-49-GAMPALAGUDEM-MB,Anumullanka,Anumollanka
Kri-D-49-Gampalagudem,KRI-D-49-GAMPALAGUDEM-MB,Arlapadu,Arlapadu-1
Kri-I-40-Chatrai,KRI-I-40-CHATRAI-MB,Arugolanupeta,Arugolanupeta
kri-I-42-Ganginenipalem,KRI-I-42-GANGINENIPALEM-MB,Atkuru,Atukuru
Kri-I-42-Agiripalli,KRI-I-42-AGIRIPALLI-MB,Atkuru,Atkuru
Kri-D-49-Vissannapeta,KRI-D-49-VISSANNAPETA-MB,Atlapragada,Atlapragada
Kri-I-42-Agiripalli,KRI-I-42-AGIRIPALLI-MB,B.B.Gudem,Bahubalendrunigudem
Kri-I-41-Nuzvid,KRI-I-41-NUZIVIDU-MB,B.Kandrika,Bommuluru Khandrika
Kri-I-42-Agiripalli,KRI-I-42-AGIRIPALLI-MB,Baddanapalli,Boddanapalle
Kri-I-42-Chillaboinapalli,KRI-I-40-CHILLABOYINAPAL-MB,Balive,Balive
Kri-I-42-Agiripalli,KRI-I-42-AGIRIPALLI-MB,Balliparru,Balliparru
Kri-D-48-Jaggaiahpeta,KRI-D-48-JAGGAYYAPETA-MB,Balusupadu,Balusupadu
Kri-I-42-Bapulapadu,KRI-I-42-BAPULAPADU-MB,Bandarugudem,Bandarugudem
Kri-D-49-Vatsavai,KRI-D-49-VATSAVAI-MB,Bandipalem,Bandipalem
Kri-I-42-Bapulapadu,KRI-I-42-BAPULAPADU-MB,Bapulapadu,Bapulapadu
Kri-D-51-Kanchikacherla ,KRI-D-51-KANCHIKACHERLA-MB,Bathinapadu,Bathinapadu
Kri-I-42-Agiripalli,KRI-I-42-AGIRIPALLI-MB,Bathulavarigudem,Bathulavarigudem
Kri-I-42-Gannavaram,KRI-I-42-GANNAVARAM-MB,Bhavanipuram,Vijayawada (M)
Kri-D-49-Vatsavai,KRI-D-49-VATSAVAI-MB,Bhimavaram,Bhimavaram-2
Kri-I-42-G.Konduru,KRI-I-42-G.KONDURU-MB,Bhimavarappadu,Bhimavarappadu-1
Kri-I-41-Nuzvid,KRI-I-41-NUZIVIDU-MB,Billanapalli,Billanapalle
Kri-D-51-Chandarlapadu,KRI-D-51-CHANDARLAPADU-MB,Bobbillapadu,Bobbellapadu
Kri-D-49-Veerulapadu,KRI-D-49-VEERULAPADU-MB,Bodawada,Bodavada-1
Kri-I-41-Nuzvid,KRI-I-41-NUZIVIDU-MB,Bommuluru,Bommuluru
Kri-I-41-Nuzvid,KRI-I-41-NUZIVIDU-MB,Boravancha,Boravancha
Kri-D-51-Chandarlapadu,KRI-D-51-CHANDARLAPADU-MB,Brahma botlapalem,Brahmabotlapalem
Kri-D-48-Jaggaiahpeta,KRI-D-48-JAGGAYYAPETA-MB,Buchavaram,Buchavaram
Kri-D-48-Budawada,KRI-D-48-BUDAWADA-MB,Budawada,Budawada-1
Kri-I-42-Agiripalli,KRI-I-42-AGIRIPALLI-MB,Buddavaram,Buddavaram
Kri-I-40-Chatrai,KRI-I-40-CHATRAI-MB,Buruggudem,Burugugudem
Kri-I-42-Agiripalli,KRI-I-42-AGIRIPALLI-MB,Buthumillipadu,Buthumillipadu
kri-I-42-Ganginenipalem,KRI-I-42-GANGINENIPALEM-MB,Ch.Madhavaram,Cheruvu Madhavaram
Kri-D-49-Nandigama,KRI-D-49-NANDIGAMA-MB,Chandapuram,Chandapuram
Kri-D-51-Chandarlapadu,KRI-D-51-CHANDARLAPADU-MB,Chandarlapadu ,Chandarlapadu-1
Kri-I-42-Reddigudem,KRI-I-42-REDDIGUDEM-MB,Chandrala,Chandrala-1
Kri-I-42-Mylavaram,KRI-I-42-MYLAVARAM-MB,Chandrugudem,Chandragudem
Kri-D-49-Vissannapeta,KRI-D-49-VISSANNAPETA-MB,Chandrupatla,Chandrupatla
Kri-D-49-Vissannapeta,KRI-D-49-VISSANNAPETA-MB,Chanubanda,Chanubanda
Kri-I-40-Chatrai,KRI-I-40-CHATRAI-MB,Chatrai,Chatrai-1
Kri-D-49-Veerulapadu,KRI-D-49-VEERULAPADU-MB,Chattannavaram,Chattannavaram
Kri-I-42-Reddigudem,KRI-I-42-REDDIGUDEM-MB,Cheemalapadu,Cheemalapadu-2
Kri-I-42-G.Konduru,KRI-I-42-G.KONDURU-MB,Chegireddipadu,Chegireddipadu
Kri-I-40-Musunuru,KRI-I-40-MUSUNURU-MB,Chekkapalli,Chakkapalle
Kri-D-51-Kanchikacherla ,KRI-D-51-KANCHIKACHERLA-MB,Chennaraopalem,Chennaraopalem
Kri-D-49-Gampalagudem,KRI-D-49-GAMPALAGUDEM-MB,Chennavaram,Chennavaram-1
Kri-D-51-Kanchikacherla ,KRI-D-51-KANCHIKACHERLA-MB,Chevitikallu,Chevitikallu
Kri-I-42-G.Konduru,KRI-I-42-G.KONDURU-MB,Chevuturu,Chevuturu
Kri-I-42-Agiripalli,KRI-I-42-AGIRIPALLI-MB,Chikkavaram,Chikkavaram
Kri-I-42-Chillaboinapalli,KRI-I-40-CHILLABOYINAPAL-MB,Chillaboinapalli,Chillaboyinapalle
Kri-D-48-Jaggaiahpeta,KRI-D-48-JAGGAYYAPETA-MB,Chillakallu,Chillakallu
Kri-D-51-Kanchikacherla ,KRI-D-51-KANCHIKACHERLA-MB,Chilukuru,Chilukuru
Kri-D-49-Vatsavai,KRI-D-49-VATSAVAI-MB,Chinmodupalli,China Modugapalle
Kri-I-40-Chatrai,KRI-I-40-CHATRAI-MB,Chinnampeta,Chinnampet
Kri-I-42-Agiripalli,KRI-I-42-AGIRIPALLI-MB,Chinnaoutapalli,China Avutapalle
Kri-D-49-Nandigama,KRI-D-49-NANDIGAMA-MB,Chintalapadu,Chilakalapudi (Rural)
Kri-D-49-Peddavaram,KRI-D-49-PEDDAVARAM-MB,Chintalapadu,Chilakalapudi (Rural)
Kri-I-40-Musunuru,KRI-I-40-MUSUNURU-MB,Chintalavalli,Chintalavalli
Kri-I-40-Chatrai,KRI-I-40-CHATRAI-MB,Chittapur,Chittapur
Kri-D-49-Tiruvuru,KRI-D-49-TIRUVURU-MB,Chittela,Chittela
Kri-D-49-Vatsavai,KRI-D-49-VATSAVAI-MB,Chityala,Chittela-1
Kri-I-42-Agiripalli,KRI-I-42-AGIRIPALLI-MB,Chopparametla,Chopparametla
Kri-D-49-Veerulapadu,KRI-D-49-VEERULAPADU-MB,Choutapalli,Chavatapalle
Kri-D-49-Penuganchiprolu,KRI-D-49-PENUGANCHIPROLU-MB,Dabbakupalli,Dabbakupalle
Kri-D-49-Veerulapadu,KRI-D-49-VEERULAPADU-MB,Dachavaram,Dachavaram
Kri-D-48-Jaggaiahpeta,KRI-D-48-JAGGAYYAPETA-MB,Dachupalem,Dechupalem
Kri-D-49-Veerulapadu,KRI-D-49-VEERULAPADU-MB,Damuluru,Damuluru
Kri-D-51-Kanchikacherla ,KRI-D-51-KANCHIKACHERLA-MB,Damuluru,Damuluru
Kri-I-42-Gannavaram,KRI-I-42-GANNAVARAM-MB,Dane Atkuru,Done Atkuru
Kri-I-42-Mylavaram,KRI-I-42-MYLAVARAM-MB,Dasullapalem,Dasullapalem
Kri-I-41-Nuzvid,KRI-I-41-NUZIVIDU-MB,Devaragunta,Devaragunta
Kri-I-41-Nuzvid,KRI-I-41-NUZIVIDU-MB,Digavalli,Digavalli
Kri-D-49-Jayanthi,KRI-D-49-JAYANTHI-MB,Dodda Devarapadu,Dodda Devarapadu
kri-I-42-Ganginenipalem,KRI-I-42-GANGINENIPALEM-MB,Duggiralapadu,Duggiralapadu
Kri-D-49-Utukuru,KRI-D-49-UTUKURU-MB,Dundiralapadu,Dundiralapadu
Kri-I-42-Agiripalli,KRI-I-42-AGIRIPALLI-MB,Eadara,Edara
Kri-I-42-Bapulapadu,KRI-I-42-BAPULAPADU-MB,Eadulagudem,Edulagudem
Kri-I-42-Agiripalli,KRI-I-42-AGIRIPALLI-MB,Eanamadala,Enamadala-2
Kri-I-42-Gannavaram,KRI-I-42-GANNAVARAM-MB,Enikepadu,Enikepadu
Kri-D-49-Peddavaram,KRI-D-49-PEDDAVARAM-MB,Erramadu,Erramadu
Kri-D-49-Nandigama,KRI-D-49-NANDIGAMA-MB,Eturu,Eturu-2
kri-I-42-Ganginenipalem,KRI-I-42-GANGINENIPALEM-MB,G.Konduru,Bhimavarappadu-1
Kri-D-51-Kanchikacherla ,KRI-D-51-KANCHIKACHERLA-MB,G.Madhavaram,Gudem  Madhavaram
kri-I-42-Ganginenipalem,KRI-I-42-GANGINENIPALEM-MB,Gaddamanugu,Gaddamanugu
Kri-D-49-Gampalagudem,KRI-D-49-GAMPALAGUDEM-MB,Gampalagudem,Gampalagudem-1
Kri-I-42-Reddigudem,KRI-I-42-REDDIGUDEM-MB,Ganapavaram,Ganapavaram-7
Kri-D-49-Nandigama,KRI-D-49-NANDIGAMA-MB,Gandepalli,Gandepalle-1
Kri-D-48-Jaggaiahpeta,KRI-D-48-JAGGAYYAPETA-MB,Gandrai,Gandrai
Kri-D-49-Penuganchiprolu,KRI-D-49-PENUGANCHIPROLU-MB,Gangavalli,Gangavalli
kri-I-42-Ganginenipalem,KRI-I-42-GANGINENIPALEM-MB,Ganginenipalem,Ganginenipalem
Kri-I-42-Agiripalli,KRI-I-42-AGIRIPALLI-MB,Gannavaram,Gannavaram-3
Kri-D-49-Vissannapeta,KRI-D-49-VISSANNAPETA-MB,Ganugapadu,Ganugapadu
Kri-D-48-Jaggaiahpeta,KRI-D-48-JAGGAYYAPETA-MB,Garikapadu,Garikapadu-1
Kri-D-51-Kanchikacherla ,KRI-D-51-KANCHIKACHERLA-MB,Ghani Atkur,Ganiatukuru
Kri-D-49-Veerulapadu,KRI-D-49-VEERULAPADU-MB,Gokharajupalli,Gokarajupalle
Kri-D-49-Vissannapeta,KRI-D-49-VISSANNAPETA-MB,Gollamandala,Gollamandala
Kri-D-49-Veerulapadu,KRI-D-49-VEERULAPADU-MB,Gollamudi,Gollamudi
Kri-I-42-Gannavaram,KRI-I-42-GANNAVARAM-MB,Gollanapalli,Gollanapalle
Kri-I-41-Nuzvid,KRI-I-41-NUZIVIDU-MB,Gollapalli,Gollapalle-16
Kri-I-42-G.Konduru,KRI-I-42-G.KONDURU-MB,Gollapudi,Gollapudi
Kri-I-40-Musunuru,KRI-I-40-MUSUNURU-MB,Gopavaram,Gopavaram-6
Kri-I-42-Gannavaram,KRI-I-42-GANNAVARAM-MB,Gopavarapugudem,Gopavarapugudem
Kri-D-49-Vatsavai,KRI-D-49-VATSAVAI-MB,Gopinenipalem,Gopinenipalem
Kri-D-49-Gampalagudem,KRI-D-49-GAMPALAGUDEM-MB,Gosaveedu,Gosaveedu
Kri-D-51-Kanchikacherla ,KRI-D-51-KANCHIKACHERLA-MB,Gottumukkala,Gottumukkala
Kri-D-49-Vatsavai,KRI-D-49-VATSAVAI-MB,Gowravaram,Gowravaram-2
Kri-I-42-Gannavaram,KRI-I-42-GANNAVARAM-MB,Gudavalli,Gudavalli
Kri-D-51-Chandarlapadu,KRI-D-51-CHANDARLAPADU-MB,Gudimetla,Gudimetla-1
Kri-D-51-Chandarlapadu,KRI-D-51-CHANDARLAPADU-MB,Gudimetlapalem,Gudimetlapalem
Kri-I-42-G.Konduru,KRI-I-42-G.KONDURU-MB,Gudurupadu,Gudurupadu
Kri-D-49-Gampalagudem,KRI-D-49-GAMPALAGUDEM-MB,Gullapudi,Gullapudi
Kri-I-40-Musunuru,KRI-I-40-MUSUNURU-MB,Gullapudi,Gullapudi
Kri-D-49-Penuganchiprolu,KRI-D-49-PENUGANCHIPROLU-MB,Gummadiduru,Gummadidurru
Kri-I-42-Gannavaram,KRI-I-42-GANNAVARAM-MB,Gunadala,Vijayawada (M)
Kri-I-42-G.Konduru,KRI-I-42-G.KONDURU-MB,Guntupalli,Guntupalle
Kri-I-42-G.Konduru,KRI-I-42-G.KONDURU-MB,Gurrajupalem,Gurrajupalem
Kri-I-41-Nuzvid,KRI-I-41-NUZIVIDU-MB,H.M.Gudem,Hanumanthunigudem
Kri-I-42-G.Konduru,KRI-I-42-G.KONDURU-MB,H.Mutyalampadu,Haveli Mutyalampadu
Kri-D-49-Vatsavai,KRI-D-49-VATSAVAI-MB,Hassanbada,Hasanabada
Kri-D-51-Kanchikacherla ,KRI-D-51-KANCHIKACHERLA-MB,Ibrahimpatnam,Ibrahimpatnam-1
Kri-I-42-G.Konduru,KRI-I-42-G.KONDURU-MB,Ilaprolu,Elaprolu
Kri-D-49-Vatsavai,KRI-D-49-VATSAVAI-MB,Indugupalli,Indugapalle
Kri-D-49-Nandigama,KRI-D-49-NANDIGAMA-MB,Itavaram,Ithavaram
Kri-D-51-Kanchikacherla ,KRI-D-51-KANCHIKACHERLA-MB,Jaganadhapuram,Jagannadhapuram-1
Kri-D-48-Jaggaiahpeta,KRI-D-48-JAGGAYYAPETA-MB,Jaggaiahpeta,Jaggaiahpet
Kri-I-42-G.Konduru,KRI-I-42-G.KONDURU-MB,Jakkampudi,Jakkampudi
Kri-I-42-Gannavaram,KRI-I-42-GANNAVARAM-MB,Jakkulanekkalam,Jakkulanekkalam
Kri-D-51-Kanchikacherla ,KRI-D-51-KANCHIKACHERLA-MB,Jamimachavaram,Zami Machavaram
Kri-D-49-Veerulapadu,KRI-D-49-VEERULAPADU-MB,Jammavaram,Jammavaram
Kri-I-40-Chatrai,KRI-I-40-CHATRAI-MB,Janardhanavaram,Janardhanavaram
Kri-I-42-Mylavaram,KRI-I-42-MYLAVARAM-MB,Jangalapalli,Jangalapalle-9
Kri-I-41-Nuzvid,KRI-I-41-NUZIVIDU-MB,Jangamagudem,Jangamgudem
Kri-D-49-Jayanthi,KRI-D-49-JAYANTHI-MB,Jayanthi,Jayanthi
Kri-D-48-Jaggaiahpeta,KRI-D-48-JAGGAYYAPETA-MB,Jayanthipuram,Jayanthipuram
Kri-D-49--K.Atmakuru,KRI-D-49-K.ATMAKURU-MB,Jonnalagadda,Jonnalagadda
Kri-D-51-Kanchikacherla ,KRI-D-51-KANCHIKACHERLA-MB,Jujjuru,Jujjuru
Kri-D-51-Kanchikacherla ,KRI-D-51-KANCHIKACHERLA-MB,Jupudi,Jupudi
Kri-D-48-Budawada,KRI-D-48-BUDAWADA-MB,K.Agraharam,Kowthavari Agraharam
Kri-D-49--K.Atmakuru,KRI-D-49-K.ATMAKURU-MB,K.Atmakuru,Konathamatmakuru
Kri-D-49-Nandigama,KRI-D-49-NANDIGAMA-MB,K.Kandrika,Kurugantivari Khandrika
Kri-I-42-Gannavaram,KRI-I-42-GANNAVARAM-MB,K.V.Khandrika,Kundavari Kandrika
Kri-D-51-Kanchikacherla ,KRI-D-51-KANCHIKACHERLA-MB,Kachavaram,Kachavaram
Kri-I-42-G.Konduru,KRI-I-42-G.KONDURU-MB,Kadempothavaram,Kadimpothavaram
Kri-D-49-Talluru,KRI-D-49-TALLURU-MB,Kakaravai,Kakaravai
Kri-D-49-Vissannapeta,KRI-D-49-VISSANNAPETA-MB,Kalagara,Kalagara
Kri-I-42-Bapulapadu,KRI-I-42-BAPULAPADU-MB,Kalaturu,Kalaturu
Kri-D-49-Vissannapeta,KRI-D-49-VISSANNAPETA-MB,Kambhampadu,Kambampadu
Kri-I-42-Gannavaram,KRI-I-42-GANNAVARAM-MB,Kanasanapalli,Kanasanapalle
Kri-D-49-Nandigama,KRI-D-49-NANDIGAMA-MB,Kanchela,Kanchela
Kri-D-51-Kanchikacherla ,KRI-D-51-KANCHIKACHERLA-MB,Kanchikacherla,Kanchikacherla
Kri-I-42-G.Konduru,KRI-I-42-G.KONDURU-MB,Kandulampadu,Kandulapadu
Kri-I-42-Reddigudem,KRI-I-42-REDDIGUDEM-MB,Kanimerla,Kanimerla
Kri-D-49-Vatsavai,KRI-D-49-VATSAVAI-MB,Kanneveedu,Kanneveedu
Kri-D-49-Vissannapeta,KRI-D-49-VISSANNAPETA-MB,Kanumuru,Kanumuru
Kri-D-51-Chandarlapadu,KRI-D-51-CHANDARLAPADU-MB,Kasarabada,Kasarabada
Kri-I-40-Musunuru,KRI-I-40-MUSUNURU-MB,Katrenipadu,Katrenipadu
Kri-D-51-Chandarlapadu,KRI-D-51-CHANDARLAPADU-MB,Katrenipalli,Katrenipalle
Kri-I-42-G.Konduru,KRI-I-42-G.KONDURU-MB,Kavuluru,Kavuluru
Kri-I-42-Reddigudem,KRI-I-42-REDDIGUDEM-MB,Keerthirayanigudem,Keerthirayanigudem
Kri-D-49-Nandigama,KRI-D-49-NANDIGAMA-MB,Keesara,Keesara-1
Kri-I-42-Agiripalli,KRI-I-42-AGIRIPALLI-MB,Kesarapalli,Kesarapalle
Kri-D-51-Kanchikacherla ,KRI-D-51-KANCHIKACHERLA-MB,Ketanakonda,Kethanakonda
Kri-D-49-Nandigama,KRI-D-49-NANDIGAMA-MB,Ketaveerunipadu,Kethaveeruni Padu
Kri-D-49-Penuganchiprolu,KRI-D-49-PENUGANCHIPROLU-MB,Khambhampadu,Kambampadu-1
Kri-D-51-Chandarlapadu,KRI-D-51-CHANDARLAPADU-MB,Kodavatikallu,Kodavatikallu
Kri-D-49-Vissannapeta,KRI-D-49-VISSANNAPETA-MB,Koduru,Koduru-3
Kri-I-42-Reddigudem,KRI-I-42-REDDIGUDEM-MB,Koduru,Koduru-3
Kri-I-42-Bapulapadu,KRI-I-42-BAPULAPADU-MB,Kodurupadu,Kodurupadu-1
Kri-D-49-Tiruvuru,KRI-D-49-TIRUVURU-MB,Kokilampadu,Kokilampadu
Kri-D-49-Vatsavai,KRI-D-49-VATSAVAI-MB,Kollikulla,Kollikulla
Kri-D-49-Vatsavai,KRI-D-49-VATSAVAI-MB,Konakanchi,Konakanchi
Kri-D-49-Veerulapadu,KRI-D-49-VEERULAPADU-MB,Konatanapalli,Konatalapalle
Kri-D-51-Chandarlapadu,KRI-D-51-CHANDARLAPADU-MB,Konayapalem,Konayapalem
Kri-I-42-G.Konduru,KRI-I-42-G.KONDURU-MB,Kondapalli,Kondapalle
Kri-I-40-Chatrai,KRI-I-40-CHATRAI-MB,Kondaparva,Kondaparva
Kri-I-42-Gannavaram,KRI-I-42-GANNAVARAM-MB,Kondapavuluru,Kondapavuluru
Kri-D-49-Penuganchiprolu,KRI-D-49-PENUGANCHIPROLU-MB,Konduru,Konduru-5
Kri-D-49-Nemali,KRI-D-49-NEMALI-MB,Konijerla,Konijerla
Kri-I-41-Nuzvid,KRI-I-41-NUZIVIDU-MB,Korlagunta,Korlagunta
Kri-D-49-Vissannapeta,KRI-D-49-VISSANNAPETA-MB,Korlamanda,Korlamanda-1
Kri-I-40-Chatrai,KRI-I-40-CHATRAI-MB,Kotapadu,Kotapadu-7
Kri-I-40-Chatrai,KRI-I-40-CHATRAI-MB,Kothagudem,Kothagudem-3
Kri-D-49-Gampalagudem,KRI-D-49-GAMPALAGUDEM-MB,Kothapalli,Kothapalle-15
Kri-I-41-Nuzvid,KRI-I-41-NUZIVIDU-MB,Kothapalli,Kothapalle-15
Kri-I-42-G.Konduru,KRI-I-42-G.KONDURU-MB,Kothuru,Kotturu
Kri-D-51-Kanchikacherla ,KRI-D-51-KANCHIKACHERLA-MB,Kotikalapudi,Kotikalapudi-1
Kri-I-41-Nuzvid,KRI-I-41-NUZIVIDU-MB,Koyyuru,Koyyuru-1
Kri-D-49-Vissannapeta,KRI-D-49-VISSANNAPETA-MB,Krishnaraopalem,Krishnaraopalem
Kri-I-42-Bapulapadu,KRI-I-42-BAPULAPADU-MB,Krishnavaram,Krishnavaram-2
Kri-I-42-Reddigudem,KRI-I-42-REDDIGUDEM-MB,Kudapa,Kudapa
Kri-D-49-Vissannapeta,KRI-D-49-VISSANNAPETA-MB,Kummarikuntla,Kummarakuntla
Kri-I-42-Reddigudem,KRI-I-42-REDDIGUDEM-MB,Kunaparajuparva,Kunaparajuparva
Kri-D-51-Kanchikacherla ,KRI-D-51-KANCHIKACHERLA-MB,Kunikanapadu,Kunikinapadu
Kri-I-42-G.Konduru,KRI-I-42-G.KONDURU-MB,Kuntamukkala,Kuntamukkala-1
Kri-D-49-Veerulapadu,KRI-D-49-VEERULAPADU-MB,Lakshmipuram,Laxmipuram-2
Kri-D-49-Tiruvuru,KRI-D-49-TIRUVURU-MB,Lakshmipuram,Laxmipuram-2
Kri-D-49-Nandigama,KRI-D-49-NANDIGAMA-MB,Latchapalem,Latchapalem
Kri-D-49-Vatsavai,KRI-D-49-VATSAVAI-MB,Lingagudem,Lingagudem
Kri-D-49-Penuganchiprolu,KRI-D-49-PENUGANCHIPROLU-MB,Lingala,Lingala-5
Kri-D-49-Gampalagudem,KRI-D-49-GAMPALAGUDEM-MB,Lingala,Lingala-5
Kri-D-49-Nandigama,KRI-D-49-NANDIGAMA-MB,Lingalapadu,Lingalapadu-1
Kri-I-40-Musunuru,KRI-I-40-MUSUNURU-MB,Lopudi,Lopudi
kri-I-42-Ganginenipalem,KRI-I-42-GANGINENIPALEM-MB,Loya,Loya
Kri-I-41-Nuzvid,KRI-I-41-NUZIVIDU-MB,M.N.Plem,Mokhasa Narasannapalem
Kri-D-49-Talluru,KRI-D-49-TALLURU-MB,Machinenipalem,Machinenipalem
Kri-I-42-Reddigudem,KRI-I-42-REDDIGUDEM-MB,Maddulaparva,Maddulaparva
Kri-I-42-Reddigudem,KRI-I-42-REDDIGUDEM-MB,Madhavaram(East),Madhavaram (East)
Kri-I-42-Reddigudem,KRI-I-42-REDDIGUDEM-MB,Madhavaram(West),Madhavaram (West)
Kri-I-42-Chillaboinapalli,KRI-I-40-CHILLABOYINAPAL-MB,Madicherla,Madicherla-2
Kri-D-49-Penuganchiprolu,KRI-D-49-PENUGANCHIPROLU-MB,Magallu,Magallu
Kri-D-49-Vatsavai,KRI-D-49-VATSAVAI-MB,Makkapeta,Makkapeta
Kri-D-49-Vatsavai,KRI-D-49-VATSAVAI-MB,Malkapuram,Malkapuram-2
Kri-I-42-G.Konduru,KRI-I-42-G.KONDURU-MB,Malkapuram,Malkapuram-2
Kri-I-42-Bapulapadu,KRI-I-42-BAPULAPADU-MB,Mallavalli,Mallavilli
Kri-D-49-A.Konduru,KRI-D-49-A.KONDURU-MB,Mallela,Mallela-2
Kri-I-42-Agiripalli,KRI-I-42-AGIRIPALLI-MB,Malliboinapalli,Malliboinapalle
Kri-D-48-Jaggaiahpeta,KRI-D-48-JAGGAYYAPETA-MB,Mangollu,Mangollu
Kri-I-40-Chatrai,KRI-I-40-CHATRAI-MB,Mankollu,Mankollu
Kri-D-49-A.Konduru,KRI-D-49-A.KONDURU-MB,Marepalli,Marepalle-1
Kri-I-41-Nuzvid,KRI-I-41-NUZIVIDU-MB,Marribandam,Marribandam
Kri-D-49-Nandigama,KRI-D-49-NANDIGAMA-MB,Medipalem,Medipalem
Kri-D-49-Gampalagudem,KRI-D-49-GAMPALAGUDEM-MB,Meduru,Meduru
Kri-I-41-Nuzvid,KRI-I-41-NUZIVIDU-MB,Meerjapuram,Mirijapuram
Kri-I-42-Agiripalli,KRI-I-42-AGIRIPALLI-MB,Metlapalli,Metlapalle
Kri-D-49-Nandigama,KRI-D-49-NANDIGAMA-MB,Moguluru,Moguluru-1
Kri-I-41-Nuzvid,KRI-I-41-NUZIVIDU-MB,Morsapudi,Morsapudi
Kri-I-42-Mylavaram,KRI-I-42-MYLAVARAM-MB,Morsumilli,Morusumilli
Kri-D-49-Vissannapeta,KRI-D-49-VISSANNAPETA-MB,Muchinapalli,Mutchinapalle-1
Kri-D-49-Penuganchiprolu,KRI-D-49-PENUGANCHIPROLU-MB,Muchintala,Muchintala @ Bodapadu
Kri-I-41-Nuzvid,KRI-I-41-NUZIVIDU-MB,Mukkullapadu,Mukkollupadu
Kri-D-48-Budawada,KRI-D-48-BUDAWADA-MB,Mukteswarapuram,Mukteswarapuram
Kri-I-42-Mylavaram,KRI-I-42-MYLAVARAM-MB,Mulakalapenta,Mulakalapanta
Kri-D-51-Kanchikacherla ,KRI-D-51-KANCHIKACHERLA-MB,Mulapadu,Mulapadu
Kri-D-49-Vatsavai,KRI-D-49-VATSAVAI-MB,Munagacherla,Munagacherla
Kri-D-49-Nandigama,KRI-D-49-NANDIGAMA-MB,Munagalapalli,Munagala Palle
kri-I-42-Ganginenipalem,KRI-I-42-GANGINENIPALEM-MB,Munagapadu,Munagapadu-2
Kri-D-49-Vatsavai,KRI-D-49-VATSAVAI-MB,Mundlapadu,Mundlapadu-1
Kri-D-49-Nandigama,KRI-D-49-NANDIGAMA-MB,Munnaluru,Munnaluru
Kri-D-49-Peddavaram,KRI-D-49-PEDDAVARAM-MB,Munukulla,Munukulla
Kri-D-49-Nandigama,KRI-D-49-NANDIGAMA-MB,Muppala,Muppalla-2
Kri-D-49-Peddavaram,KRI-D-49-PEDDAVARAM-MB,Mustikuntla,Mustikuntla
Kri-I-40-Musunuru,KRI-I-40-MUSUNURU-MB,Musunuru,Musunuru-1
Kri-I-42-G.Konduru,KRI-I-42-G.KONDURU-MB,Mylavaram,Mylavaram-3
Kri-D-51-Kanchikacherla ,KRI-D-51-KANCHIKACHERLA-MB,N.R.Palem,Narasimharaopalem
Kri-I-42-Reddigudem,KRI-I-42-REDDIGUDEM-MB,Naguluru,Naguluru
Kri-I-42-Gannavaram,KRI-I-42-GANNAVARAM-MB,Nainavaram,Phiryadi Nainavaram
Kri-D-49-Veerulapadu,KRI-D-49-VEERULAPADU-MB,Nandaluru,Nandaluru
Kri-D-49-Vatsavai,KRI-D-49-VATSAVAI-MB,Nandigama,Nandigama-1
Kri-I-42-G.Konduru,KRI-I-42-G.KONDURU-MB,Nandigama,Nandigama-1
Kri-I-42-Agiripalli,KRI-I-42-AGIRIPALLI-MB,Narasigapalem,Narasingapalem
Kri-D-49-Gampalagudem,KRI-D-49-GAMPALAGUDEM-MB,Narikampadu,Narikampadu
kri-I-42-Ganginenipalem,KRI-I-42-GANGINENIPALEM-MB,Narsaiahgudem,Narasayagudem
Kri-D-49-Vissannapeta,KRI-D-49-VISSANNAPETA-MB,Narsapuram,Narasapuram-9
Kri-I-42-Agiripalli,KRI-I-42-AGIRIPALLI-MB,Narsupeta,Narsupet
Kri-I-42-Reddigudem,KRI-I-42-REDDIGUDEM-MB,Narukullapadu,Narukullapadu
Kri-D-51-Kanchikacherla ,KRI-D-51-KANCHIKACHERLA-MB,Navepothavaram,N.Pothavaram
Kri-D-49-Vatsavai,KRI-D-49-VATSAVAI-MB,Nawabpeta,Nawabpeta
Kri-D-49-Nemali,KRI-D-49-NEMALI-MB,Nemali,Nemali
Kri-I-42-Gannavaram,KRI-I-42-GANNAVARAM-MB,Nidamanuru,Nidamanuru
Kri-I-42-Agiripalli,KRI-I-42-AGIRIPALLI-MB,Nugondapalli,Nugondapalle
Kri-I-42-Gannavaram,KRI-I-42-GANNAVARAM-MB,Nunna,Vijayawada (M)
Kri-I-41-Nuzvid,KRI-I-41-NUZIVIDU-MB,Nuzvid,NUZVID (Rural)
Kri-I-42-G.Konduru,KRI-I-42-G.KONDURU-MB,Paidurupadu,Paidurupadu
Kri-D-49-Penuganchiprolu,KRI-D-49-PENUGANCHIPROLU-MB,Pallagiri,Pallagiri
Kri-D-49-Veerulapadu,KRI-D-49-VEERULAPADU-MB,Pallempalli,Pallampalle
Kri-I-41-Nuzvid,KRI-I-41-NUZIVIDU-MB,Pallerlamudi,Pallerlamudi
Kri-D-51-Kanchikacherla ,KRI-D-51-KANCHIKACHERLA-MB,Paritala,Paritala
Kri-I-40-Chatrai,KRI-I-40-CHATRAI-MB,Parvathapuram,Parvatapuram
Kri-I-42-Reddigudem,KRI-I-42-REDDIGUDEM-MB,Parvathapuram,Parvatapuram
Kri-I-42-Gannavaram,KRI-I-42-GANNAVARAM-MB,Patamata,Vijayawada (M)
Kri-D-51-Chandarlapadu,KRI-D-51-CHANDARLAPADU-MB,Patempadu,Patempadu
Kri-I-42-Reddigudem,KRI-I-42-REDDIGUDEM-MB,Patha Nagulru,Patha Naguluru
Kri-I-42-Gannavaram,KRI-I-42-GANNAVARAM-MB,Pathapadu,Pathapadu-3
Kri-I-42-Gannavaram,KRI-I-42-GANNAVARAM-MB,Payakapuram,Vijayawada (M)
Kri-D-49-Gampalagudem,KRI-D-49-GAMPALAGUDEM-MB,Pedakomira,Peda Komira
Kri-D-49-Vatsavai,KRI-D-49-VATSAVAI-MB,Pedamodupalli,Peda Modugapalle
Kri-I-42-Agiripalli,KRI-I-42-AGIRIPALLI-MB,Pedaoutapalli,Peda Avutapalle-1
Kri-D-51-Kanchikacherla ,KRI-D-51-KANCHIKACHERLA-MB,Peddapuram,Peddapuram-1
Kri-D-51-Chandarlapadu,KRI-D-51-CHANDARLAPADU-MB,Peddavaram,Pedavaram
Kri-D-49-Peddavaram,KRI-D-49-PEDDAVARAM-MB,Peddavaram,Pedavaram
Kri-D-51-Kanchikacherla ,KRI-D-51-KANCHIKACHERLA-MB,Peerakalapadu,Perakalapadu
Kri-D-49-Nandigama,KRI-D-49-NANDIGAMA-MB,Pendyala,Pendyala
Kri-D-49-Vatsavai,KRI-D-49-VATSAVAI-MB,Penuganchiprolu,Penuganchiprolu-1
Kri-D-49-Utukuru,KRI-D-49-UTUKURU-MB,Penugolenu,Penugolanu
kri-I-42-Ganginenipalem,KRI-I-42-GANGINENIPALEM-MB,Petrampadu,Petrampadu
kri-I-42-Ganginenipalem,KRI-I-42-GANGINENIPALEM-MB,Pinapaka,Pinapaka
Kri-I-42-Gannavaram,KRI-I-42-GANNAVARAM-MB,Pinnamareddipalli,Pinnamareddipalle
Kri-D-49-Vatsavai,KRI-D-49-VATSAVAI-MB,Pochampalli,Pochampalle
Kri-D-49-Penuganchiprolu,KRI-D-49-PENUGANCHIPROLU-MB,Pochavaram,Pochavaram
Kri-D-51-Chandarlapadu,KRI-D-51-CHANDARLAPADU-MB,Pokkunuru,Pokkunuru
Kri-D-49-Penuganchiprolu,KRI-D-49-PENUGANCHIPROLU-MB,Polampalli,Polampalle
Kri-I-41-Nuzvid,KRI-I-41-NUZIVIDU-MB,Polasanapalli,Polasanapalle
Kri-I-40-Chatrai,KRI-I-40-CHATRAI-MB,Polavaram,Polavaram-6
Kri-D-49-A.Konduru,KRI-D-49-A.KONDURU-MB,Polisettipadu,Polisettipadu
Kri-I-42-Mylavaram,KRI-I-42-MYLAVARAM-MB,Pondugala,Pondugula-1
Kri-D-51-Kanchikacherla ,KRI-D-51-KANCHIKACHERLA-MB,Ponnavaram,Ponnavaram
Kri-D-51-Chandarlapadu,KRI-D-51-CHANDARLAPADU-MB,Popuru,Popuru
Kri-I-40-Chatrai,KRI-I-40-CHATRAI-MB,Pothanapalli,Pothanapalle
Kri-I-42-Gannavaram,KRI-I-42-GANNAVARAM-MB,Pothavarappadu,Pothavarappadu-1
Kri-I-41-Nuzvid,KRI-I-41-NUZIVIDU-MB,Pothureddipalli,Pathureddipalle
Kri-I-42-Gannavaram,KRI-I-42-GANNAVARAM-MB,Prasadampadu,Prasadampadu
Kri-I-42-Mylavaram,KRI-I-42-MYLAVARAM-MB,Pulluru,Pulluru-2
Kri-D-51-Chandarlapadu,KRI-D-51-CHANDARLAPADU-MB,Punnavalli,Punnavalli
Kri-I-42-Gannavaram,KRI-I-42-GANNAVARAM-MB,Purushottamapatnam,Purushottapatnam-1
Kri-D-49-Vissannapeta,KRI-D-49-VISSANNAPETA-MB,Putrela,Putrela-1
Kri-D-48-Jaggaiahpeta,KRI-D-48-JAGGAYYAPETA-MB,R.C.Peta,Ramachandrunipeta
Kri-D-49-Veerulapadu,KRI-D-49-VEERULAPADU-MB,Raghavapuram,Raghavapuram-1
Kri-D-49-Utukuru,KRI-D-49-UTUKURU-MB,Rajavaram,Rajavaram
Kri-I-42-Gannavaram,KRI-I-42-GANNAVARAM-MB,Ramachandrapuram,Ramachandrapuram-7
Kri-I-40-Musunuru,KRI-I-40-MUSUNURU-MB,Ramanakkapeta,Ramanakkapeta-2
Kri-I-41-Nuzvid,KRI-I-41-NUZIVIDU-MB,Ramannagudem,Ramannagudem-2
Kri-D-49-A.Konduru,KRI-D-49-A.KONDURU-MB,Ramannapalem,Ramannapalem-1
Kri-D-49-Jayanthi,KRI-D-49-JAYANTHI-MB,Ramapuram,Ramapuram-11
Kri-I-42-Gannavaram,KRI-I-42-GANNAVARAM-MB,Ramavarappadu,Ramavarapaddu
Kri-D-49-Penuganchiprolu,KRI-D-49-PENUGANCHIPROLU-MB,Ramireddipalli,Ramireddipalle-1
Kri-I-42-Bapulapadu,KRI-I-42-BAPULAPADU-MB,Rangannagudem,Rangannagudem
Kri-I-42-Reddigudem,KRI-I-42-REDDIGUDEM-MB,Rangapuram,Rangapuram-8
Kri-I-42-Bapulapadu,KRI-I-42-BAPULAPADU-MB,Ravicherla,Ravicherla
Kri-D-48-Jaggaiahpeta,KRI-D-48-JAGGAYYAPETA-MB,Ravikampadu,Ravikampadu
Kri-D-48-Jaggaiahpeta,KRI-D-48-JAGGAYYAPETA-MB,Ravirala,Ravirala
Kri-I-42-G.Konduru,KRI-I-42-G.KONDURU-MB,Rayanapadu,Rayanapadu
Kri-D-49-Penuganchiprolu,KRI-D-49-PENUGANCHIPROLU-MB,Rebbavaram,Rebbavaram
Kri-I-42-Reddigudem,KRI-I-42-REDDIGUDEM-MB,Reddigudem,Reddigudem-2
Kri-I-42-Bapulapadu,KRI-I-42-BAPULAPADU-MB,Remella,Remalle
Kri-D-49-Vissannapeta,KRI-D-49-VISSANNAPETA-MB,Repudi,Repudi
Kri-D-49-Tiruvuru,KRI-D-49-TIRUVURU-MB,Rolupadi,Rolupadi
Kri-D-49-Veerulapadu,KRI-D-49-VEERULAPADU-MB,Rudravaram,Rudravaram-6
Kri-I-42-Reddigudem,KRI-I-42-REDDIGUDEM-MB,Rudravaram,Rudravaram-6
Kri-D-49-Nandigama,KRI-D-49-NANDIGAMA-MB,S.Amaravaram,Seri Amaravaram
Kri-D-48-Jaggaiahpeta,KRI-D-48-JAGGAYYAPETA-MB,S.M.peta,Shermohammedpet
Kri-I-42-Mylavaram,KRI-I-42-MYLAVARAM-MB,Sabjjapadu,Sabjapadu
Kri-I-42-Bapulapadu,KRI-I-42-BAPULAPADU-MB,Sagguru,Sagguru
Kri-I-42-Bapulapadu,KRI-I-42-BAPULAPADU-MB,Sagguru Amani,Sagguruamani
Kri-D-49-Nandigama,KRI-D-49-NANDIGAMA-MB,Saidapuram,Saidapuram-1
Kri-D-49-Penuganchiprolu,KRI-D-49-PENUGANCHIPROLU-MB,Satyavaram,Satyavaram
Kri-I-42-Gannavaram,KRI-I-42-GANNAVARAM-MB,Savarigudem,Savarigudem
Kri-I-41-Nuzvid,KRI-I-41-NUZIVIDU-MB,Seetharampuram,Seetarampuram
Kri-D-49-Vatsavai,KRI-D-49-VATSAVAI-MB,Senagapadu,Sanagapadu
Kri-I-42-Bapulapadu,KRI-I-42-BAPULAPADU-MB,Seri Narasannapalem,Serinarasannapalem
Kri-I-42-G.Konduru,KRI-I-42-G.KONDURU-MB,Shabada,Shabada
Kri-I-42-Bapulapadu,KRI-I-42-BAPULAPADU-MB,Shobanadripuram,Sobhanadripuram
Kri-I-42-Bapulapadu,KRI-I-42-BAPULAPADU-MB,Singannagudem,Singannagudem
Kri-D-49-Veerulapadu,KRI-D-49-VEERULAPADU-MB,Somavaram,Somavaram-1
Kri-I-40-Chatrai,KRI-I-40-CHATRAI-MB,Somavaram,Somavaram-1
Kri-D-49-Vatsavai,KRI-D-49-VATSAVAI-MB,Subbayagudem,Subbayagudem
Kri-I-42-Agiripalli,KRI-I-42-AGIRIPALLI-MB,Sunkollu,Sunkollu
kri-I-42-Ganginenipalem,KRI-I-42-GANGINENIPALEM-MB,Sunnampadu,Sunnampadu
Kri-I-42-Gannavaram,KRI-I-42-GANNAVARAM-MB,Surampalli,Surampalle
Kri-I-42-Bapulapadu,KRI-I-42-BAPULAPADU-MB,Suravaram,Suravaram
Kri-I-40-Musunuru,KRI-I-40-MUSUNURU-MB,Surepalli,Surepalle-2
Kri-I-42-Reddigudem,KRI-I-42-REDDIGUDEM-MB,T.Gannavaram,T.Gannavaram
Kri-I-42-G.Konduru,KRI-I-42-G.KONDURU-MB,Tadepalli,Tadepalle
Kri-I-42-Agiripalli,KRI-I-42-AGIRIPALLI-MB,Tadepalli,Tadepalle
Kri-D-48-Jaggaiahpeta,KRI-D-48-JAGGAYYAPETA-MB,Takkellapadu,Takkellapadu-1
Kri-D-49-Nandigama,KRI-D-49-NANDIGAMA-MB,Takkellapadu,Takkellapadu-1
Kri-I-40-Musunuru,KRI-I-40-MUSUNURU-MB,Tallavalli,Tallavalli
Kri-D-49-Talluru,KRI-D-49-TALLURU-MB,Talluru,Talluru
Kri-D-49-Vissannapeta,KRI-D-49-VISSANNAPETA-MB,Tatakuntla,Tata Kuntla
Kri-D-49-Veerulapadu,KRI-D-49-VEERULAPADU-MB,Tatigummi,Tatigummi
kri-I-42-Ganginenipalem,KRI-I-42-GANGINENIPALEM-MB,Telladevarapadu,Telladevarapadu
Kri-D-49-Vissannapeta,KRI-D-49-VISSANNAPETA-MB,Telladevarapalli,Tella Devarapalle
Kri-I-42-Agiripalli,KRI-I-42-AGIRIPALLI-MB,Tempalli,Tempalle
Kri-D-51-Kanchikacherla ,KRI-D-51-KANCHIKACHERLA-MB,Thimmapuram,Thimmapuram-11
Kri-D-49-Vatsavai,KRI-D-49-VATSAVAI-MB,Thotacherala,Thotacherla
Kri-I-42-Agiripalli,KRI-I-42-AGIRIPALLI-MB,Thotapalli,Thotapalle-4
Kri-D-49-Nandigama,KRI-D-49-NANDIGAMA-MB,Thotaravulapadu,Thotaravulapadu
Kri-I-41-Nuzvid,KRI-I-41-NUZIVIDU-MB,Thukkuluru,Tukkuluru (M)
Kri-D-49-Nandigama,KRI-D-49-NANDIGAMA-MB,Thurlapadu,Thurlapadu
Kri-D-48-Jaggaiahpeta,KRI-D-48-JAGGAYYAPETA-MB,Tirumalagiri,Tirumalagiri
Kri-D-49-Tiruvuru,KRI-D-49-TIRUVURU-MB,Tiruvuru,Patha Tiruvuru
Kri-I-42-Reddigudem,KRI-I-42-REDDIGUDEM-MB,Tolukodu,Tholukodu
Kri-D-49-Veerulapadu,KRI-D-49-VEERULAPADU-MB,Torragudipadu,Torragudipadu-1
Kri-D-48-Jaggaiahpeta,KRI-D-48-JAGGAYYAPETA-MB,Torraguntapalem,Torraguntapalem
Kri-D-51-Kanchikacherla ,KRI-D-51-KANCHIKACHERLA-MB,Trilochanapuram,Trilochanapuram
Kri-D-48-Jaggaiahpeta,KRI-D-48-JAGGAYYAPETA-MB,Tripuravaram,Tripuravaram
Kri-I-40-Chatrai,KRI-I-40-CHATRAI-MB,Tummagudem,Tummagudem
Kri-I-42-G.Konduru,KRI-I-42-G.KONDURU-MB,Tummalapalem,Tummalapalem
Kri-D-49-Utukuru,KRI-D-49-UTUKURU-MB,Tunikipadu,Tunikipadu
Kri-D-49-Nemali,KRI-D-49-NEMALI-MB,Ummadidevarapalli,Ummadidevarapalle
Kri-D-51-Chandarlapadu,KRI-D-51-CHANDARLAPADU-MB,Ustepalli,Ustepalle
Kri-D-49-Utukuru,KRI-D-49-UTUKURU-MB,Utukuru,Utukuru-3
Kri-D-49--K.Atmakuru,KRI-D-49-K.ATMAKURU-MB,V.Annavaram,Vairidhari Annavaram
Kri-D-48-Jaggaiahpeta,KRI-D-48-JAGGAYYAPETA-MB,V.B.Palem,Veerabhadrunipalem
Kri-I-42-Agiripalli,KRI-I-42-AGIRIPALLI-MB,V.N.Puram,Venkatanarasimhapuram
Kri-I-42-Agiripalli,KRI-I-42-AGIRIPALLI-MB,Vadlamanu,Vadlamanu
Kri-D-49-A.Konduru,KRI-D-49-A.KONDURU-MB,Vallampatla,Vallampatla
Kri-D-49-Peddavaram,KRI-D-49-PEDDAVARAM-MB,Vamakuntla,Vamakuntla
Kri-D-49-Penuganchiprolu,KRI-D-49-PENUGANCHIPROLU-MB,Vatsavai,Vatsavai-1
Kri-I-41-Nuzvid,KRI-I-41-NUZIVIDU-MB,Vattigudipadu,Vattigudipadu-1
Kri-D-49-Peddavaram,KRI-D-49-PEDDAVARAM-MB,Vavilala,Vavilala
Kri-D-51-Chandarlapadu,KRI-D-51-CHANDARLAPADU-MB,Vedadri,Vedadri
Kri-I-42-Reddigudem,KRI-I-42-REDDIGUDEM-MB,Vedurubeedem,Vedurubeedem
Kri-I-42-Gannavaram,KRI-I-42-GANNAVARAM-MB,Vedurupavuluru,Vedurupavuluru
Kri-I-42-Gannavaram,KRI-I-42-GANNAVARAM-MB,Veerapanenigudem,Veerapanenigudem
Kri-I-42-Bapulapadu,KRI-I-42-BAPULAPADU-MB,Veeravalli,Veeravalli-1
Kri-D-49-Jayanthi,KRI-D-49-JAYANTHI-MB,Veerullapadu,Veerullapadu-1
Kri-D-51-Chandarlapadu,KRI-D-51-CHANDARLAPADU-MB,Veladikothapalem,Veladi
Kri-I-42-G.Konduru,KRI-I-42-G.KONDURU-MB,Velagaleru,Velagaleru-1
Kri-I-42-Bapulapadu,KRI-I-42-BAPULAPADU-MB,Veleru,Veleru
Kri-D-49-Veerulapadu,KRI-D-49-VEERULAPADU-MB,Vellanki,Vellanki
Kri-I-42-G.Konduru,KRI-I-42-G.KONDURU-MB,Vellaturu,Vellaturu-2
Kri-I-42-Chillaboinapalli,KRI-I-40-CHILLABOYINAPAL-MB,Velupucherla,Velpucherla-2
Kri-I-42-Reddigudem,KRI-I-42-REDDIGUDEM-MB,Velvadam,Velvadam
Kri-D-49-Penuganchiprolu,KRI-D-49-PENUGANCHIPROLU-MB,Vemavaram,Vemavaram
Kri-I-42-G.Konduru,KRI-I-42-G.KONDURU-MB,Vemavaram,Vemavaram
Kri-D-49-A.Konduru,KRI-D-49-A.KONDURU-MB,Vemireddipalli,Vemireddipalle
Kri-I-41-Nuzvid,KRI-I-41-NUZIVIDU-MB,Vempadu,Vempadu-6
Kri-D-49-Talluru,KRI-D-49-TALLURU-MB,Vemulanarva,Vemulanarva
Kri-D-49-Nandigama,KRI-D-49-NANDIGAMA-MB,Vemulapalli,Vemulapalle-1
Kri-D-49-Vatsavai,KRI-D-49-VATSAVAI-MB,Venkatapuram,Venkatapuram-9
Kri-I-42-G.Konduru,KRI-I-42-G.KONDURU-MB,Venkatapuram,Venkatapuram-9
Kri-I-41-Nuzvid,KRI-I-41-NUZIVIDU-MB,Venkatayapalem,Venkatayapalem-3
Kri-I-42-Gannavaram,KRI-I-42-GANNAVARAM-MB,Vijayawada town,Vijayawada (M)
Kri-D-49-Gampalagudem,KRI-D-49-GAMPALAGUDEM-MB,Vinagadapa,Vinagadapa
Kri-D-51-Chandarlapadu,KRI-D-51-CHANDARLAPADU-MB,Vipareetalapadu,Vibhareetapadu
Kri-D-49-Vissannapeta,KRI-D-49-VISSANNAPETA-MB,Vissannapeta,Vissannapet-1
Kri-I-40-Musunuru,KRI-I-40-MUSUNURU-MB,Yallapurm,Ellapuram
Kri-D-51-Kanchikacherla ,KRI-D-51-KANCHIKACHERLA-MB,Z.N.Pothavaram,Zami Navi Pothavaram
Avanigadda,AVANIGADDA-MB,Edlalanka,Edlanka
Avanigadda,AVANIGADDA-MB,South Chiruvolulanka,Chiruvolu Lanka
Kri-I-52-Bantumilli,BANTUMILLI-MB,Amudalapalli,Amudalapalle-2
Kri-I-52-Bantumilli,BANTUMILLI-MB,Arthamuru,Arthamuru-3
Kri-I-52-Bantumilli,BANTUMILLI-MB,Bantumilli,Bantumilli-2
Kri-I-52-Bantumilli,BANTUMILLI-MB,Chinathumidi,Chinatummidi
Kri-I-52-Bantumilli,BANTUMILLI-MB,Maddetipalli,Maddetipalle
Kri-I-42-Unguturu,UNGUTURU-MB,Dibbanapudi,Dibbanapudi
Kri-I-52-Bantumilli,BANTUMILLI-MB,Malleswaram,Malleswaram-4
Kri-I-52-Bantumilli,BANTUMILLI-MB,Mulaparru,Mulaparru-1
Kri-I-42-Unguturu,UNGUTURU-MB,Nagavarappadu,Nagavarappadu
Kri-I-42-Unguturu,UNGUTURU-MB,Veldipadu,Veldipadu
Kri-I-52-Bantumilli,BANTUMILLI-MB,Munjuluru,Munjuluru-1
Kri-I-52-Bantumilli,BANTUMILLI-MB,Narayanapuram,Narayanapuram-7
Kri-I-42-Unguturu,UNGUTURU-MB,Bokinala,Bokinala
Kri-I-42-Unguturu,UNGUTURU-MB,Manikonda,Manikonda
Kri-I-42-Unguturu,UNGUTURU-MB,Chikinala,Chikinala
Kri-I-42-Unguturu,UNGUTURU-MB,Chagantipadu,Chagantipadu
Kri-I-52-Bantumilli,BANTUMILLI-MB,Pedapandraka,Peda Pandraka
Kri-I-42-Unguturu,UNGUTURU-MB,Ondrampadu,Ondrampadu
Kri-I-42-Unguturu,UNGUTURU-MB,Elukapadu,Elukapadu
Kri-I-52-Bantumilli,BANTUMILLI-MB,Pedathumidi,Pedatummidi
Kri-I-42-Unguturu,UNGUTURU-MB,Mukkapadu,Mukkapadu
Kri-I-42-Unguturu,UNGUTURU-MB,Koyyagurapadu,Koyyagurapadu
Kri-I-52-Bantumilli,BANTUMILLI-MB,Penduru,Pendurru
Kri-I-42-Unguturu,UNGUTURU-MB,Madhirapadu,Madhirapadu
Kri-I-52-Bantumilli,BANTUMILLI-MB,Ramavarapumudi,Ramavarapumodi
Kri-I-42-Unguturu,UNGUTURU-MB,Vemanda,Vemanda
Kri-I-52-Bantumilli,BANTUMILLI-MB,Satuluru,Satuluru-1
Kri-I-42-Bapulapadu delta,BAPULAPADU_DELTA-MB,Tippanagunta,Tippanagunta
Kri-I-42-Bapulapadu delta,BAPULAPADU_DELTA-MB,Kanumolu,Kanumolu
Kri-I-42-Bapulapadu delta,BAPULAPADU_DELTA-MB,Arugolanu,Arugolanu-1
Kri-I-42-Bapulapadu delta,BAPULAPADU_DELTA-MB,Kakulapadu,Kakulapadu
Kri-I-42-Bapulapadu delta,BAPULAPADU_DELTA-MB,Dantagunta,Dantaguntla
Kri-I-42-Bapulapadu delta,BAPULAPADU_DELTA-MB,Ogirala,Ogirala
Kri-I-42-Bapulapadu delta,BAPULAPADU_DELTA-MB,Kuripirala,Kuripirala
Kri-I-42-Bapulapadu delta,BAPULAPADU_DELTA-MB,Ramannagudem,Ramannagudem-3
Kri-I-42-Bapulapadu delta,BAPULAPADU_DELTA-MB,Chirivada,Chirivada
Kri-I-42-Bapulapadu delta,BAPULAPADU_DELTA-MB,Venkatapuram,Venkatapuram-16
Kri-I-42-Bapulapadu delta,BAPULAPADU_DELTA-MB,Venkatarajugudem,Venkatrajugudem
Kri-I-52-Challapalli,CHALLAPALLI-MB,Challapalli,Challapalle-3
Kri-I-52-Penamaluru,PENAMALURU-MB,Pedapulipaka,Pedapulipaka
Kri-I-52-Challapalli,CHALLAPALLI-MB,Chidepudi,Cheedepudi
Kri-I-52-Challapalli,CHALLAPALLI-MB,Lakshmipuram,Lakshmipuram-5
Kri-I-52-Challapalli,CHALLAPALLI-MB,Nadakuduru,Nadakuduru-1
Kri-I-52-Challapalli,CHALLAPALLI-MB,Puritigadda,Puritigadda-1
Kri-I-52-Penamaluru,PENAMALURU-MB,Tadigadapa,Tadigadapa
Kri-I-52-Penamaluru,PENAMALURU-MB,Gosala,Gosala
Kri-I-52-Ghantasala,GHANTASALA-MB,Birudagadda,Birudugadda
Kri-I-52-Ghantasala,GHANTASALA-MB,Bollapadu,Bollapadu-1
Kri-I-52-Kankipadu,KANKIPADU-MB,Kunderu,Kunderu
Kri-I-52-Ghantasala,GHANTASALA-MB,Chinakallepalli,China Kallepalle
Kri-I-52-Ghantasala,GHANTASALA-MB,Chitturu,Chitturu-1
Kri-I-52-Kankipadu,KANKIPADU-MB,Kolavennu,Kolavennu
Kri-I-52-Kankipadu,KANKIPADU-MB,Punadipadu,Punadipadu
Kri-I-52-Kankipadu,KANKIPADU-MB,Tenneru,Tenneru
Kri-I-52-Kankipadu,KANKIPADU-MB,Maredumaka,Maredumaka
Kri-I-52-Ghantasala,GHANTASALA-MB,Gantasala,Ghantasala-1
Kri-I-52-Kankipadu,KANKIPADU-MB,Konathanapadu,Konathanapadu
Kri-I-52-Kankipadu,KANKIPADU-MB,Prodduturu,Prodduturu
Kri-I-52-Ghantasala,GHANTASALA-MB,Kothapalli,Kothapalle-26
Kri-I-52-Kankipadu,KANKIPADU-MB,Edupugallu,Edupugallu
Kri-I-52-Ghantasala,GHANTASALA-MB,Lankapalli,Lankapalle
Kri-I-52-Ghantasala,GHANTASALA-MB,Mallampalli,Mallampalle
Kri-I-52-Kankipadu,KANKIPADU-MB,Davuluru,Davuluru
Kri-I-52-Kankipadu,KANKIPADU-MB,Chalivendrapalem,Chalivendrapalem
Kri-I-52-Ghantasala,GHANTASALA-MB,Pooshadam,Pushadam
Kri-I-52-Ghantasala,GHANTASALA-MB,Srikakulam,Srikakulam-1
Kri-I-52-Ghantasala,GHANTASALA-MB,Tadepalli,Tadepalle-3
Kri-I-52-Ghantasala,GHANTASALA-MB,Teluguravupalem,Teluguraopalem
Kri-I-52-Ghantasala,GHANTASALA-MB,Vemulapalli,Vemulapalle-3
Kri-I-52-Ghantasala,GHANTASALA-MB,Yelakalakuduru,Elikala Kuduru
Kri-I-52-Vuyyuru,VUYYURU-MB,Katuru,Katuru
Kri-I-52-Ghantasala,GHANTASALA-MB,Yendakuduru,Endakuduru
Kri-I-52-Vuyyuru,VUYYURU-MB,Bollapadu,Bollapadu
Kri-I-52-Gudivada,GUDIVADA-MB,Bethavolu,Bethavolu  (Rural)
Kri-I-52-Vuyyuru,VUYYURU-MB,Saipuram,Saipuram
Kri-I-52-Gudivada,GUDIVADA-MB,Billapadu,Billapadu (Rural)
Kri-I-52-Gudivada,GUDIVADA-MB,Bommuluru,Bommuluru-1
Kri-I-52-Vuyyuru,VUYYURU-MB,Akunuru,Akunuru
Kri-I-52-Gudivada,GUDIVADA-MB,Chinayerukapadu,China Yerukapadu
Kri-I-52-Gudivada,GUDIVADA-MB,Chowtapalli,Chowtapalle-1
Kri-I-52-Gudivada,GUDIVADA-MB,Dondapadu,Dondapadu-3
Kri-I-52-Pedaparupudi,PEDAPARUPUDI-MB,Edulamaddali,Edulamaddali
Kri-I-52-Gudivada,GUDIVADA-MB,Gudivada,Gudivada (M)
Kri-I-52-Pedaparupudi,PEDAPARUPUDI-MB,Juvvanapudi,Juvvanapudi
Kri-I-52-Gudivada,GUDIVADA-MB,Kalvapudiagraharam,Kalvapudi Agraharam
Kri-I-52-Pedaparupudi,PEDAPARUPUDI-MB,Vanapamula,Vanapamula
Kri-I-52-Pedaparupudi,PEDAPARUPUDI-MB,Kornipadu,Kornipadu
Kri-I-52-Pedaparupudi,PEDAPARUPUDI-MB,Ravulapadu,Ravulapadu
Kri-I-52-Pedaparupudi,PEDAPARUPUDI-MB,Gurivindagunta,Gurivindagunta
Kri-I-52-Pedaparupudi,PEDAPARUPUDI-MB,Maheswarapuram,Maheswarapuram
Kri-I-52-Gudivada,GUDIVADA-MB,Lingavaram,Lingavaram-2
Kri-I-52-Pedaparupudi,PEDAPARUPUDI-MB,Ventrapragada,Ventrapragada
Kri-I-52-Gudivada,GUDIVADA-MB,Mandapadu,Mandapadu (Rural)
Kri-I-52-Gudivada,GUDIVADA-MB,Merakagudem,Merakagudem-1
Kri-I-52-Gudivada,GUDIVADA-MB,Nagavarappadu (Gudivada (M),Nagavarappadu-1
Kri-I-52-Pedaparupudi,PEDAPARUPUDI-MB,Vinjarampadu,Vinjarampadu
Kri-I-52-Gudivada,GUDIVADA-MB,Pedayerukapadu,Pedayerukapadu (Rural)
Kri-I-52-Gudivada,GUDIVADA-MB,Ramachanrapuram,Ramachandrapuram-11
Kri-I-52-Gudivada,GUDIVADA-MB,Seridintikurru,Seri Dintakurru
Kri-I-52-Gudivada,GUDIVADA-MB,Serigolvepalli,Seri Golvepalle
Kri-I-52-Gudivada,GUDIVADA-MB,Guntakoduru,Guntakoduru
Kri-I-52-Gudivada,GUDIVADA-MB,Moturu,Moturu
Kri-I-52-Gudivada,GUDIVADA-MB,Saidepudi,Saidepudi
Kri-I-52-Gudivada,GUDIVADA-MB,Serivelpuru,Seri Velpur
Kri-I-52-Gudivada,GUDIVADA-MB,Chilakamudi,Chilakamudi
Kri-I-52-Gudivada,GUDIVADA-MB,Siddantham,Siddhantam
Kri-I-52-Gudivada,GUDIVADA-MB,Tattivarru,Tativarru
Kri-I-52-Gudivada,GUDIVADA-MB,Valivarthipadu,Valivarthipadu (Rural)
Kri-I-52-Gudlavalleru,GUDLAVALLERU-MB,Cheruvupalli,Cheruvupalle
Kri-I-52-Gudlavalleru,GUDLAVALLERU-MB,Chinnagonnuru,Chinagonnuru
Kri-I-52-Gudlavalleru,GUDLAVALLERU-MB,Dokiparru,Dokiparru-1
Kri-I-52-Gudlavalleru,GUDLAVALLERU-MB,Gudlavalleru,Gudlavalleru-1
Kri-I-52-Gudlavalleru,GUDLAVALLERU-MB,Koorada,Kurada-1
Kri-I-52-Gudivada,GUDIVADA-MB,Gangadharapuram,Gangadharapuram
Kri-I-52-Gudlavalleru,GUDLAVALLERU-MB,Kowtharam,Kowtaram
Kri-I-52-Gudlavalleru,GUDLAVALLERU-MB,Mamidikoolla,Mamidikolla
Kri-I-52-Gudlavalleru,GUDLAVALLERU-MB,Nagavaram,Nagavaram-1
Kri-I-52-Gudlavalleru,GUDLAVALLERU-MB,Serikalvapudi,Seri Kalavapudi
Kri-I-52-Gudlavalleru,GUDLAVALLERU-MB,Vemavaram,Vemavaram-6
Kri-I-52-Gudlavalleru,GUDLAVALLERU-MB,Venuthurumilli,Venuturumilli
Kri-I-52-Gudlavalleru,GUDLAVALLERU-MB,Vulavalapudi,Ulavalapudi
Kri-I-52-Gudivada,GUDIVADA-MB,Seepudi,Seepudi
Kri-I-52-Gudivada,GUDIVADA-MB,Kasipudi,Kasipudi
Kri-I-52-Gudivada,GUDIVADA-MB,Allidoddi,Allidoddi
Kri-I-52-Guduru,GUDUR-MB,Gurijepalli,Gurjepalle
Kri-I-52-Gudivada,GUDIVADA-MB,Ramanapudi,Ramanapudi
Kri-I-52-Gudivada,GUDIVADA-MB,Chirichintala,Chirichintala
Kri-I-52-Thotlavalluru,THOTLAVALLURU-MB,North valluru,North Valluru
Kri-I-52-Thotlavalluru,THOTLAVALLURU-MB,South valluru,South Valluru
Kri-I-52-Thotlavalluru,THOTLAVALLURU-MB,Royyuru,Royyuru
Kri-I-52-Guduru,GUDUR-MB,Idugullapalli,Idugullapalle
Kri-I-52-Guduru,GUDUR-MB,Jakamcharla,Jakkamcherla
Kri-I-52-Thotlavalluru,THOTLAVALLURU-MB,Penamakuru,Penamakuru
Kri-I-52-Thotlavalluru,THOTLAVALLURU-MB,Garikaparru,Garikaparru
Kri-I-52-Thotlavalluru,THOTLAVALLURU-MB,Boddapadu,Boddapadu
Kri-I-52-Thotlavalluru,THOTLAVALLURU-MB,Chinapulipaka,Chinapulipaka
Kri-I-52-Thotlavalluru,THOTLAVALLURU-MB,Kummamuru,Kummamuru
Kri-I-52-Thotlavalluru,THOTLAVALLURU-MB,Kanakavalli,Kanakavalli
Kri-I-52-Guduru,GUDUR-MB,Kalpatam,Kalapatam
Kri-I-52-Guduru,GUDUR-MB,Kanchakoduru,Kanchakodur
Kri-I-52-Thotlavalluru,THOTLAVALLURU-MB,Madhurapuram,Madhurapuram
Kri-I-52-Guduru,GUDUR-MB,Mallavolu,Mallavolu-1
Kri-I-52-Thotlavalluru,THOTLAVALLURU-MB,Iluru,Iluru
Kri-I-52-Guduru,GUDUR-MB,Mukkollu,Mukkollu-1
Kri-I-52-Pamidimukkala,PAMIDIMUKKALA-MB,Hanumanthapuram,Hanumanthapuram
Kri-I-52-Pamidimukkala,PAMIDIMUKKALA-MB,Mullapudi,Mullapudi
Kri-I-52-Guduru,GUDUR-MB,Polavaram,Polavaram-8
Kri-I-52-Guduru,GUDUR-MB,Ramanujavarthanapalli,Ramanuja Varthalapalle
Kri-I-52-Guduru,GUDUR-MB,Rayavaram,Rayavaram-6
Kri-I-52-Guduru,GUDUR-MB,Tarakaturu,Tarakaturu-1
Kri-I-52-Kaikaluru,KAIKALURU-MB,Alapadu,Alapadu-1
Kri-I-52-Pamidimukkala,PAMIDIMUKKALA-MB,Penumatcha,Penumatcha
Kri-I-52-Kaikaluru,KAIKALURU-MB,Gopavaram,Gopavaram-7
Kri-I-52-Pamidimukkala,PAMIDIMUKKALA-MB,Choragudi,Choragudi
Kri-I-52-Kaikaluru,KAIKALURU-MB,Kaikaluru,Kaikalur-1
Kri-I-52-Kaikaluru,KAIKALURU-MB,Pallevada,Pallevada-1
Kri-I-52-Kaikaluru,KAIKALURU-MB,Ramavaram,Ramavaram-4
Kri-I-52-Kaikaluru,KAIKALURU-MB,Seethanapalli,Seetanapalle
Kri-I-52-Pamidimukkala,PAMIDIMUKKALA-MB,Veeranki,Veeranki
Kri-I-52-Pamidimukkala,PAMIDIMUKKALA-MB,Ameenapuram,Ameenapuram
Kri-I-52-Pamidimukkala,PAMIDIMUKKALA-MB,Kuderu,Kuderu
Kri-I-52-Kaikaluru,KAIKALURU-MB,Someswaram,Someswaram-1
Kri-I-52-Kaikaluru,KAIKALURU-MB,Syamalambhapuram,Syamalambapuram
Kri-I-52-Kaikaluru,KAIKALURU-MB,Thamarakollu,Tamarakollu
Kri-I-52-Pamidimukkala,PAMIDIMUKKALA-MB,Inapuru,Inapuru
Kri-I-52-Pamidimukkala,PAMIDIMUKKALA-MB,Mantada,Mantada
Kri-I-52-Pamidimukkala,PAMIDIMUKKALA-MB,Tadanki,Tadanki
Kri-I-52-Pamidimukkala,PAMIDIMUKKALA-MB,Inampudi,Inampudi
Kri-I-52-Kaikaluru,KAIKALURU-MB,Vinjaram,Vinjaram-2
Kri-I-52-Pamidimukkala,PAMIDIMUKKALA-MB,Gopuvanipalem,Gopuvanipalem
Kri-I-52-Kalidindi,KALIDINDI-MB,Amaravathi,Amaravathi-2
Kri-I-52-Kalidindi,KALIDINDI-MB,Kalidindi,Kalidindi-1
Kri-I-52-Kalidindi,KALIDINDI-MB,Kocherla,Kotcherla-1
Kri-I-52-Pamarru,PAMARRU-MB,Kurumaddali,Kurumaddali
Kri-I-52-Pamarru,PAMARRU-MB,Uruturu,Uruturu
Kri-I-52-Kalidindi,KALIDINDI-MB,Konduru,Konduru-8
Kri-I-52-Kalidindi,KALIDINDI-MB,Korukollu,Korukollu-1
Kri-I-52-Kalidindi,KALIDINDI-MB,Pothumarru,Pothumarru-1
Kri-I-52-Kalidindi,KALIDINDI-MB,Resseve forest area,Kalidindi-1
Kri-I-52-Pamarru,PAMARRU-MB,Undrapudi,Undrapudi
Kri-I-52-Pamarru,PAMARRU-MB,Jujjavaram,Jujjavaram
Kri-I-52-Kalidindi,KALIDINDI-MB,Sanarudravaram,Sana Rudravaram
Kri-I-52-Kalidindi,KALIDINDI-MB,Tadinada,Thadinada
Kri-I-52-Kalidindi,KALIDINDI-MB,Venkatapuram,Venkatapuram-17
Kri-I-52-Pamarru,PAMARRU-MB,Nibhanupudi,Nibhanupudi
Kri-I-52-Pamarru,PAMARRU-MB,Nimmaluru,Nimmaluru
Kri-I-52-Kankipadu,KANKIPADU-MB,Godavarru,Godavarru-1
Kri-I-52-Kankipadu,KANKIPADU-MB,Jagannathapuram,Jagannadhapuram-11
Kri-I-52-Pamarru,PAMARRU-MB,Kondiparru,Kondiparru
Kri-I-52-Kankipadu,KANKIPADU-MB,Kandulampadu,Kandalampadu
Kri-I-52-Pamarru,PAMARRU-MB,Pedamaddali,Pedamaddali
Kri-I-52-Pamarru,PAMARRU-MB,Addada,Addada
Kri-I-52-Pamarru,PAMARRU-MB,Inampudi,Inampudi
Kri-I-52-Kankipadu,KANKIPADU-MB,Kankipadu,Kankipadu-1
Kri-I-52-Pamarru,PAMARRU-MB,Komaravolu,Komaravolu
Kri-I-52-Kankipadu,KANKIPADU-MB,Madduru,Madduru-3
Kri-I-52-Kankipadu,KANKIPADU-MB,Mantena,Manthena
Kri-I-52-Kankipadu,KANKIPADU-MB,Neppalli,Neppalle
Kri-I-52-Kankipadu,KANKIPADU-MB,Uppuluru,Uppaluru
Kri-I-52-Kankipadu,KANKIPADU-MB,Velpuru,Velpuru-2
Kri-I-52-Koduru,KODURU-MB,Koduru,Koduru-6
Kri-I-52-Movva,MOVVA-MB,Pedasanagallu,Pedasanagallu
Kri-I-52-Movva,MOVVA-MB,Barlapudi,Barlapudi
Kri-I-52-Koduru,KODURU-MB,Lingareddypalem,Lingareddipalem
Kri-I-52-Movva,MOVVA-MB,Avurupudi,Avurupudi
Kri-I-52-Movva,MOVVA-MB,Ayyanki,Ayyanki
Kri-I-52-Movva,MOVVA-MB,Gudapadu,Gudapadu
Kri-I-52-Movva,MOVVA-MB,Nidumolu,Nidumolu
Kri-I-52-Movva,MOVVA-MB,Palankipadu,Palankipadu
Kri-I-52-Movva,MOVVA-MB,Kosuru,Kosuru
Kri-I-52-Movva,MOVVA-MB,Pedamuttevi,Pedamuttevi
Kri-I-52-Movva,MOVVA-MB,Vemulamada,Vemulamada
Kri-I-52-Movva,MOVVA-MB,Chinamuttevi,Chinamuttevi
Kri-I-52-Koduru,KODURU-MB,Machavaram,Machavaram-8
Kri-I-52-Koduru,KODURU-MB,Pittalanka,Pittallanka
Kri-I-52-Koduru,KODURU-MB,Ramakrishnapuram,Ramakrishnapuram-5
Kri-I-52-Koduru,KODURU-MB,Viswanadhapalli,Viswanadhapalle
Kri-I-52-Koduru,KODURU-MB,Vullipalem,Ullipalem
Kri-I-52-Ghantasala,GHANTASALA-MB,Kodali,Kodali
Kri-I-52-Kruthivennu,KRUTHIVENNU-MB,Cherukumilli,Cherkumilli
Kri-I-52-Kruthivennu,KRUTHIVENNU-MB,Chinapandrika,China Pandraka
Kri-I-52-Kruthivennu,KRUTHIVENNU-MB,Endepalli,Endapalle-1
Kri-I-52-Ghantasala,GHANTASALA-MB,Devarakota,Devarakota
Kri-I-52-Kruthivennu,KRUTHIVENNU-MB,Entheru,Interu
Kri-I-52-Kruthivennu,KRUTHIVENNU-MB,Garsapudi,Garisepudi
Kri-I-52-Kruthivennu,KRUTHIVENNU-MB,Kruthivennu,Kruthivennu-1
Kri-I-52-Kruthivennu,KRUTHIVENNU-MB,Lakshmipuram,Laxmipuram-6
Kri-I-52-Kruthivennu,KRUTHIVENNU-MB,Nidamarru,Nidamarru-3
Kri-I-52-Kruthivennu,KRUTHIVENNU-MB,Reserve forest area,Kruthivennu-1
Kri-I-52-Machilipatnam,MACHILIPATNAM-MB,Arisepalli,Arisepalle
Kri-I-52-Ghantasala,GHANTASALA-MB,Chilakalapudi,Chilakalapudi
Kri-I-52-Ghantasala,GHANTASALA-MB,V.Rudravaram,V.Rudravaram
Kri-I-52-Machilipatnam,MACHILIPATNAM-MB,Bhogireddypalli,Bhogireddipalle
Kri-I-52-Ghantasala,GHANTASALA-MB,Daliparru,Daliparru
Kri-I-52-Ghantasala,GHANTASALA-MB,Chitturpu,Chitturpu
Kri-I-52-Machilipatnam,MACHILIPATNAM-MB,Bhuddalapalem,Buddalapalem
Kri-I-52-Machilipatnam,MACHILIPATNAM-MB,Chilakalapudi,Chilakalapudi (Rural)-1
Kri-I-52-Machilipatnam,MACHILIPATNAM-MB,Chinnapuram,Chinnapuram-1
Kri-I-52-Challapalli,CHALLAPALLI-MB,Yarlagadda,Yarlagadda
Kri-I-52-Challapalli,CHALLAPALLI-MB,Nimmagadda,Nimmagadda
Kri-I-52-Machilipatnam,MACHILIPATNAM-MB,Gokavaram,Gokavaram-4
Kri-I-52-Challapalli,CHALLAPALLI-MB,Velivolu,Velivolu
Kri-I-52-Challapalli,CHALLAPALLI-MB,Pagolu,Pagolu
Kri-I-52-Machilipatnam,MACHILIPATNAM-MB,Gopuvanipalem,Gopuvanipalem-1
Kri-I-52-Challapalli,CHALLAPALLI-MB,Mangalapuram,Mangalapuram
Kri-I-52-Challapalli,CHALLAPALLI-MB,Vakkalagadda,Vakkalagadda
Kri-I-52-Challapalli,CHALLAPALLI-MB,Majeru,Majeru
Kri-I-52-Mopidevi,MOPIDEVI-MB,Kokkiligadda,Kokkiligadda
Kri-I-52-Mopidevi,MOPIDEVI-MB,Pedaprolu,Pedaprolu
Kri-I-52-Mopidevi,MOPIDEVI-MB,Kaptanupalem,Kaptanupalem
Kri-I-52-Machilipatnam,MACHILIPATNAM-MB,Hussenpalem,Hussainpalem
Kri-I-52-Machilipatnam,MACHILIPATNAM-MB,Kanuru,Kanuru-2
Kri-I-52-Machilipatnam,MACHILIPATNAM-MB,Karagraharam,Kara Agraharam
Kri-I-52-Machilipatnam,MACHILIPATNAM-MB,Kona,Kona-1
Kri-I-52-Machilipatnam,MACHILIPATNAM-MB,Machavaram,Machavaram (Rural)
Kri-I-52-Mopidevi,MOPIDEVI-MB,North chiruvolulanka,North Chiruvolulanka
Kri-I-52-Mopidevi,MOPIDEVI-MB,Mopidevi lanka,Mopidevi Lanka
Kri-I-52-Machilipatnam,MACHILIPATNAM-MB,Machilipatnam,Machilipatnam (M)
Kri-I-52-Machilipatnam,MACHILIPATNAM-MB,Manginapudi,Manginapudi-2
Kri-I-52-Machilipatnam,MACHILIPATNAM-MB,Pallethummalapalem,Palletummalapalem
Kri-I-52-Mopidevi,MOPIDEVI-MB,Mellamarru,Mellamarru
Kri-I-52-Mopidevi,MOPIDEVI-MB,Chiruvolu,Chiruvolu
Kri-I-52-Machilipatnam,MACHILIPATNAM-MB,Pedapatnam,Pedapatnam-1
Kri-I-52-Mopidevi,MOPIDEVI-MB,Bobbarlanka,Bobbarlanka
Avanigadda,AVANIGADDA-MB,Puligadda,Puligadda
Avanigadda,AVANIGADDA-MB,Modumudi,Modumudi
Avanigadda,AVANIGADDA-MB,Avanigadda,Avanigadda
Kri-I-52-Machilipatnam,MACHILIPATNAM-MB,Polatithippa,Polatitippa
Avanigadda,AVANIGADDA-MB,Vekanuru,Vekanuru
Avanigadda,AVANIGADDA-MB,Aswaraopalem,Aswaraopalem
Kri-I-52-Machilipatnam,MACHILIPATNAM-MB,Pothepalli,Pothepalle
Kri-I-52-Nandiwada,NANDIVADA-MB,Oddulameraka,Oddulameraka
Kri-I-52-Nandiwada,NANDIVADA-MB,Aripirala,Aripirala
Kri-I-52-Machilipatnam,MACHILIPATNAM-MB,Reserve forest area,Machilipatnam (M)
Kri-I-52-Nandiwada,NANDIVADA-MB,Kudaravalli,Kudaravalli
Kri-I-52-Machilipatnam,MACHILIPATNAM-MB,Rudravaram,Rudravaram-7
Kri-I-52-Machilipatnam,MACHILIPATNAM-MB,S.N.Gollapalem,Sultannagaram Gollapalem
Kri-I-52-Machilipatnam,MACHILIPATNAM-MB,Thallapalem,Tallapalem-1
Kri-I-52-Nandiwada,NANDIVADA-MB,Vennanapudi,Vennanapudi
Kri-I-52-Machilipatnam,MACHILIPATNAM-MB,Thavisapudi,Tavisipudi
Kri-I-52-Mandavalli,MANDAVALLI-MB,Appapuram,Appapuram-1
Kri-I-52-Mandavalli,MANDAVALLI-MB,Ayyavarirudravaram,Ayyavari Rudravaram
Kri-I-52-Mandavalli,MANDAVALLI-MB,Bhairavapatnam,Bhyravapatnam
Kri-I-52-Mandavalli,MANDAVALLI-MB,Chintalapudi,Chintapadu
Kri-I-52-Nandiwada,NANDIVADA-MB,Gandepudi,Gandepudi
Kri-I-52-Mandavalli,MANDAVALLI-MB,Gannavaram,Gannavaram-4
Kri-I-52-Mandavalli,MANDAVALLI-MB,Lingala,Lellapudi
Kri-I-52-Nandiwada,NANDIVADA-MB,Polukonda,Polukonda
Kri-I-52-Nandiwada,NANDIVADA-MB,Rudrapaka,Rudrapaka
Kri-I-52-Mandavalli,MANDAVALLI-MB,Mandavalli,Mandavalli-1
Kri-I-52-Nandiwada,NANDIVADA-MB,Pedalingala,Pedalingala
Kri-I-52-Nandiwada,NANDIVADA-MB,Chinalingala,Chinalingala
Kri-I-52-Nandiwada,NANDIVADA-MB,Puttagunta,Puttagunta
Kri-I-52-Mandavalli,MANDAVALLI-MB,Mokasakalavapudi,Mokhasakalvapudi
Kri-I-52-Mandavalli,MANDAVALLI-MB,Mudutallapadu,Muduthallapadu
Kri-I-52-Mandavalli,MANDAVALLI-MB,Munuguru,Manugunuru
Kri-I-52-Mandavalli,MANDAVALLI-MB,Nutchimilli,Nutchumilli
Kri-I-52-Mandavalli,MANDAVALLI-MB,Lokamudi,Lokamudi
Kri-I-52-Mandavalli,MANDAVALLI-MB,Chavalipadu,Chavalipadu
Kri-I-52-Mandavalli,MANDAVALLI-MB,Pasalapudi,Pasalapudi-2
Kri-I-52-Mandavalli,MANDAVALLI-MB,Chintapadu,Chintapadu
Kri-I-52-Mandavalli,MANDAVALLI-MB,Dayyampadu,Dayyampadu
Kri-I-52-Mandavalli,MANDAVALLI-MB,Pillipadu,Pillipadu
Kri-I-52-Mandavalli,MANDAVALLI-MB,Pulaparru,Pulaparru
Kri-I-52-Mandavalli,MANDAVALLI-MB,Kovvadalanka,Kovvadalanka
Kri-I-52-Mandavalli,MANDAVALLI-MB,Perikigudem,Perikegudem
Kri-I-52-Mandavalli,MANDAVALLI-MB,Prathipadu,Prathipadu-4
Kri-I-52-Mandavalli,MANDAVALLI-MB,Ingilipakalanka,Ingilipakalanka
Kri-I-52-Mandavalli,MANDAVALLI-MB,Nandigamalanka,Nandigamalanka
Kri-I-52-Mandavalli,MANDAVALLI-MB,Penumakalanka,Penumakalanka
Kri-I-52-Mandavalli,MANDAVALLI-MB,Sobhanadripuram,Sobhanadripuram-1
Kri-I-52-Mandavalli,MANDAVALLI-MB,Takkellapadu,Thakkellapadu-1
Kri-I-52-Mandavalli,MANDAVALLI-MB,Unikili,Unikili-1
Kri-I-52-Mopidevi,MOPIDEVI-MB,Annavaram,Annavaram-11
Kri-I-52-Mopidevi,MOPIDEVI-MB,Ayodya,Ayodhya
Kri-I-52-Mandavalli,MANDAVALLI-MB,Singanapudi,Singanapudi
Kri-I-52-Mopidevi,MOPIDEVI-MB,Melamarti lanka,Mellamarthi Lanka
Kri-I-52-Mandavalli,MANDAVALLI-MB,Putlacheruvu,Putlacheruvu
Kri-I-52-Mopidevi,MOPIDEVI-MB,Merakanapalli,Merakanapalle
Kri-I-52-Mopidevi,MOPIDEVI-MB,Mopidevi,Mopidevi-1
Kri-I-52-Mandavalli,MANDAVALLI-MB,Lellapudi,Lellapudi
Kri-I-52-Mopidevi,MOPIDEVI-MB,Nagayathippa,Nagayatippa
Kri-I-52-Mandavalli,MANDAVALLI-MB,Kanukollu,Kanukollu
Kri-I-52-Mopidevi,MOPIDEVI-MB,Pedakallepalli,Pedakallepalle
Kri-I-52-Kaikaluru,KAIKALURU-MB,Kolletikota,Kolletikota
Kri-I-52-Kaikaluru,KAIKALURU-MB,Kottada,Kottada
Kri-I-52-Kaikaluru,KAIKALURU-MB,Penchikalamarru,Penchikalamarru
Kri-I-52-Mopidevi,MOPIDEVI-MB,Tekupalli,Tekupalle-1
Kri-I-52-Kaikaluru,KAIKALURU-MB,Bhujabalapatnam,Bhujabalapatnam
Kri-I-52-Kaikaluru,KAIKALURU-MB,Singapuram,Singapuram
Kri-I-52-Kaikaluru,KAIKALURU-MB,Gonepadu,Gonepadu
Kri-I-52-Kaikaluru,KAIKALURU-MB,Atapaka,Atapaka
Kri-I-52-Mopidevi,MOPIDEVI-MB,Venkatapuram,Venkatapuram-18
Kri-I-52-Kaikaluru,KAIKALURU-MB,Achavaram,Achavaram
Kri-I-52-Movva,MOVVA-MB,Batlapenumarru,Bhatla Penumarru
Kri-I-52-Movva,MOVVA-MB,Kaza,Kaza-3
Kri-I-52-Movva,MOVVA-MB,Kuchipudi,Kuchipudi-2
Kri-I-52-Movva,MOVVA-MB,Movva,Movva-1
Kri-I-52-Kaikaluru,KAIKALURU-MB,Rachapatnam,Rachapatnam
Kri-I-52-Kaikaluru,KAIKALURU-MB,Varahapatnam,Varahapatnam
Kri-I-52-Kaikaluru,KAIKALURU-MB,Vadarlapadu,Vadarlapadu
Kri-I-52-Movva,MOVVA-MB,Pedapudi,Pedapudi-2
Kri-I-52-Kaikaluru,KAIKALURU-MB,Doddipatla,Doddipatla
Kri-I-52-Movva,MOVVA-MB,Yeddanapudi,Yaddanapudi
Kri-I-52-Mudinepalli,MUDINEPALLI-MB,Alluru,Alluru-2
Kri-I-52-Mudinepalli,MUDINEPALLI-MB,Bommanampadu,Bomminampadu
Kri-I-52-Kaikaluru,KAIKALURU-MB,Vemavarappadu,Vemavarappadu
Kri-I-52-Mudinepalli,MUDINEPALLI-MB,Chevuru,Chevuru-1
Kri-I-52-Kruthivennu,KRUTHIVENNU-MB,Komallapudi,Komallapudi
Kri-I-52-Mudinepalli,MUDINEPALLI-MB,Chinakamanapudi,China Kamanapudi
Kri-I-52-Mudinepalli,MUDINEPALLI-MB,Devaram,Devaram-1
Kri-I-52-Kruthivennu,KRUTHIVENNU-MB,Neelipudi,Neelipudi
Kri-I-52-Kruthivennu,KRUTHIVENNU-MB,Munipeda,Munipeda
Kri-I-52-Kruthivennu,KRUTHIVENNU-MB,Matlam,Matlam
Kri-I-52-Mudinepalli,MUDINEPALLI-MB,Devarapudi,Devapudi
Kri-I-52-Kruthivennu,KRUTHIVENNU-MB,Chandala,Chandala
Kri-I-52-Kruthivennu,KRUTHIVENNU-MB,Tadivennu,Tadivennu
Kri-I-52-Mudinepalli,MUDINEPALLI-MB,Edapalli,Edepalle
Kri-I-52-Kruthivennu,KRUTHIVENNU-MB,Chinagollapalem,Chinagollapalem
Kri-I-52-Mudinepalli,MUDINEPALLI-MB,Koduru,Koduru-5
Kri-I-52-Mudinepalli,MUDINEPALLI-MB,Komarru,Komarru-1
Kri-I-52-Mudinepalli,MUDINEPALLI-MB,Madhavaram,Madhavaram-10
Kri-I-52-Mudinepalli,MUDINEPALLI-MB,Mudinepalli,Mudinepalle
Kri-I-52-Mudinepalli,MUDINEPALLI-MB,Mulakapalli,Mulakalapalle-1
Kri-I-52-Bantumilli,BANTUMILLI-MB,Kanchadam,Kanchadam
Kri-I-52-Mudinepalli,MUDINEPALLI-MB,Pedakamanapudi,Peda Kamanapudi
Kri-I-52-Mudinepalli,MUDINEPALLI-MB,Peruru,Peruru-1
Kri-I-52-Bantumilli,BANTUMILLI-MB,Barripadu,Barripadu
Kri-I-52-Mudinepalli,MUDINEPALLI-MB,Senkarshanapuram,Sankarshana Puram
Kri-I-52-Mudinepalli,MUDINEPALLI-MB,Vadali,Vadali-1
Kri-I-52-Mudinepalli,MUDINEPALLI-MB,Vanuduru,Vanudurru
Kri-I-52-Mudinepalli,MUDINEPALLI-MB,Vutukuru,Utukuru-4
Kri-I-52-Mudinepalli,MUDINEPALLI-MB,Vyavaka,Vaivaka
Kri-I-52-Nagayalanka,NAGAYALANKA-MB,Bhavadevarapalli,Bhavadevarapalle-1
Kri-I-52-Bantumilli,BANTUMILLI-MB,Chorampudi,Chorampudi
Kri-I-52-Nagayalanka,NAGAYALANKA-MB,Chodavaram,Chodavaram-13
Kri-I-52-Bantumilli,BANTUMILLI-MB,Manimeswaram,Manimeswaram
Kri-I-52-Bantumilli,BANTUMILLI-MB,Korlapadu,Korlapadu
Kri-I-52-Nagayalanka,NAGAYALANKA-MB,Kamanamolu,Kammanamolu
Kri-I-52-Nagayalanka,NAGAYALANKA-MB,Nagayalanka,Nagayalanka-1
Kri-I-52-Nagayalanka,NAGAYALANKA-MB,Parachivara,Parrachivara
Kri-I-52-Nagayalanka,NAGAYALANKA-MB,Reserve forest area,Forest-198
Kri-I-52-Nandiwada,NANDIVADA-MB,Amanapudi,Anamanapudi
Kri-I-52-Mudinepalli,MUDINEPALLI-MB,Guraja,Guraja
Kri-I-52-Nandiwada,NANDIVADA-MB,Chadurtipadu,Chedurthipadu
Kri-I-52-Mudinepalli,MUDINEPALLI-MB,Kakaravada,Kakaravada
Kri-I-52-Nandiwada,NANDIVADA-MB,Dandiganapudi,Gandepudi
Kri-I-52-Nandiwada,NANDIVADA-MB,Ilaparru,Ilaparru-1
Kri-I-52-Nandiwada,NANDIVADA-MB,Janardhanapuram,Janardhanapuram-1
Kri-I-52-Nandiwada,NANDIVADA-MB,Nandivada,Nandivada-1
Kri-I-52-Mudinepalli,MUDINEPALLI-MB,Dakaram,Dakaram
Kri-I-52-Mudinepalli,MUDINEPALLI-MB,Peyyeru,Peyyeru
Kri-I-52-Nandiwada,NANDIVADA-MB,Nuthalapadu,Nuthulapadu
Kri-I-52-Nandiwada,NANDIVADA-MB,Pedaverivada,Pedavirivada
Kri-I-52-Mudinepalli,MUDINEPALLI-MB,Chinapalaparru,Chinapalaparru
Kri-I-52-Nandiwada,NANDIVADA-MB,Ramapuram,Ramapuram-14
Kri-I-52-Nandiwada,NANDIVADA-MB,Srinivasapuram,Sreenivasapuram-2
Kri-I-52-Mudinepalli,MUDINEPALLI-MB,Singarayapalem,Singarayapalem
Kri-I-52-Mudinepalli,MUDINEPALLI-MB,Pedagonnuru,Pedagonnuru
Kri-I-52-Mudinepalli,MUDINEPALLI-MB,Gokinampadu,Gokinampadu
Kri-I-52-Nandiwada,NANDIVADA-MB,Thamirisa,Tamirisa
Kri-I-52-Mudinepalli,MUDINEPALLI-MB,Prodduvaka,Prodduvaka
Kri-I-52-Mudinepalli,MUDINEPALLI-MB,Korraguntapalem,Korraguntapalem
Kri-I-52-Nandiwada,NANDIVADA-MB,Thummalapalli,Thummalapalle-1
Kri-I-52-Pamarru,PAMARRU-MB,Balliparru,Balliparru-1
Kri-I-52-Pamarru,PAMARRU-MB,Jamidaggumilli,Zamidaggumilli
Kri-I-52-Pamarru,PAMARRU-MB,Jamigolvepalli,Zamigolvepalle
Kri-I-52-Mudinepalli,MUDINEPALLI-MB,Vadavalli,Vadavalli
Kri-I-52-Pamarru,PAMARRU-MB,Kanumuru,Kanumuru-1
Kri-I-52-Pamarru,PAMARRU-MB,Kapavaram,Kapavaram-7
Kri-I-52-Pamarru,PAMARRU-MB,Mallavaram,Mallavaram-11
Kri-I-52-Pamarru,PAMARRU-MB,Mir-imam-palem,Mir Imam Palem
Kri-I-52-Mudinepalli,MUDINEPALLI-MB,Penumalli,Penumalli
Kri-I-52-Mudinepalli,MUDINEPALLI-MB,Chigurukota,Chigurukota
Kri-I-52-Mudinepalli,MUDINEPALLI-MB,Pedapalaparru,Pedapalaparru
Kri-I-52-Pamarru,PAMARRU-MB,Nimmakuru,Nemmikuru
Kri-I-52-Gudlavalleru,GUDLAVALLERU-MB,Angaluru,Angaluru
Kri-I-52-Pamarru,PAMARRU-MB,Pamarru,Pamarru-2
Kri-I-52-Gudlavalleru,GUDLAVALLERU-MB,Vinnakota,Vinnakota
Kri-I-52-Gudlavalleru,GUDLAVALLERU-MB,Puritipadu,Puritipadu
Kri-I-52-Pamarru,PAMARRU-MB,Parakarala,Prakarla
Kri-I-52-Gudlavalleru,GUDLAVALLERU-MB,Seridaggumilli,Seridaggumilli
Kri-I-52-Pamarru,PAMARRU-MB,Pasumarru,Pasumarru-1
Kri-I-52-Gudlavalleru,GUDLAVALLERU-MB,Chandrala,Chandrala
Kri-I-52-Pamarru,PAMARRU-MB,Polavaram,Polavaram-7
Kri-I-52-Gudlavalleru,GUDLAVALLERU-MB,Vemugunta,Vemugunta
Kri-I-52-Gudlavalleru,GUDLAVALLERU-MB,Penjendra,Penjendra
Kri-I-52-Gudlavalleru,GUDLAVALLERU-MB,Chitram,Chitram
Kri-I-52-Pamarru,PAMARRU-MB,Raparla,Raparala
Kri-I-52-Pamarru,PAMARRU-MB,Remmanapudi,Rimmanapudi
Kri-I-52-Gudlavalleru,GUDLAVALLERU-MB,Pesaramilli,Pesaramilli
Kri-I-52-Pamarru,PAMARRU-MB,Yelakuru,Yelakurru
Kri-I-52-Gudlavalleru,GUDLAVALLERU-MB,Vemavarappalem,Vemavarappalem
Kri-I-52-Pamidimukkala,PAMIDIMUKKALA-MB,Agniparru,Aginiparru
Kri-I-52-Pamidimukkala,PAMIDIMUKKALA-MB,Chennuripalem,Chennuruvaripalem
Kri-I-52-Pamidimukkala,PAMIDIMUKKALA-MB,Gurajada,Gurazada
Kri-I-52-Pamidimukkala,PAMIDIMUKKALA-MB,Gurralanka,Gurrala Lanka
Kri-I-52-Gudlavalleru,GUDLAVALLERU-MB,Vadlamannadu,Vadlamannadu
Kri-I-52-Gudlavalleru,GUDLAVALLERU-MB,Gadepudi,Gadepudi
Kri-I-52-Pamidimukkala,PAMIDIMUKKALA-MB,Kapileswarapuram,Kapileswarapuram-2
Kri-I-52-Pamidimukkala,PAMIDIMUKKALA-MB,Krishnapuram,Krishnapuram-17
Kri-I-52-Pedana,PEDANA-MB,Madaka,Madaka
Kri-I-52-Pamidimukkala,PAMIDIMUKKALA-MB,Lankapalli,Lankapalle
Kri-I-52-Pamidimukkala,PAMIDIMUKKALA-MB,Lankapallilanka,Lankapalle  Lanka
Kri-I-52-Pamidimukkala,PAMIDIMUKKALA-MB,Mamillapalli,Mamillapalle-1
Kri-I-52-Pedana,PEDANA-MB,Jinjeru,Jinjeru
Kri-I-52-Pedana,PEDANA-MB,Chevendra,Chevendra
Kri-I-52-Pamidimukkala,PAMIDIMUKKALA-MB,Marrivada,Marrivada-1
Kri-I-52-Pedana,PEDANA-MB,Mutcherla,Mutcherla
Kri-I-52-Pedana,PEDANA-MB,Mutchiligunta,Mutchiligunta
Kri-I-52-Pamidimukkala,PAMIDIMUKKALA-MB,Meduru,Meduru-1
Kri-I-52-Pamidimukkala,PAMIDIMUKKALA-MB,Paidikondalavaripalem,Padikondalapalem
Kri-I-52-Pedana,PEDANA-MB,Kongamcherla,Kongamcherla
Kri-I-52-Pedana,PEDANA-MB,Kavipuram,Kavipuram
Kri-I-52-Pamidimukkala,PAMIDIMUKKALA-MB,Pamidimukkala,Pamidimukkala-1
Kri-I-52-Pamidimukkala,PAMIDIMUKKALA-MB,Phatelanka,Fathelanka
Kri-I-52-Pedana,PEDANA-MB,Konkepudi,Konkepudi
Kri-I-52-Pedana,PEDANA-MB,Kuduru,Kuduru
Kri-I-52-Pamidimukkala,PAMIDIMUKKALA-MB,Srirangapuram,Sreerangapuram-3
Kri-I-52-Pedana,PEDANA-MB,Nadupuru,Nadupuru
Kri-I-52-Pamidimukkala,PAMIDIMUKKALA-MB,Velpuru,Velpuru-3
Kri-I-52-Pedana,PEDANA-MB,Bahussenpalem,Bahussainpalem
Kri-I-52-Pedana,PEDANA-MB,Lankalakalavagunta,Lankalakalavagunta
Kri-I-52-Pedana,PEDANA-MB,Balliparru,Balliparru-2
Kri-I-52-Pedana,PEDANA-MB,Pullapadu,Pullapadu
Kri-I-52-Pedana,PEDANA-MB,Chennuru,Chennuru-1
Kri-I-52-Pedana,PEDANA-MB,Chodavaram,Chodavaram-9
Kri-I-52-Pedana,PEDANA-MB,Devarapalli,Devarapalle-7
Kri-I-52-Pedana,PEDANA-MB,Dhirisavalli,Dirisavalli
Kri-I-52-Pedana,PEDANA-MB,Guruvindagunta,Gurivindagunta-1
Kri-I-52-Guduru,GUDUR-MB,Maddipatla,Maddipatla
Kri-I-52-Guduru,GUDUR-MB,Ramannapeta,Ramannapeta
Kri-I-52-Pedana,PEDANA-MB,Kakarlamudi,Kakarlamudi-1
Kri-I-52-Pedana,PEDANA-MB,Kamalapuram,Kamalapuram-2
Kri-I-52-Pedana,PEDANA-MB,Koppalli,Koppalle
Kri-I-52-Pedana,PEDANA-MB,Kummaragunta,Kummarigunta
Kri-I-52-Guduru,GUDUR-MB,Gandram,Gandram
Kri-I-52-Guduru,GUDUR-MB,Lellagaruvu,Lellagaruvu
Kri-I-52-Pedana,PEDANA-MB,Nandamuru,Nandamuru-3
Kri-I-52-Guduru,GUDUR-MB,Kappaladoddi,Kappaladoddi
Kri-I-52-Guduru,GUDUR-MB,Akulamannadu,Akulamannadu
Kri-I-52-Guduru,GUDUR-MB,Kankatava,Kankatava
Kri-I-52-Guduru,GUDUR-MB,Pinagudurulanka,Pinagudurulanka
Kri-I-52-Pedana,PEDANA-MB,Nandigama,Nandigama-4
Kri-I-52-Pedana,PEDANA-MB,Nelakondapalli,Nelakondapalle
Kri-I-52-Guduru,GUDUR-MB,Chittiguduru,Chittiguduru
Kri-I-52-Guduru,GUDUR-MB,Guduru,Guduru
Kri-I-52-Guduru,GUDUR-MB,Narikedalapalem,Narikedalapalem
Kri-I-52-Guduru,GUDUR-MB,Kokanarayanapalem,Kokanarayanapalem
Kri-I-52-Guduru,GUDUR-MB,Ramarajupalem,Ramarajupalem
Kri-I-52-Pedana,PEDANA-MB,Pedana,Pedana (Rural)
Kri-I-52-Pedana,PEDANA-MB,Penumilli,Penumalli-1
Kri-I-52-Pedana,PEDANA-MB,Serivatharlapalli,Serivarthala Palle
Kri-I-52-Pedana,PEDANA-MB,Singarayapalem,Singarayapalem-1
Kri-I-52-Guduru,GUDUR-MB,Akumarru,Akumarru
Kri-I-52-Pedana,PEDANA-MB,Vurivi,Urivi
Kri-I-52-Pedaparupudi,PEDAPARUPUDI-MB,Appikatla,Appikatla-1
Kri-I-52-Pedaparupudi,PEDAPARUPUDI-MB,Bhushanagulla,Bhushanagulla (Rural)
Kri-I-52-Pedaparupudi,PEDAPARUPUDI-MB,Chinaparapudi,Chinaparupudi
Kri-I-52-Pedaparupudi,PEDAPARUPUDI-MB,Jamidintakorru,Zamidintakurru
Kri-I-52-Machilipatnam,MACHILIPATNAM-MB,Pedayadara,Pedayadara
Kri-I-52-Pedaparupudi,PEDAPARUPUDI-MB,Moparru,Moparru-1
Kri-I-52-Pedaparupudi,PEDAPARUPUDI-MB,Pamulapadu,Pamulapadu-4
Kri-I-52-Pedaparupudi,PEDAPARUPUDI-MB,Pedaparapudi,Pedaparupudi-1
Kri-I-52-Machilipatnam,MACHILIPATNAM-MB,Nelakurru,Nelakurru
Kri-I-52-Pedaparupudi,PEDAPARUPUDI-MB,Somavarappadu,Somavarappadu-4
Kri-I-52-Pedaparupudi,PEDAPARUPUDI-MB,Yelamarru,Elamarru
Kri-I-52-Penamaluru,PENAMALURU-MB,Chodavaram,Chodavaram-5
Kri-I-52-Penamaluru,PENAMALURU-MB,Ganguru,Ganguru-1
Kri-I-52-Machilipatnam,MACHILIPATNAM-MB,Gundupalem,Gundupalem
Kri-I-52-Penamaluru,PENAMALURU-MB,Kanuru,KANNURU
Kri-I-52-Penamaluru,PENAMALURU-MB,Penamaluru,Penamaluru-1
Kri-I-52-Machilipatnam,MACHILIPATNAM-MB,Kothapudi,Kothapudi
Kri-I-52-Machilipatnam,MACHILIPATNAM-MB,Potlapalem,Potlapalem
Kri-I-52-Penamaluru,PENAMALURU-MB,Poranki,Poranki (Rural)
Kri-I-52-Penamaluru,PENAMALURU-MB,Vanukuru,Vanukuru-1
Kri-I-52-Penamaluru,PENAMALURU-MB,Yanamalakuduru,ENAMALAKUDURU
Kri-I-52-Thotlavalluru,THOTLAVALLURU-MB,Chagantipadu,Chagantipadu-1
Kri-I-52-Thotlavalluru,THOTLAVALLURU-MB,Devarapalli,Devarapalle-8
Kri-I-52-Thotlavalluru,THOTLAVALLURU-MB,Gurivindapalli,Gurivindapalle
Kri-I-52-Machilipatnam,MACHILIPATNAM-MB,Borrapothupalem,Borrapothupalem
Kri-I-52-Thotlavalluru,THOTLAVALLURU-MB,Molakalapalli,Mulakalapalle-2
Kri-I-52-Thotlavalluru,THOTLAVALLURU-MB,Yekamuru,Yakamuru
Kri-I-42-Unguturu,UNGUTURU-MB,Amudalapalli,Amudalapalle-1
Kri-I-42-Unguturu,UNGUTURU-MB,Garapadu,Garapadu-2
Kri-I-42-Unguturu,UNGUTURU-MB,Indupalli,Indupalle-1
Kri-I-42-Unguturu,UNGUTURU-MB,Lankapalliagraharam,Lankapalle Agraharam
Kri-I-52-Koduru,KODURU-MB,Salempalem,Salempalem
Kri-I-42-Unguturu,UNGUTURU-MB,Nandamuru,Nandamuru-2
Kri-I-42-Unguturu,UNGUTURU-MB,Ponukumadu,Ponukumadu-1
Kri-I-42-Unguturu,UNGUTURU-MB,Pottipadu,Pottipadu-5
Kri-I-52-Koduru,KODURU-MB,Mandapakala,Mandapakala
Kri-I-42-Unguturu,UNGUTURU-MB,Tharigoppula,Tarigoppula
Kri-I-42-Unguturu,UNGUTURU-MB,Tharigoppulakandrika,Tarigoppula Khandrika
Kri-I-42-Unguturu,UNGUTURU-MB,Thelaprolu,Telaprolu
Kri-I-52-Nagayalanka,NAGAYALANKA-MB,Edurumondi,Edurumondi
Kri-I-52-Nagayalanka,NAGAYALANKA-MB,Ganapeswaram,Ganapeswaram
Kri-I-42-Unguturu,UNGUTURU-MB,Thuttagunta,Tuttagunta
Kri-I-42-Unguturu,UNGUTURU-MB,Unguturu,Unguturu-3
Kri-I-52-Nagayalanka,NAGAYALANKA-MB,T.Kothapalem,T.Kothapalem
Kri-I-42-Unguturu,UNGUTURU-MB,Veldipadu kandrika,Veldipadu Khandrika
Kri-I-52-Nagayalanka,NAGAYALANKA-MB,Talagadadeevi,Talagadadeevi
Kri-I-52-Nagayalanka,NAGAYALANKA-MB,Etimoga,Etimoga
Kri-I-52-Nagayalanka,NAGAYALANKA-MB,Nangegadda,Nangegadda
Kri-I-42-Unguturu,UNGUTURU-MB,Velinuthala,Velinutala
Kri-I-42-Unguturu,UNGUTURU-MB,Vempadu,Vempadu-9
Kri-I-52-Vuyyuru,VUYYURU-MB,Chinavogirala,China Ogirala
Kri-I-52-Vuyyuru,VUYYURU-MB,Jabbarlapudi,Jabarlapudi
Kri-I-52-Kalidindi,KALIDINDI-MB,Kollapalem,Kollapalem
Kri-I-52-Vuyyuru,VUYYURU-MB,Kadavatikollu,Kadavakollu
Kri-I-52-Vuyyuru,VUYYURU-MB,Kaluvapamula,Kalavapamula
Kri-I-52-Vuyyuru,VUYYURU-MB,Mudunuru,Mudunuru-1
Kri-I-52-Kalidindi,KALIDINDI-MB,Kondangi,Kondangi
Kri-I-52-Kalidindi,KALIDINDI-MB,Mattagunta,Mattagunta
Kri-I-52-Kalidindi,KALIDINDI-MB,Pedalanka,Pedalanka
Kri-I-52-Vuyyuru,VUYYURU-MB,Pedavogirala,Peda Ogirala
Kri-I-52-Kalidindi,KALIDINDI-MB,Avakuru,Avakuru
Kri-I-52-Vuyyuru,VUYYURU-MB,Ramachandrapuram,Ramachandrapuram-10
Kri-I-52-Vuyyuru,VUYYURU-MB,Veeravalli mukasa,Veeravalli Mokhasa
Kri-I-52-Vuyyuru,VUYYURU-MB,Vuyyuru(Rural),Vuyyuru-1
