GW Watershed Name,Iwm basin names,GW Village Name,iwm village names
NLR_C_76_YEKOLLU,NLR_C_76_YEKOLLU-MB,Aabaka,Abaka
NLR_C_62_CHINNA ANNALUR,NLR_C_62_CHINNA ANNALUR-MB,Aadimurtipuram,Audimurthipuram
NLR_C_74_OZILI,NLR_C_74_OZILI-MB,Acharlaparlapalli,Acharlaparlapalle
NLR_C_76_YEKOLLU,NLR_C_76_YEKOLLU-MB,Adapamudi,Adapamudi
NLR_C_73_CHINTAVARAM,NLR_C_73_CHINTAVARAM-MB,Addepalli,Addepalle
NLR_C_74_NELAPATTU,NLR_C_74_NELAPATTU-MB,Addepudi,Addepudi
NLR_C_73_RAMASAGARAM,NLR_C_73_RAMASAGARAM-MB,Adhvnnapu Narayanakat,Adhvanna Punarayanakattubadi
NLR_C_73_DEGAPUDI,NLR_C_73_DEGAPUDI-MB,Adurupalle,Adurupalle
NLR_C_72_A.S.PETA,NLR_C_72_A.S.PETA-MB,Akbarabad,Akbarabad
NLR_C_73_VENKATAGIRI,NLR_C_73_VENKATAGIRI-MB,Akbarnivasa Khandrika,Akbarnivasa Khandrika
NLR_C_73_GONUPALLE,NLR_C_73_GONUPALLI-MB,Akhilavalasa,Akilavalasa
NLR_C_72_NELLORE,NLR_C_72_NELLORE-MB,Akkacheruvupadu,Akkacheruvupadu
NLR_C_73_PALUGODU,NLR_C_73_PALUGODU-MB,AKKAMAMBAPURAM,Akkamambapuram
NLR_C_76_TADA,NLR_C_76_TADA-MB,AKKAMPETA,Akkampeta-1
NLR_C_73_KASUMUR,NLR_C_73_KASUMUR-MB,Akkampeta,Akkampeta
NLR_C_76_YEKOLLU,NLR_C_76_YEKOLLU-MB,Akkarabaka,Akkarapaka
NLR_C_73_BALAYAPALLE,NLR_C_73_BALAYAPALLE-MB,Akkasamudram,Akkasamudram
NLR_C_72_KOVUR,NLR_C_72_KOVUR-MB,Alaganipadu,Alaganipadu
NLR_C_73_BALAYAPALLE,NLR_C_73_BALAYAPALLE-MB,Alimili,Alimili
NLR_C_61_S.R.PURAM,NLR_C_61_SR_PURAM-MB,Alivelumangapuram,Alivelumangapuram
NLR_C_74_PERIMIDI,NLR_C_74_PERIMIDI-MB,Alivelumangapuram,Alivelumangapuram
NLR_C_72_ALLAMPADU,NLR_C_72_ALLAMPADU-MB,Allampadu,Allampadu
NLR_C_74_KOTA,NLR_C_74_KOTA-MB,Allampadu,Allampadu
NLR_C_62_BOGOLE,NLR_C_62_BOGOLE-MB,Allimadugu,Allimadugu
NLR_C_72_NELLORE,NLR_C_72_NELLORE-MB,Allipuram,Allipuram (Rural)
NLR_C_62_BOGOLE,NLR_C_62_BOGOLE-MB,Allur ,Allur-4
NLR_C_72_KOVUR,NLR_C_72_KOVUR-MB,Allurpadu,Alurupadu
NLR_C_62_BOGOLE,NLR_C_62_BOGOLE-MB,Allurupeta,Allurupeta
NLR_C_73_PALUGODU,NLR_C_73_PALUGODU-MB,Althrupadu,Althurupadu
NLR_C_72_PRABHUGIRIPATNAM,NLR_C_72_PRABHUGIRIPATN-MB,Althurti,Althurthi
NLR_C_73_KASUMUR,NLR_C_73_KASUMUR-MB,Amancherla,Amancherla
NLR_C_72_ANANTASAGARAM,NLR_C_72_ANANTASAGARAM-MB,Amanichiruvella,Amanichiruvella
NLR_C_73_BALAYAPALLE,NLR_C_73_BALAYAPALLE-MB,Ambalapudi,Ambalapudi
NLR_C_72_NELLORE,NLR_C_72_NELLORE-MB,Ambapuram,Ambapuram-3
NLR_C_73_BALAYAPALLE,NLR_C_73_BALAYAPALLE-MB,Ammapalem,Ammapalem
NLR_C_73_BALAYAPALLE,NLR_C_73_BALAYAPALLE-MB,Ammavaripeta (Venkatagiri muncipality ),Ammavaripeta
NLR_C_73_MUTTUKUR,NLR_C_73_MUTTUKUR-MB,Amudalapadu,Amudalapadu
NLR_C_74_PERIMIDI,NLR_C_74_PERIMIDI-MB,Anakavolu,Anakavolu
NLR_C_72_KODAVALUR,NLR_C_72_KODAVALUR-MB,Anantabatlavarikandriga,Anathabotlavari Khandrika
NLR_C_73_RAMASAGARAM,NLR_C_73_RAMASAGARAM-MB,Anantamadugu,Ananthamadugu
NLR_C_62_BRAHMANAKRAKA,NLR_C_62_BRAHMANAKRAKA-MB,Anantapuram,Ananthapuram
NLR_C_73_MUTTUKUR,NLR_C_73_MUTTUKUR-MB,Anantapuram,Ananthapuram
NLR_C_72_ANANTASAGARAM,NLR_C_72_ANANTASAGARAM-MB,Anantasagaram,Ananthasagaram-1
NLR_C_62_BOGOLE,NLR_C_62_BOGOLE-MB,Anantavaram,Ananthavaram-3
NLR_C_76_TADA,NLR_C_76_TADA-MB,ANDAGUNDALA,Andagundala
NLR_C_74_DUGGARAJUPATNAM,NLR_C_74_DUGGARAJUPATNA-MB,Andalamala,Andalamala
NLR_C_74_NELAPATTU,NLR_C_74_NELAPATTU-MB,Anegottam,Anegottam
NLR_C_62_KAVALI,NLR_C_62_KAVALI-MB,Anemadugu,Anemadugu
NLR_C_76_YEKOLLU,NLR_C_76_YEKOLLU-MB,Anepudi/Nadimakandriga,Anepudi (Nadimi Khandrika)
NLR_C_73_MUTTUKUR,NLR_C_73_MUTTUKUR-MB,Anikepalli,Anikepalle
NLR_C_73_CHINTAVARAM,NLR_C_73_CHINTAVARAM-MB,Ankulapaturu,Ankulapaturu
NLR_C_73_DEGAPUDI,NLR_C_73_DEGAPUDI-MB,Ankupalle,Ankupalle
NLR_C_74_KOTA,NLR_C_74_KOTA-MB,Annambaka,Annambaka
NLR_C_74_YAKASIRI,NLR_C_74_YAKASIRI-MB,Annamedu,Annamedu
NLR_C_72_KOVUR,NLR_C_72_KOVUR-MB,Annareddipalem,Annareddipalem
NLR_C_62_BRAHMANAKRAKA,NLR_C_62_BRAHMANAKRAKA-MB,Annavaram,Annavaram-1
NLR_C_72_A.S.PETA,NLR_C_72_A.S.PETA-MB,Anumasamudram,Anumasamudram
NLR_C_72_A.S.PETA,NLR_C_72_A.S.PETA-MB,Anumasamudrampeta,Anumasamudrampeta-1
NLR_C_73_KASUMUR,NLR_C_73_KASUMUR-MB,Anupallipadu,Anupallipadu
NLR_C_61_KOTTAPETA,NLR_C_61_KOTTAPETA-MB,Appasamudram,Appasamudram
NLR_C_74_NELAPATTU,NLR_C_74_NELAPATTU-MB,Aravaperimidi,Aravaperimidi
NLR_C_72_GANDLAVEEDU,NLR_C_62_GANDLAVEEDU-MB,Araveedu,Aravedu
NLR_C_76_VEDURUPATTU,NLR_C_76_VEDURUPATTU-MB,Ardamala,Ardhamala
NLR_C_73_BALAYAPALLE,NLR_C_73_BALAYAPALLE-MB,Arigepalle,Arigepalle
NLR_C_74_OZILI,NLR_C_74_OZILI-MB,Arimenipadu,Arimanipadu-1
NLR_C_61_S.R.PURAM,NLR_C_61_SR_PURAM-MB,Arlapadia,Arlapadiya
NLR_C_76_VEDURUPATTU,NLR_C_76_VEDURUPATTU-MB,Arlapadu,Arlapadu
NLR_C_74_NELAPATTU,NLR_C_74_NELAPATTU-MB,Aruru,Aruru
NLR_C_75_SHAR,NLR_C_75_SHAR-MB,Atakani Tippa,Atakanithippa
NLR_C_76_YEKOLLU,NLR_C_76_YEKOLLU-MB,Atchukatla,Atchukatla
NLR_C_74_YAKASIRI,NLR_C_74_YAKASIRI-MB,Athalapalem,Athalapalem
NLR_C_72_A.S.PETA,NLR_C_72_A.S.PETA-MB,Atmakur ,Atmakur-3
NLR_C_73_DAKKILI,NLR_C_73_DAKKILI-MB,Attalasiddavaram,Attalasiddavaram
NLR_C_74_PERIMIDI,NLR_C_74_PERIMIDI-MB,Attivaram,Athivaram
NLR_C_74_PERIMIDI,NLR_C_74_PERIMIDI-MB,Attivaram kottapalem,Athivaram Kothapalem
NLR_C_72_ALLAMPADU,NLR_C_72_ALLAMPADU-MB,Ayyanapalle,Ayyanapalle
NLR_C_76_YEKOLLU,NLR_C_76_YEKOLLU-MB,Ayyapalem,Ayyapalem
NLR_C_74_OZILI,NLR_C_74_OZILI-MB,Ayyappareddipalem,Ayyapareddipalem
NLR_C_72_NELLORE,NLR_C_72_NELLORE-MB,Ayyavaripalem,Ayyagaripalem
NLR_C_73_GUDUR,NLR_C_73_GUDUR-MB,Ayyavaripalem,Ayyavaripalem
NLR_C_61_S.R.PURAM,NLR_C_61_SR_PURAM-MB,Ayyavaripalle,Ayyavaripalle-4
NLR_C_72_KALUVOYA,NLR_C_72_KALUVOYA-MB,Baddevolu,Baddevolu
NLR_C_73_KASUMUR,NLR_C_73_KASUMUR-MB,Baddevolu,Baddevolu
NLR_C_61_S.R.PURAM,NLR_C_61_SR_PURAM-MB,Bairamkonda hills,FOREST-45
NLR_C_73_PALUGODU,NLR_C_73_PALUGODU-MB,Balasamudram,Balasamudram
NLR_C_61_S.R.PURAM,NLR_C_61_SR_PURAM-MB,Balayapalle,Balayapalle-2
NLR_C_73_BALAYAPALLE,NLR_C_73_BALAYAPALLE-MB,Balayapalle,Balayapalle-2
NLR_C_73_CHINTAVARAM,NLR_C_73_CHINTAVARAM-MB,Ballavolu,Ballavolu
NLR_C_72_ALLAMPADU,NLR_C_72_ALLAMPADU-MB,Bandaganipalle,Bandaganipalle
NLR_C_73_BALAYAPALLE,NLR_C_73_BALAYAPALLE-MB,Bandarugunta,Bandarugunta
NLR_C_72_ANANTASAGARAM,NLR_C_72_ANANTASAGARAM-MB,Bandarupalli,Bandarupalle-1
NLR_C_73_KASUMUR,NLR_C_73_KASUMUR-MB,Bandepalle,Bandepalle
NLR_C_73_RAPUR,NLR_C_73_RAPUR-MB,Bandepalli,Bandepalle-1
NLR_C_76_YEKOLLU,NLR_C_76_YEKOLLU-MB,Bangarupeta,Bangarammapeta
NLR_C_73_BALAYAPALLE,NLR_C_73_BALAYAPALLE-MB,Bangarupeta (Venkatagiri muncipality),Bangarupeta
NLR_C_73_PALUGODU,NLR_C_73_PALUGODU-MB,Bangaruyachasamudram,Bangaruyachasamudram
NLR_C_72_KODAVALUR,NLR_C_72_KODAVALUR-MB,Basavaipalem,Basavaipalem
NLR_C_73_VENKATAGIRI,NLR_C_73_VENKATAGIRI-MB,Basavaya Gunta,Basavayagunta
NLR_C_61_S.R.PURAM,NLR_C_61_SR_PURAM-MB,Basinenipalle,Basinenipalle
NLR_C_74_OZILI,NLR_C_74_OZILI-MB,Bathalapuram,Bhathalapuram
NLR_C_72_PRABHUGIRIPATNAM,NLR_C_72_PRABHUGIRIPATN-MB,Bathulapalle,Bathulapalle
NLR_C_74_OZILI,NLR_C_74_OZILI-MB,Batlakanupuru,Bhatlakanupuru
NLR_C_62_BOGOLE,NLR_C_62_BOGOLE-MB,Batrakagollu,Batrakagollu
NLR_C_72_GANDLAVEEDU,NLR_C_62_GANDLAVEEDU-MB,Battepadu,Battepadu
NLR_C_72_PRABHUGIRIPATNAM,NLR_C_72_PRABHUGIRIPATN-MB,Battlapallipadu,Bathulapallepadu
NLR_C_72_ANANTASAGARAM,NLR_C_72_ANANTASAGARAM-MB,Bedusupalli,Bedusupalle
NLR_C_72_KODAVALUR,NLR_C_72_KODAVALUR-MB,Beeramgunta,Beeramgunta
NLR_C_61_S.R.PURAM,NLR_C_61_SR_PURAM-MB,Bhaskarapuram,Bhaskarapuram
NLR_C_72_ALLAMPADU,NLR_C_72_ALLAMPADU-MB,Bheemavaram,Bheemavaram-3
NLR_C_74_OZILI,NLR_C_74_OZILI-MB,Bheemavaram,Bheemavaram-3
NLR_C_73_DAKKILI,NLR_C_73_DAKKILI-MB,Bheemavaram,Bheemavaram-3
NLR_C_62_GOTTIGUNDALA,NLR_C_62_GOTTIGUNDALA-MB,Bheemavarappadu,Bhimavarappadu
NLR_C_76_TADA,NLR_C_76_TADA-MB,BHEEMULAVARIPALEM,Bheemulavaripalem
NLR_C_73_GUDUR,NLR_C_73_GUDUR-MB,Bhuvanagiripalem,Bhuvanagiripalem
NLR_C_72_GANDLAVEEDU,NLR_C_62_GANDLAVEEDU-MB,Bhyravaram,Bhyravaram
NLR_C_74_PERIMIDI,NLR_C_74_PERIMIDI-MB,Bhyravaram,Bhyravaram
NLR_C_72_CHEJARLA,NLR_C_72_CHEJARLA-MB,Billupadu,Billupadu
NLR_C_74_YAKASIRI,NLR_C_74_YAKASIRI-MB,Biradavada,Biradawada
NLR_C_73_KASUMUR,NLR_C_73_KASUMUR-MB,Biradavolu,Biradavolu
NLR_C_62_BOGOLE,NLR_C_62_BOGOLE-MB,Bitragunta,Bitragunta
NLR_C_62_BRAHMANAKRAKA,NLR_C_62_BRAHMANAKRAKA-MB,Bodagudipadu,Bodagudipadu
NLR_C_72_KODAVALUR,NLR_C_72_KODAVALUR-MB,Bodduvaripalem,Bodduvaripalem
NLR_C_72_PRABHUGIRIPATNAM,NLR_C_72_PRABHUGIRIPATN-MB,Bogasamudram,Bhogasamudram-1
NLR_C_62_BOGOLE,NLR_C_62_BOGOLE-MB,Bogole,Bogole-1
NLR_C_72_GANDLAVEEDU,NLR_C_62_GANDLAVEEDU-MB,Boilachiruvella,Boyila Chiruvella
NLR_C_73_BALAYAPALLE,NLR_C_73_BALAYAPALLE-MB,Boinagunta,Boyanagunta
NLR_C_73_RAPUR,NLR_C_73_RAPUR-MB,Bojjanapalli,Bojjanapalle
NLR_C_73_BALAYAPALLE,NLR_C_73_BALAYAPALLE-MB,Bommagunta,Bommagunta
NLR_C_72_ANANTASAGARAM,NLR_C_72_ANANTASAGARAM-MB,Bommavaram,Bommavaram
NLR_C_61_S.R.PURAM,NLR_C_61_SR_PURAM-MB,Bongarajulapadu,Bongaravulapadu
NLR_C_74_DUGGARAJUPATNAM,NLR_C_74_DUGGARAJUPATNA-MB,Boodalavagu,Budidalawagu
NLR_C_73_BALAYAPALLE,NLR_C_73_BALAYAPALLE-MB,Boppapuram,Boppapuram-1
NLR_C_72_GANDLAVEEDU,NLR_C_62_GANDLAVEEDU-MB,Bottikarlapadu,Botikarlapadu
NLR_C_73_MUTTUKUR,NLR_C_73_MUTTUKUR-MB,Brahmadevam,Brahmadevam-1
NLR_C_62_BRAHMANAKRAKA,NLR_C_62_BRAHMANAKRAKA-MB,Brahmanakraka,Brahmanakraka
NLR_C_72_KALUVOYA,NLR_C_72_KALUVOYA-MB,Brahmanapalle,Brahmanapalle-9
NLR_C_72_ALLAMPADU,NLR_C_72_ALLAMPADU-MB,Brahmanapalli,Brahmanapalle-6
NLR_C_72_GANDLAVEEDU,NLR_C_62_GANDLAVEEDU-MB,Brahmeswaram,Brahmeswaram
NLR_C_62_KAVALI,NLR_C_62_KAVALI-MB,Budamgunta,Budamagunta
NLR_C_73_GUDUR,NLR_C_73_GUDUR-MB,Budanam,Budanam
NLR_C_72_ALLAMPADU,NLR_C_72_ALLAMPADU-MB,Budawada,Budawada
NLR_C_76_YEKOLLU,NLR_C_76_YEKOLLU-MB,Buduru,Buduru
NLR_C_72_NELLORE,NLR_C_72_NELLORE-MB,Bujabujanellore,Buja Buja Nellore (Rural)
NLR_C_72_A.S.PETA,NLR_C_72_A.S.PETA-MB,Bukkapuram,Bukkapuram-4
NLR_C_75_REDDYPALEM,NLR_C_75_REDDYPALEM-MB,Buradagali Kotapalem,Buradagali Kothapalem
NLR_C_76_YEKOLLU,NLR_C_76_YEKOLLU-MB,Buradamadugu,Buradamadugu
NLR_C_73_BALAYAPALLE,NLR_C_73_BALAYAPALLE-MB,Busapalem,Busapalem
NLR_C_72_ALLAMPADU,NLR_C_72_ALLAMPADU-MB,Chabolu,Chabolu-1
NLR_C_73_DEGAPUDI,NLR_C_73_DEGAPUDI-MB,Chaganam,Chaganam
NLR_C_73_DAKKILI,NLR_C_73_DAKKILI-MB,Chakalapalli,Chakalapalle
NLR_C_61_KOTTAPETA,NLR_C_61_KOTTAPETA-MB,Chakalikonda,Chakalakonda-1
NLR_C_74_PERIMIDI,NLR_C_74_PERIMIDI-MB,Chakracharyulavari Khandriga,Chakracharyulavari Khandrika
NLR_C_61_KOTTAPETA,NLR_C_61_KOTTAPETA-MB,Challagirigalla,Challagirigala-1
NLR_C_73_PALUGODU,NLR_C_73_PALUGODU-MB,Challanarasukhandriga,Challanarasu Khandrika
NLR_C_62_BRAHMANAKRAKA,NLR_C_62_BRAHMANAKRAKA-MB,Chamadala,Chamadala
NLR_C_72_A.S.PETA,NLR_C_72_A.S.PETA-MB,Chandalurupadu,Chandulurupadu
NLR_C_76_YEKOLLU,NLR_C_76_YEKOLLU-MB,Chandanamudi,Chandanamudi
NLR_C_72_A.S.PETA,NLR_C_72_A.S.PETA-MB,Chandrapadia,Chandrapadia
NLR_C_73_PALUGODU,NLR_C_73_PALUGODU-MB,Chapalapalle,Chapalapalle
NLR_C_72_ANANTASAGARAM,NLR_C_72_ANANTASAGARAM-MB,Chapuralllapalle,Chapurallapalle
NLR_C_73_KASUMUR,NLR_C_73_KASUMUR-MB,Chatagotla,Chatagotla
NLR_C_74_CHAVALI,NLR_C_74_CHAVALI-MB,Chavali,Chavali
NLR_C_72_KODAVALUR,NLR_C_72_KODAVALUR-MB,Chawataputtedu,Choutaputhedu
NLR_C_73_RAPUR,NLR_C_73_RAPUR-MB,Cheekavolu,Cheekavolu
NLR_C_73_PALUGODU,NLR_C_73_PALUGODU-MB,Cheekirenipalle,Cheekirenipalle
NLR_C_74_DUGGARAJUPATNAM,NLR_C_74_DUGGARAJUPATNA-MB,Cheemalapadu,Cheemalapadu-1
NLR_C_72_CHEJARLA,NLR_C_72_CHEJARLA-MB,Cheepinapi,Cheepinapi
NLR_C_72_CHEJARLA,NLR_C_72_CHEJARLA-MB,Chejarla,Chejerla-2
NLR_C_62_KAVALI,NLR_C_62_KAVALI-MB,Chelamcherla,Chalamcherla
NLR_C_73_VENKATAGIRI,NLR_C_73_VENKATAGIRI-MB,Chelikampadu,Chelikampadu
NLR_C_73_VENKATAGIRI,NLR_C_73_VENKATAGIRI-MB,Chelikampadu Mannegunta,Chelikampadu Mannegunta
NLR_C_72_KOVUR,NLR_C_72_KOVUR-MB,Chellayapalem,Chellayapalem
NLR_C_74_CHAVALI,NLR_C_74_CHAVALI-MB,Chembedu,Chembedu
NLR_C_73_GUDUR,NLR_C_73_GUDUR-MB,Chemidti,Chemidthi
NLR_C_74_KOTA,NLR_C_74_KOTA-MB,Chendodu,Chendodu
NLR_C_74_DUGGARAJUPATNAM,NLR_C_74_DUGGARAJUPATNA-MB,Chennappagarimitta,Chennappagarimitta
NLR_C_74_CHAVALI,NLR_C_74_CHAVALI-MB,Chennappanaidupeta,Chennappanaidupeta
NLR_C_73_PALUGODU,NLR_C_73_PALUGODU-MB,Chennasamudram,Chennasamudram
NLR_C_72_KOVUR,NLR_C_72_KOVUR-MB,Chennavarappadu,Chennavarappadu
NLR_C_62_KAVALI,NLR_C_62_KAVALI-MB,Chennayapalem,Chennayapalem
NLR_C_73_GUDUR,NLR_C_73_GUDUR-MB,Chennur I,Chennuru - I
NLR_C_73_GUDUR,NLR_C_73_GUDUR-MB,Chennur II,Chennuru ? II
NLR_C_72_KODAVALUR,NLR_C_72_KODAVALUR-MB,Chennuru,Chennuru
NLR_C_72_KOVUR,NLR_C_72_KOVUR-MB,Cherlopalem,Cherlopalem
NLR_C_73_RAPUR,NLR_C_73_RAPUR-MB,Cherlopalli,Cherlopalle-4
NLR_C_74_DUGGARAJUPATNAM,NLR_C_74_DUGGARAJUPATNA-MB,Cherukumolam,Cherukumulam
NLR_C_73_KASUMUR,NLR_C_73_KASUMUR-MB,Cherukumudi,Cherukumudi
NLR_C_73_BALAYAPALLE,NLR_C_73_BALAYAPALLE-MB,Chevireddipalle (Venkatagiri muncipality),Chevireddipalle (Rural)
NLR_C_74_OZILI,NLR_C_74_OZILI-MB,Chigurupadu,Chigurupadu
NLR_C_74_OZILI,NLR_C_74_OZILI-MB,Chigurupadu agraharam,Chigurupadu Agraharam
NLR_C_72_ALLAMPADU,NLR_C_72_ALLAMPADU-MB,Chilakapadu,Chilakapadu-2
NLR_C_74_PERIMIDI,NLR_C_74_PERIMIDI-MB,Chilamanuru,Chilamanuru
NLR_C_74_CHAVALI,NLR_C_74_CHAVALI-MB,Chillakur,Chillakur-2
NLR_C_73_GUDUR,NLR_C_73_GUDUR-MB,Chillakur,Chillakur-2
NLR_C_74_OZILI,NLR_C_74_OZILI-MB,Chillamanuchenu,Chillamanichenu
NLR_C_74_OZILI,NLR_C_74_OZILI-MB,Chillamatturu,Chillamathur
NLR_C_74_NELAPATTU,NLR_C_74_NELAPATTU-MB,Chillamur,Chillamuru
NLR_C_73_BALAYAPALLE,NLR_C_73_BALAYAPALLE-MB,China bandarupalle,China Bandarupalle
NLR_C_73_MUTTUKUR,NLR_C_73_MUTTUKUR-MB,China Cherukur,Chinna Cherukur
NLR_C_73_BALAYAPALLE,NLR_C_73_BALAYAPALLE-MB,China gotlagunta,China Gotlagunta
NLR_C_72_CHEJARLA,NLR_C_72_CHEJARLA-MB,Chinagopavaram,China Gopavaram
NLR_C_62_BRAHMANAKRAKA,NLR_C_62_BRAHMANAKRAKA-MB,Chinakraka,China Kraka
NLR_C_72_ALLAMPADU,NLR_C_72_ALLAMPADU-MB,Chinamachanur,Chinamachanur
NLR_C_61_S.R.PURAM,NLR_C_61_SR_PURAM-MB,Chinanagampalli,China Nagampalle
NLR_C_62_CHINNA ANNALUR,NLR_C_62_CHINNA ANNALUR-MB,Chinnaannalur,China Annaluru
NLR_C_74_PERIMIDI,NLR_C_74_PERIMIDI-MB,Chinnanapeta,Chinnannapeta
NLR_C_73_PALUGODU,NLR_C_73_PALUGODU-MB,Chintagunta,Chinthagunta
NLR_C_73_VENKATAGIRI,NLR_C_73_VENKATAGIRI-MB,Chintagunta Venganna Khandrika,C.Guntavenganna Khandrika
NLR_C_73_PALUGODU,NLR_C_73_PALUGODU-MB,Chintala cheruvukandra,Chintala  Cheruvu Khandrika
NLR_C_62_GOTTIGUNDALA,NLR_C_62_GOTTIGUNDALA-MB,Chintaladeevi,Chinthaladevi
NLR_C_72_A.S.PETA,NLR_C_72_A.S.PETA-MB,Chintalapalem,Chinthalapalem-1
NLR_C_72_KALUVOYA,NLR_C_72_KALUVOYA-MB,Chintalapalem,Chintalapalem
NLR_C_72_CHEJARLA,NLR_C_72_CHEJARLA-MB,Chintalatmakur,Chintalatmakuru
NLR_C_74_CHAVALI,NLR_C_74_CHAVALI-MB,Chintapudi,Chintapudi
NLR_C_72_NELLORE,NLR_C_72_NELLORE-MB,Chintareddipalem,Chintareddipalem
NLR_C_73_CHINTAVARAM,NLR_C_73_CHINTAVARAM-MB,Chintavaram,Chinthavaram-1
NLR_C_73_VENKATAGIRI,NLR_C_73_VENKATAGIRI-MB,Chinthalapalle Vari Kha,Chinthalapallevari Khandrika
NLR_C_61_S.R.PURAM,NLR_C_61_SR_PURAM-MB,Chintodu,Chinthodu
NLR_C_72_A.S.PETA,NLR_C_72_A.S.PETA-MB,Chiramana,Chiramana
NLR_C_72_GANDLAVEEDU,NLR_C_62_GANDLAVEEDU-MB,Chiruvellakandriga,Chiruvella Khandrika
NLR_C_72_PRABHUGIRIPATNAM,NLR_C_72_PRABHUGIRIPATN-MB,Chittalur,Chittaluru
NLR_C_74_YAKASIRI,NLR_C_74_YAKASIRI-MB,Chittamur,Chittamur-1
NLR_C_74_KOTA,NLR_C_74_KOTA-MB,Chittedu,Chittodu
NLR_C_62_CHINNA ANNALUR,NLR_C_62_CHINNA ANNALUR-MB,Chowdavaram,Chodavaram-3
NLR_C_61_S.R.PURAM,NLR_C_61_SR_PURAM-MB,Chowdepalle,Chowdepalle-1
NLR_C_72_KOVUR,NLR_C_72_KOVUR-MB,Chowkicherla,Chowkacherla
NLR_C_72_A.S.PETA,NLR_C_72_A.S.PETA-MB,Chowtabheemavaram,Chouta Bheemavaram-1
NLR_C_72_ANANTASAGARAM,NLR_C_72_ANANTASAGARAM-MB,Chunchuluru,Chunchulur
NLR_C_73_BALAYAPALLE,NLR_C_73_BALAYAPALLE-MB,Chutti,Chutti
NLR_C_73_DEGAPUDI,NLR_C_73_DEGAPUDI-MB,Chuttupalem,Chuttupalem
NLR_C_73_VENKATAGIRI,NLR_C_73_VENKATAGIRI-MB,Dacheruvu,Dacheruvu
NLR_C_73_GONUPALLE,NLR_C_73_GONUPALLI-MB,Dachuru,Dachuru
NLR_C_72_KODAVALUR,NLR_C_72_KODAVALUR-MB,Dagadarti,Dagadarthi-1
NLR_C_73_RAPUR,NLR_C_73_RAPUR-MB,Daggavolu,Daggavolu
NLR_C_61_VEMPADU,NLR_C_61_VEMPADU-MB,Dakkanuru,Dakkanur
NLR_C_73_DAKKILI,NLR_C_73_DAKKILI-MB,Dakkili,Dakkili-1
NLR_C_76_YEKOLLU,NLR_C_76_YEKOLLU-MB,Dama Nellore,Dama Nellore
NLR_C_61_VEMPADU,NLR_C_61_VEMPADU-MB,Damancherla,Damancherla
NLR_C_72_KOVUR,NLR_C_72_KOVUR-MB,Damaramadugu,Damaramadugu
NLR_C_75_SHAR,NLR_C_75_SHAR-MB,Damaraya,Damaraya
NLR_C_75_SHAR,NLR_C_75_SHAR-MB,Damarayakandriga,Damaraya Khandrika
NLR_C_62_BOGOLE,NLR_C_62_BOGOLE-MB,Damavaram,Damavaram
NLR_C_72_KODAVALUR,NLR_C_72_KODAVALUR-MB,Damegunta,Damegunta
NLR_C_72_KOVUR,NLR_C_72_KOVUR-MB,Dampuru,Dampuru
NLR_C_73_PALUGODU,NLR_C_73_PALUGODU-MB,Dandavolu,Dandavolu
NLR_C_73_PALUGODU,NLR_C_73_PALUGODU-MB,Dandavolu Upprapalle,Dandavolu Upparapalle
NLR_C_72_KOVUR,NLR_C_72_KOVUR-MB,Dandigunta,Dandigunta
NLR_C_73_DAKKILI,NLR_C_73_DAKKILI-MB,Dattanagaram,Dattanagaram
NLR_C_76_TADA,NLR_C_76_TADA-MB,Davidagunta,Davadigunta
NLR_C_76_TADA,NLR_C_76_TADA-MB,Degapalem,Degalapalem
NLR_C_73_DEGAPUDI,NLR_C_73_DEGAPUDI-MB,Degapudi,Degapudi
NLR_C_73_DEGAPUDI,NLR_C_73_DEGAPUDI-MB,Degapudirajupalem,Degapudi Rajupalem
NLR_C_72_GANDLAVEEDU,NLR_C_62_GANDLAVEEDU-MB,Depuru,Depuru
NLR_C_61_S.R.PURAM,NLR_C_61_SR_PURAM-MB,Devammacheruvu,Devammacheruvu
NLR_C_61_S.R.PURAM,NLR_C_61_SR_PURAM-MB,Devarajusurayapalle,Devarajusurayapalle
NLR_C_72_NELLORE,NLR_C_72_NELLORE-MB,Devarapalem,Devarapalem-1
NLR_C_73_DEGAPUDI,NLR_C_73_DEGAPUDI-MB,Devaravemuru,Devaravemur
NLR_C_72_ANANTASAGARAM,NLR_C_72_ANANTASAGARAM-MB,Devarayapalli-1,Devarayapalle Bit- I
NLR_C_72_ANANTASAGARAM,NLR_C_72_ANANTASAGARAM-MB,Devarayapalli-II,Devarayapalle Bit-II
NLR_C_61_S.R.PURAM,NLR_C_61_SR_PURAM-MB,Devisettipalli,Devisettipalle
NLR_C_73_DAKKILI,NLR_C_73_DAKKILI-MB,Devulapalle,Devulapalle
NLR_C_76_TADA,NLR_C_76_TADA-MB,DEVUNI KHANDRIKA,Devuni Khandrika-1
NLR_C_74_YAKASIRI,NLR_C_74_YAKASIRI-MB,Devunikandrika,Devuni Khandrika
NLR_C_73_VENKATAGIRI,NLR_C_73_VENKATAGIRI-MB,Dharma Chatlavarikhandr,Dharmachatlavari Khandrika
NLR_C_73_PALUGODU,NLR_C_73_PALUGODU-MB,DHARMAPURAM (U),DHARMAPURAM (U)
NLR_C_72_GANDLAVEEDU,NLR_C_62_GANDLAVEEDU-MB,Dharmarao Cheruvupalli,Dharmarao Cheruvupalle
NLR_C_73_KASUMUR,NLR_C_73_KASUMUR-MB,Dontali,Donthali
NLR_C_72_A.S.PETA,NLR_C_72_A.S.PETA-MB,Dubagunta,Dubagunta-3
NLR_C_62_CHINNA ANNALUR,NLR_C_62_CHINNA ANNALUR-MB,Dubagunta,Dubagunta-3
NLR_C_74_DUGGARAJUPATNAM,NLR_C_74_DUGGARAJUPATNA-MB,Duggarajapatnam,Duggaraja Patnam
NLR_C_73_DEGAPUDI,NLR_C_73_DEGAPUDI-MB,Duggunta,Duggunta
NLR_C_73_DEGAPUDI,NLR_C_73_DEGAPUDI-MB,Duggunta Rajupalem,Duggunta Rajupalem
NLR_C_72_KODAVALUR,NLR_C_72_KODAVALUR-MB,Dundigum,Dundigam
NLR_C_74_DUGGARAJUPATNAM,NLR_C_74_DUGGARAJUPATNA-MB,Durgavaram,Durgavaram
NLR_C_72_GANDLAVEEDU,NLR_C_62_GANDLAVEEDU-MB,Duttalur ,Duttalur-1
NLR_C_72_KOVUR,NLR_C_72_KOVUR-MB,Duvvuru,Duvvuru
NLR_C_74_PERIMIDI,NLR_C_74_PERIMIDI-MB,Dwarakapuram,Dwarakapuram
NLR_C_73_GUDUR,NLR_C_73_GUDUR-MB,East Gudur,East Gudur (Rural)
NLR_C_73_KASUMUR,NLR_C_73_KASUMUR-MB,Edagali,Edagali
NLR_C_73_RAPUR,NLR_C_73_RAPUR-MB,Edula kandriga,Edulakhandrika
NLR_C_73_MUTTUKUR,NLR_C_73_MUTTUKUR-MB,Eduru  II,Eduru - II
NLR_C_73_MUTTUKUR,NLR_C_73_MUTTUKUR-MB,Eduru I,Eduru - I
NLR_C_76_YEKOLLU,NLR_C_76_YEKOLLU-MB,Ekollu,Yekollu
NLR_C_74_PERIMIDI,NLR_C_74_PERIMIDI-MB,Enuguwada,Enuguwada
NLR_C_73_MUTTUKUR,NLR_C_73_MUTTUKUR-MB,Epuru bit 1A,Epuru  Bit-I-A
NLR_C_73_MUTTUKUR,NLR_C_73_MUTTUKUR-MB,Epuru bit 1B,Epuru Bit - I - B
NLR_C_73_MUTTUKUR,NLR_C_73_MUTTUKUR-MB,Epuru bit II,Epuru Bit - II (G V R Palem)
NLR_C_76_YEKOLLU,NLR_C_76_YEKOLLU-MB,Errabalem,Yerrabalem-3
NLR_C_76_VEDURUPATTU,NLR_C_76_VEDURUPATTU-MB,Erragunta,Yerragunta-3
NLR_C_74_OZILI,NLR_C_74_OZILI-MB,Erramsettipalem,Yerramsettipalem
NLR_C_74_NELAPATTU,NLR_C_74_NELAPATTU-MB,Eswarawaka,Eswarawaka
NLR_C_72_KODAVALUR,NLR_C_72_KODAVALUR-MB,Gandavaram,Gandavaram-1
NLR_C_61_S.R.PURAM,NLR_C_61_SR_PURAM-MB,Gandipalem,Gandipalem
NLR_C_72_GANDLAVEEDU,NLR_C_62_GANDLAVEEDU-MB,Gandlaveedu,Gandlavedu
NLR_C_73_DEGAPUDI,NLR_C_73_DEGAPUDI-MB,Gandurupalli,Gandurupalle
NLR_C_61_S.R.PURAM,NLR_C_61_SR_PURAM-MB,Ganeswarapuram,Ganeswarapuram
NLR_C_74_DUGGARAJUPATNAM,NLR_C_74_DUGGARAJUPATNA-MB,Gangannapalem,Ganganapalem
NLR_C_74_DUGGARAJUPATNAM,NLR_C_74_DUGGARAJUPATNA-MB,Gangapalem,Gangupalem
NLR_C_72_NELLORE,NLR_C_72_NELLORE-MB,Gangapatnam,Gangapatnam
NLR_C_72_KOVUR,NLR_C_72_KOVUR-MB,Gangavaram,Gangavaram-6
NLR_C_61_S.R.PURAM,NLR_C_61_SR_PURAM-MB,Gangavaram,Gangavaram-6
NLR_C_72_ALLAMPADU,NLR_C_72_ALLAMPADU-MB,Gangulavaricheruvupalle,Gangulavari Cheruvu Palle
NLR_C_61_S.R.PURAM,NLR_C_61_SR_PURAM-MB,Gannepalle,Gannepalle-1
NLR_C_62_CHINNA ANNALUR,NLR_C_62_CHINNA ANNALUR-MB,Ganugapenta,Ganugapenta-1
NLR_C_73_GONUPALLE,NLR_C_73_GONUPALLI-MB,Garimanapenta,Garimenapenta-1
NLR_C_61_KOTTAPETA,NLR_C_61_KOTTAPETA-MB,Garimenapenta,Garimenapenta
NLR_C_62_JALADANKI,NLR_C_62_JALADANKI-MB,Gattupalli,Gattupalle
NLR_C_73_DEGAPUDI,NLR_C_73_DEGAPUDI-MB,Gilakapadu,Gilakapadu
NLR_C_61_KOTTAPETA,NLR_C_61_KOTTAPETA-MB,Godavalluru,Gudavalluru (Kondapuram)
NLR_C_62_BOGOLE,NLR_C_62_BOGOLE-MB,Gogulapalli,Gogulapalle
NLR_C_74_PERIMIDI,NLR_C_74_PERIMIDI-MB,Gollagunta,Gollagunta-1
NLR_C_72_PRABHUGIRIPATNAM,NLR_C_72_PRABHUGIRIPATN-MB,Gollakandukur,Golla Kandukur
NLR_C_76_TADA,NLR_C_76_TADA-MB,GOLLAMULUVU,Gollalamuluvu
NLR_C_75_REDDYPALEM,NLR_C_75_REDDYPALEM-MB,Gollapalem,Gollapalem
NLR_C_72_PRABHUGIRIPATNAM,NLR_C_72_PRABHUGIRIPATN-MB,Gollapalle,Gollapalle-6
NLR_C_61_VEMPADU,NLR_C_61_VEMPADU-MB,Gollapalli,Gollapalle
NLR_C_73_BALAYAPALLE,NLR_C_73_BALAYAPALLE-MB,Gollapalli,Gollapalle
NLR_C_73_DAKKILI,NLR_C_73_DAKKILI-MB,Gollavanigunta,Gollavarigunta
NLR_C_73_DEGAPUDI,NLR_C_73_DEGAPUDI-MB,Gonu narasayapalem,Gonu Narasayapalem
NLR_C_73_GONUPALLE,NLR_C_73_GONUPALLI-MB,Gonupalli,Gonupalle-1
NLR_C_76_TADA,NLR_C_76_TADA-MB,Gopala reddy palem,Gopalareddipalem
NLR_C_73_BALAYAPALLE,NLR_C_73_BALAYAPALLE-MB,Gotlagunta,Gotlagunta
NLR_C_72_KODAVALUR,NLR_C_72_KODAVALUR-MB,Gotlapalem,Gotlapalem
NLR_C_62_GOTTIGUNDALA,NLR_C_62_GOTTIGUNDALA-MB,Gottigundala,Gottigundala-1
NLR_C_73_BALAYAPALLE,NLR_C_73_BALAYAPALLE-MB,Gottikadu,Gottikadu
NLR_C_74_YAKASIRI,NLR_C_74_YAKASIRI-MB,Gottiprolu,Gottiprolu
NLR_C_62_BOGOLE,NLR_C_62_BOGOLE-MB,Gowravaram,Gowravaram
NLR_C_72_ANANTASAGARAM,NLR_C_72_ANANTASAGARAM-MB,Gowravaram,Gowravaram
NLR_C_62_BOGOLE,NLR_C_62_BOGOLE-MB,Graddagunta,Graddagunta
NLR_C_76_TADA,NLR_C_76_TADA-MB,GRADDAGUNTA,Graddagunta
NLR_C_74_OZILI,NLR_C_74_OZILI-MB,Graddagunta,Graddagunta
NLR_C_74_OZILI,NLR_C_74_OZILI-MB,Graddagunta agraharam,Garudagunta Agraharam
NLR_C_73_DEGAPUDI,NLR_C_73_DEGAPUDI-MB,Griddalur,Griddalur
NLR_C_74_KOTA,NLR_C_74_KOTA-MB,Gudali,Gudali
NLR_C_61_S.R.PURAM,NLR_C_61_SR_PURAM-MB,Gudinarava,Gudinarava
NLR_C_72_A.S.PETA,NLR_C_72_A.S.PETA-MB,Gudipadu,Gudipadu-7
NLR_C_72_NELLORE,NLR_C_72_NELLORE-MB,Gudipallipadu,Gudipallipadu
NLR_C_62_BRAHMANAKRAKA,NLR_C_62_BRAHMANAKRAKA-MB,Gudladona,Gudladona
NLR_C_73_DEGAPUDI,NLR_C_73_DEGAPUDI-MB,Gulimcherla,Gulimcherla
NLR_C_72_A.S.PETA,NLR_C_72_A.S.PETA-MB,Gumparlapadu,Gumparlapadu
NLR_C_72_KODAVALUR,NLR_C_72_KODAVALUR-MB,Gundalammapalem,Gundalammapalem
NLR_C_73_PALUGODU,NLR_C_73_PALUGODU-MB,Gundalasamudram,Gundalasamudram
NLR_C_73_GONUPALLE,NLR_C_73_GONUPALLI-MB,Gundavolu,Gundavolu
NLR_C_72_GANDLAVEEDU,NLR_C_62_GANDLAVEEDU-MB,Gundemadakala,Gundemadakala
NLR_C_73_MUTTUKUR,NLR_C_73_MUTTUKUR-MB,Gundlapalem,Gundlapalem-1
NLR_C_74_DUGGARAJUPATNAM,NLR_C_74_DUGGARAJUPATNA-MB,Gundlu,Gundlu
NLR_C_61_S.R.PURAM,NLR_C_61_SR_PURAM-MB,Gundupalli,Gundupalle
NLR_C_74_DUGGARAJUPATNAM,NLR_C_74_DUGGARAJUPATNA-MB,Gunupadu,Gunupadu
NLR_C_73_DEGAPUDI,NLR_C_73_DEGAPUDI-MB,Guravayapalem,Guravayapalem
NLR_C_73_KASUMUR,NLR_C_73_KASUMUR-MB,Gurivendapudi,Gurivindapudi-1
NLR_C_73_GONUPALLE,NLR_C_73_GONUPALLI-MB,Gurivindapudi,Gurivindapudi
NLR_C_74_OZILI,NLR_C_74_OZILI-MB,Gurramkonda,Gurramkonda-1
NLR_C_61_S.R.PURAM,NLR_C_61_SR_PURAM-MB,Guvvadi,Guvvadi
NLR_C_72_KOVUR,NLR_C_72_KOVUR-MB,Hasanapuram,Hasanapuram
NLR_C_73_BALAYAPALLE,NLR_C_73_BALAYAPALLE-MB,Hastakaveri,Hastakaveri
NLR_C_73_KASUMUR,NLR_C_73_KASUMUR-MB,Idimepalli,Idimepalle
NLR_C_74_KOTA,NLR_C_74_KOTA-MB,Illukurupadu,Illukurupadu
NLR_C_76_YEKOLLU,NLR_C_76_YEKOLLU-MB,Ilupuru,Illupuru
NLR_C_72_ANANTASAGARAM,NLR_C_72_ANANTASAGARAM-MB,Inagalur,Inagalur
NLR_C_72_KOVUR,NLR_C_72_KOVUR-MB,Inamadugu,Inamadugu
NLR_C_72_NELLORE,NLR_C_72_NELLORE-MB,Indukurupeta - II,INDUKURPET BIT -II
NLR_C_72_NELLORE,NLR_C_72_NELLORE-MB,Indukurupeta 1,INDUKURPET BIT-I
NLR_C_72_KODAVALUR,NLR_C_72_KODAVALUR-MB,Indupuru,Indupuru
NLR_C_73_BALAYAPALLE,NLR_C_73_BALAYAPALLE-MB,Inugunta,Inugunta
NLR_C_73_DEGAPUDI,NLR_C_73_DEGAPUDI-MB,Inukurthy,Inukurthy
NLR_C_73_CHINTAVARAM,NLR_C_73_CHINTAVARAM-MB,Ippapudi,Ippapudi
NLR_C_75_IRKAM,NLR_C_75_IRKAM-MB,Irkam,Irakam
NLR_C_72_ALLAMPADU,NLR_C_72_ALLAMPADU-MB,Irlapadu,Irlapadu
NLR_C_61_KOTTAPETA,NLR_C_61_KOTTAPETA-MB,Iskadamarla,Iskadamerla
NLR_C_74_DUGGARAJUPATNAM,NLR_C_74_DUGGARAJUPATNA-MB,Iskanattu,Iskamattu
NLR_C_72_KOVUR,NLR_C_72_KOVUR-MB,Iskapalem,Isakapalem
NLR_C_72_KALUVOYA,NLR_C_72_KALUVOYA-MB,Iskapalle,Isakapalle-1
NLR_C_61_S.R.PURAM,NLR_C_61_SR_PURAM-MB,Iskapalle,Isakapalle-1
NLR_C_62_BOGOLE,NLR_C_62_BOGOLE-MB,Iskapalli,Isakapalle
NLR_C_72_KODAVALUR,NLR_C_72_KODAVALUR-MB,Itampadu,Ithampadu-1
NLR_C_73_VENKATAGIRI,NLR_C_73_VENKATAGIRI-MB,J.Appalacharyula Khandr,J.Appalacharyula Khandrika
NLR_C_61_S.R.PURAM,NLR_C_61_SR_PURAM-MB,Jadadevi,Jadadevi
NLR_C_73_DEGAPUDI,NLR_C_73_DEGAPUDI-MB,Jaflapuram,Jaflapuram
NLR_C_62_BOGOLE,NLR_C_62_BOGOLE-MB,Jakkapalliguduru,Jakkepalligudur
NLR_C_62_JALADANKI,NLR_C_62_JALADANKI-MB,Jaladanki,Jaladanki-1
NLR_C_74_DUGGARAJUPATNAM,NLR_C_74_DUGGARAJUPATNA-MB,Jalapeddipalem,Jalapeddipalem
NLR_C_74_DUGGARAJUPATNAM,NLR_C_74_DUGGARAJUPATNA-MB,Jamin Kotapalem,Jaminkothapalem
NLR_C_62_KAVALI,NLR_C_62_KAVALI-MB,Jammalapalem,Jammalapalem
NLR_C_61_KOTTAPETA,NLR_C_61_KOTTAPETA-MB,Janardhanapuram,Janardhanapuram
NLR_C_72_KOVUR,NLR_C_72_KOVUR-MB,Jangala khandrika,Jangala Khandrika
NLR_C_73_PALUGODU,NLR_C_73_PALUGODU-MB,Jangalapalle,Jangalapalle-5
NLR_C_76_TADA,NLR_C_76_TADA-MB,Jangalapalli,Jangalapalle-6
NLR_C_72_GANDLAVEEDU,NLR_C_62_GANDLAVEEDU-MB,Jangalapalli,Jangalapalle-6
NLR_C_72_NELLORE,NLR_C_72_NELLORE-MB,Jangamvani Doruvu,Jangamvani Doruvu
NLR_C_73_BALAYAPALLE,NLR_C_73_BALAYAPALLE-MB,Jarlapadu,Jarlapadu
NLR_C_73_BALAYAPALLE,NLR_C_73_BALAYAPALLE-MB,Jayampu,Jayampu
NLR_C_61_S.R.PURAM,NLR_C_61_SR_PURAM-MB,Jayapuram,Jayapuram
NLR_C_74_CHAVALI,NLR_C_74_CHAVALI-MB,Jeellpatur,Jeellapatur
NLR_C_73_DEGAPUDI,NLR_C_73_DEGAPUDI-MB,Jogipalle,Jogipalle
NLR_C_72_KOVUR,NLR_C_72_KOVUR-MB,Jonnawada,Jonnawada
NLR_C_73_RAPUR,NLR_C_73_RAPUR-MB,Jorepalli,Jorepalle
NLR_C_73_RAPUR,NLR_C_73_RAPUR-MB,Jorepalli Akkamambapuram,Jorepalle Akkamambapuram
NLR_C_74_OZILI,NLR_C_74_OZILI-MB,Josyulavarikandriga,Josyulavari Khandrika
NLR_C_62_BOGOLE,NLR_C_62_BOGOLE-MB,Juvvaladinne,Juvvaladinne
NLR_C_74_YAKASIRI,NLR_C_74_YAKASIRI-MB,Juvvalapalem,Juvvalapalem
NLR_C_73_PALUGODU,NLR_C_73_PALUGODU-MB,Juvvimani khandriga,Juvvimani Khandrika
NLR_C_74_DUGGARAJUPATNAM,NLR_C_74_DUGGARAJUPATNA-MB,Juvvinattu,Juvvinattu
NLR_C_73_DAKKILI,NLR_C_73_DAKKILI-MB,K.Bhatlapalle,Koneswarabhatlapalle
NLR_C_76_TADA,NLR_C_76_TADA-MB,K.C.N.gunta,K.C.Narasimhunigunta
NLR_C_74_NELAPATTU,NLR_C_74_NELAPATTU-MB,K.D.Kandriga,K.D.Khandrika
NLR_C_73_PALUGODU,NLR_C_73_PALUGODU-MB,Kadagunta,Kadagunta
NLR_C_76_KADALUR,NLR_C_76_KADALUR-MB,KADALURU,Kadaluru
NLR_C_75_SHAR,NLR_C_75_SHAR-MB,Kadapatra,Kadapatra
NLR_C_72_ALLAMPADU,NLR_C_72_ALLAMPADU-MB,Kadirinenipalle,Kadirinenipalle
NLR_C_73_GUDUR,NLR_C_73_GUDUR-MB,Kadivedu,Kadivedu
NLR_C_73_KASUMUR,NLR_C_73_KASUMUR-MB,Kagitalapur,Kagithalapuru
NLR_C_72_A.S.PETA,NLR_C_72_A.S.PETA-MB,Kakarlapadu,Kakarlapadu
NLR_C_72_CHEJARLA,NLR_C_72_CHEJARLA-MB,Kakivoya,Kakivaya
NLR_C_73_MUTTUKUR,NLR_C_73_MUTTUKUR-MB,Kakupalli-1,Kakupalle-I
NLR_C_73_MUTTUKUR,NLR_C_73_MUTTUKUR-MB,Kakupalli-II,Kakupalle -II (M.R. Gudur)
NLR_C_73_MUTTUKUR,NLR_C_73_MUTTUKUR-MB,Kakutur,Kakuturu
NLR_C_73_BALAYAPALLE,NLR_C_73_BALAYAPALLE-MB,Kalaganda,Kalaganda
NLR_C_74_NELAPATTU,NLR_C_74_NELAPATTU-MB,Kalakurtipadu,Kalagurthipadu
NLR_C_72_KODAVALUR,NLR_C_72_KODAVALUR-MB,Kalambotlavarikhandra,Kalambotlavari Khandrika
NLR_C_73_PALUGODU,NLR_C_73_PALUGODU-MB,Kalapadu,Kalapadu
NLR_C_73_CHINTAVARAM,NLR_C_73_CHINTAVARAM-MB,Kalavakonda,Kalava Konda
NLR_C_74_PERIMIDI,NLR_C_74_PERIMIDI-MB,Kalavakur,Kalavakur
NLR_C_74_PERIMIDI,NLR_C_74_PERIMIDI-MB,Kalavalapudi,Kalavalapudi
NLR_C_72_KOVUR,NLR_C_72_KOVUR-MB,Kalayakagolu,Kalayakagollu
NLR_C_72_CHEJARLA,NLR_C_72_CHEJARLA-MB,Kalayapalem,Kalayapalem
NLR_C_73_DEGAPUDI,NLR_C_73_DEGAPUDI-MB,Kalichedu,Kalichedu
NLR_C_72_A.S.PETA,NLR_C_72_A.S.PETA-MB,Kaligiri ,Kaligiri-1
NLR_C_72_KOVUR,NLR_C_72_KOVUR-MB,Kaligirikonduru,Kaligiri Konduru
NLR_C_74_OZILI,NLR_C_74_OZILI-MB,Kallipedu,Kallipedu
NLR_C_74_DUGGARAJUPATNAM,NLR_C_74_DUGGARAJUPATNA-MB,Kalluru,Kalluru-2
NLR_C_74_NELAPATTU,NLR_C_74_NELAPATTU-MB,Kalluru,Kalluru-2
NLR_C_74_NELAPATTU,NLR_C_74_NELAPATTU-MB,Kalluru kandriga,Kalluru Khandrika
NLR_C_73_MUTTUKUR,NLR_C_73_MUTTUKUR-MB,Kallurupalli,Kallurpalle (Rural)
NLR_C_72_KALUVOYA,NLR_C_72_KALUVOYA-MB,Kaluvai,Kaluvoya-1
NLR_C_73_BALAYAPALLE,NLR_C_73_BALAYAPALLE-MB,Kamakuru,Kamakuru
NLR_C_73_DEGAPUDI,NLR_C_73_DEGAPUDI-MB,Kambhalapalle,Kambhalapalle
NLR_C_72_ANANTASAGARAM,NLR_C_72_ANANTASAGARAM-MB,Kamereddipadu,Kamireddipadu
NLR_C_62_BOGOLE,NLR_C_62_BOGOLE-MB,Kaminenipalem,Kaminenipalem
NLR_C_74_PERIMIDI,NLR_C_74_PERIMIDI-MB,Kammapalli,Kammapalle-1
NLR_C_72_ALLAMPADU,NLR_C_72_ALLAMPADU-MB,Kampasamudram,Kampasamudram
NLR_C_61_S.R.PURAM,NLR_C_61_SR_PURAM-MB,Kancheruvu,Kancheruvu
NLR_C_73_KASUMUR,NLR_C_73_KASUMUR-MB,Kandalapadu,Kandalapadu
NLR_C_73_DAKKILI,NLR_C_73_DAKKILI-MB,Kandalavaripalli,Kandalavaripalle
NLR_C_73_GUDUR,NLR_C_73_GUDUR-MB,Kandali,Kandali
NLR_C_72_NELLORE,NLR_C_72_NELLORE-MB,Kandamur,Kandamur
NLR_C_73_BALAYAPALLE,NLR_C_73_BALAYAPALLE-MB,Kandanalapadu,Kandanalapadu
NLR_C_73_GUDUR,NLR_C_73_GUDUR-MB,Kandra,Kandra
NLR_C_61_S.R.PURAM,NLR_C_61_SR_PURAM-MB,Kaniampadu,Kaniampadu
NLR_C_76_KADALUR,NLR_C_76_KADALUR-MB,Kannembattu,Konnembattu
NLR_C_73_MUTTUKUR,NLR_C_73_MUTTUKUR-MB,Kantepalli,Kantepalle
NLR_C_72_PRABHUGIRIPATNAM,NLR_C_72_PRABHUGIRIPATN-MB,Kanuparti,Kanuparthi-2
NLR_C_73_MUTTUKUR,NLR_C_73_MUTTUKUR-MB,Kanupartipadu,Kanuparthipadu
NLR_C_73_KASUMUR,NLR_C_73_KASUMUR-MB,Kanupuru bit I,Kanupuru  bit-I
NLR_C_73_KASUMUR,NLR_C_73_KASUMUR-MB,Kanupuru bit II,Kanupuru bit-II @ Chowtapalem
NLR_C_72_CHEJARLA,NLR_C_72_CHEJARLA-MB,Kanupurupalle,Kanupurupalle-1
NLR_C_72_ANANTASAGARAM,NLR_C_72_ANANTASAGARAM-MB,Kanupurupalli,Kanupurupalle
NLR_C_74_YAKASIRI,NLR_C_74_YAKASIRI-MB,Kanuru,Kanuru
NLR_C_74_DUGGARAJUPATNAM,NLR_C_74_DUGGARAJUPATNA-MB,Kapparampadu,Kapparampadu
NLR_C_74_OZILI,NLR_C_74_OZILI-MB,Kapuluru,Kapuluru
NLR_C_74_OZILI,NLR_C_74_OZILI-MB,Karaballavolu,Karaballavolu
NLR_C_72_GANDLAVEEDU,NLR_C_62_GANDLAVEEDU-MB,Karatampadu,Karatampadu
NLR_C_74_NELAPATTU,NLR_C_74_NELAPATTU-MB,Karatamudi,Karatamudi
NLR_C_76_TADA,NLR_C_76_TADA-MB,KARIJATHA,Karijatha
NLR_C_75_SHAR,NLR_C_75_SHAR-MB,Karikadu,Karikadu
NLR_C_73_BALAYAPALLE,NLR_C_73_BALAYAPALLE-MB,Karimenagunta,Karimenagunta
NLR_C_74_OZILI,NLR_C_74_OZILI-MB,Karjimedu,Karjamedu
NLR_C_73_CHINTAVARAM,NLR_C_73_CHINTAVARAM-MB,Karlapudi,Karlapudi
NLR_C_74_YAKASIRI,NLR_C_74_YAKASIRI-MB,Karumanchivarikandriga,Karumanchivari Khandrika
NLR_C_76_TADA,NLR_C_76_TADA-MB,KARUR,Karur
NLR_C_74_PERIMIDI,NLR_C_74_PERIMIDI-MB,Karuru,Karuru
NLR_C_74_DUGGARAJUPATNAM,NLR_C_74_DUGGARAJUPATNA-MB,Kasipuram,Kasipuram
NLR_C_61_KOTTAPETA,NLR_C_61_KOTTAPETA-MB,Kasturinaidupalle,Kasturinaidupalle
NLR_C_73_GONUPALLE,NLR_C_73_GONUPALLI-MB,KasulanatiKandriga,Kasulanativari Khandrika
NLR_C_73_KASUMUR,NLR_C_73_KASUMUR-MB,Kasumuru,Kasumuru
NLR_C_62_GOTTIGUNDALA,NLR_C_62_GOTTIGUNDALA-MB,Katepalli,Katepalle
NLR_C_73_BALAYAPALLE,NLR_C_73_BALAYAPALLE-MB,Katragunta,Katragunta-1
NLR_C_72_KODAVALUR,NLR_C_72_KODAVALUR-MB,Katrayapadu,Katrayapadu
NLR_C_73_KASUMUR,NLR_C_73_KASUMUR-MB,Kattuvapalle,Kattuvapalle
NLR_C_74_NELAPATTU,NLR_C_74_NELAPATTU-MB,Kattuvapalli,Kattuvapalle-1
NLR_C_62_KAVALI,NLR_C_62_KAVALI-MB,Kavali  II ,Kavali Bit - II (Rural)
NLR_C_62_KAVALI,NLR_C_62_KAVALI-MB,Kavali I (U),Kavali (M)
NLR_C_72_A.S.PETA,NLR_C_72_A.S.PETA-MB,Kavali yadavalli,Kavali Yadavalli
NLR_C_72_A.S.PETA,NLR_C_72_A.S.PETA-MB,Kavalimustapuram,Kavali Musthapuram
NLR_C_72_KOVUR,NLR_C_72_KOVUR-MB,Kavetipalem,Kavetipalem
NLR_C_73_BALAYAPALLE,NLR_C_73_BALAYAPALLE-MB,Kayyuru,Kayyuru
NLR_C_72_CHEJARLA,NLR_C_72_CHEJARLA-MB,Kesamanenipalle,Kesamanenipalle
NLR_C_62_BRAHMANAKRAKA,NLR_C_62_BRAHMANAKRAKA-MB,Kesavaram,Kesavaram
NLR_C_74_KOTA,NLR_C_74_KOTA-MB,Kesavaram,Kesavaram
NLR_C_76_YEKOLLU,NLR_C_76_YEKOLLU-MB,Kesavareddipalem,Kesavareddipalem
NLR_C_72_GANDLAVEEDU,NLR_C_62_GANDLAVEEDU-MB,Kistipuram A,Kistipuram
NLR_C_62_BRAHMANAKRAKA,NLR_C_62_BRAHMANAKRAKA-MB,Kodandaramapuram,Kodandaramapuram
NLR_C_72_KODAVALUR,NLR_C_72_KODAVALUR-MB,Kodavalur,Kodavalur-1
NLR_C_74_DUGGARAJUPATNAM,NLR_C_74_DUGGARAJUPATNA-MB,Kodiwaka,Kodiwaka
NLR_C_73_MUTTUKUR,NLR_C_73_MUTTUKUR-MB,Koduru I,KODURU - I
NLR_C_73_MUTTUKUR,NLR_C_73_MUTTUKUR-MB,Koduru Khandriga,Koduru Khandrika
NLR_C_73_MUTTUKUR,NLR_C_73_MUTTUKUR-MB,Koduru-II,KODURU - II
NLR_C_74_YAKASIRI,NLR_C_74_YAKASIRI-MB,Kogili,Kogili
NLR_C_75_REDDYPALEM,NLR_C_75_REDDYPALEM-MB,Kokkupalem,Kokkupalem
NLR_C_72_A.S.PETA,NLR_C_72_A.S.PETA-MB,Kolagatla,Kolagatla
NLR_C_73_KASUMUR,NLR_C_73_KASUMUR-MB,Kolanukuduru,Kolanukuduru
NLR_C_72_NELLORE,NLR_C_72_NELLORE-MB,Komarika,Komarika
NLR_C_73_DEGAPUDI,NLR_C_73_DEGAPUDI-MB,Komatigunta rajupalem,Komatigunta Rajupalem
NLR_C_73_BALAYAPALLE,NLR_C_73_BALAYAPALLE-MB,Kommalagunta,Kommalagunta
NLR_C_73_BALAYAPALLE,NLR_C_73_BALAYAPALLE-MB,Kommaneturu,Kommaneturu
NLR_C_62_CHINNA ANNALUR,NLR_C_62_CHINNA ANNALUR-MB,Kommi,Kommi
NLR_C_76_YEKOLLU,NLR_C_76_YEKOLLU-MB,Komminenipalli,Komminenipalle
NLR_C_73_RAPUR,NLR_C_73_RAPUR-MB,Kommipadu,Kommipadu
NLR_C_73_BALAYAPALLE,NLR_C_73_BALAYAPALLE-MB,Konamgunta,Konamgunta
NLR_C_73_GUDUR,NLR_C_73_GUDUR-MB,Kondagunta,Kondagunta-1
NLR_C_72_A.S.PETA,NLR_C_72_A.S.PETA-MB,Kondameedikonduru,Kondameeda Konduru
NLR_C_74_DUGGARAJUPATNAM,NLR_C_74_DUGGARAJUPATNA-MB,Kondapuram,Kondapuram-5
NLR_C_74_OZILI,NLR_C_74_OZILI-MB,Kondavallipadu,Kondavallipadu
NLR_C_61_KOTTAPETA,NLR_C_61_KOTTAPETA-MB,Kondayapalem,Kotayapalle
NLR_C_61_VEMPADU,NLR_C_61_VEMPADU-MB,Kondayapalem,Kondayapalem
NLR_C_72_NELLORE,NLR_C_72_NELLORE-MB,Kondayapalem-Nellore urban,KONDAYAPALEM-1
NLR_C_76_TADA,NLR_C_76_TADA-MB,Konduru,Konduru-4
NLR_C_74_DUGGARAJUPATNAM,NLR_C_74_DUGGARAJUPATNA-MB,Konduru,Konduru-4
NLR_C_74_OZILI,NLR_C_74_OZILI-MB,Konetirajupalem,Konetirajupalem
NLR_C_75_SHAR,NLR_C_75_SHAR-MB,Koridi,Koridi
NLR_C_72_KOVUR,NLR_C_72_KOVUR-MB,Korimerla,Korimerla
NLR_C_72_KOVUR,NLR_C_72_KOVUR-MB,Korimerla kandriga,Korimerla Khandrika
NLR_C_72_NELLORE,NLR_C_72_NELLORE-MB,Koruturu,Koruturu-1
NLR_C_74_KOTA,NLR_C_74_KOTA-MB,Kota,Kota-1
NLR_C_74_PERIMIDI,NLR_C_74_PERIMIDI-MB,Kotambedu,Kotambedu
NLR_C_76_YEKOLLU,NLR_C_76_YEKOLLU-MB,Kotapoluru,Kotapoluru
NLR_C_61_S.R.PURAM,NLR_C_61_SR_PURAM-MB,Kotayapalle,Kotayapalle
NLR_C_74_DUGGARAJUPATNAM,NLR_C_74_DUGGARAJUPATNA-MB,Kothacheruvu,Kotha Cheruvu @ Sahebulapalem
NLR_C_74_PERIMIDI,NLR_C_74_PERIMIDI-MB,Kothacheruvu,Kotha Cheruvu @ Sahebulapalem
NLR_C_73_DAKKILI,NLR_C_73_DAKKILI-MB,Kothacheruvu,Kotha Cheruvu @ Sahebulapalem
NLR_C_73_DAKKILI,NLR_C_73_DAKKILI-MB,Kothanalapadu,Kothanalapadu
NLR_C_75_REDDYPALEM,NLR_C_75_REDDYPALEM-MB,Kothapalem,Kothapalem-2
NLR_C_74_KOTA,NLR_C_74_KOTA-MB,Kothapalem,Kothapalem-2
NLR_C_74_NELAPATTU,NLR_C_74_NELAPATTU-MB,Kothapalli,Kothapalle-9
NLR_C_73_CHINTAVARAM,NLR_C_73_CHINTAVARAM-MB,Kothapatnam,Kothapatnam-1
NLR_C_72_A.S.PETA,NLR_C_72_A.S.PETA-MB,Kothapeta,Kothapeta-4
NLR_C_61_KOTTAPETA,NLR_C_61_KOTTAPETA-MB,Kothapeta,Kothapeta-4
NLR_C_74_OZILI,NLR_C_74_OZILI-MB,Kothapeta,Kothapeta-4
NLR_C_72_KODAVALUR,NLR_C_72_KODAVALUR-MB,Kothavangallu,Kothavangallu
NLR_C_72_KALUVOYA,NLR_C_72_KALUVOYA-MB,Kotitheertham,Kotitheertham
NLR_C_72_NELLORE,NLR_C_72_NELLORE-MB,Kottapalem,Kothapalem
NLR_C_62_KAVALI,NLR_C_62_KAVALI-MB,Kottapalli,Kothapalle-4
NLR_C_62_BOGOLE,NLR_C_62_BOGOLE-MB,Kottapallikowregunta,Kothapalle Kowrugunta
NLR_C_74_CHAVALI,NLR_C_74_CHAVALI-MB,Kotturu,Kothur
NLR_C_73_RAPUR,NLR_C_73_RAPUR-MB,Koturupadu,Koturupadu
NLR_C_72_KALUVOYA,NLR_C_72_KALUVOYA-MB,Koturupalle,Koturupalle
NLR_C_72_KOVUR,NLR_C_72_KOVUR-MB,Kovur,Kovur-2
NLR_C_74_PERIMIDI,NLR_C_74_PERIMIDI-MB,Kovurivarigunta,Kovurivarigunta
NLR_C_62_BOGOLE,NLR_C_62_BOGOLE-MB,Kovurpalli,kovurupalli
NLR_C_62_BRAHMANAKRAKA,NLR_C_62_BRAHMANAKRAKA-MB,Krakutur,Krakuturu
NLR_C_76_TADA,NLR_C_76_TADA-MB,Krishna reddi tagelu,Krishnareddi Thagelu
NLR_C_62_BRAHMANAKRAKA,NLR_C_62_BRAHMANAKRAKA-MB,Krishnampadu,Krishnapadu
NLR_C_61_S.R.PURAM,NLR_C_61_SR_PURAM-MB,Krishnampalle,Krishnampalle
NLR_C_73_MUTTUKUR,NLR_C_73_MUTTUKUR-MB,Krishnapatnam,Krishnapatnam
NLR_C_73_DEGAPUDI,NLR_C_73_DEGAPUDI-MB,Krishnareddipalle,Krishnareddipalle
NLR_C_74_OZILI,NLR_C_74_OZILI-MB,Kuchiwada,Kuchiwada
NLR_C_76_TADA,NLR_C_76_TADA-MB,Kudiri ,Kudiri
NLR_C_76_TADA,NLR_C_76_TADA-MB,Kudiritippa kandriga,Kudiri Thippa Khandrika
NLR_C_72_NELLORE,NLR_C_72_NELLORE-MB,Kuditipalem,Annavaram-1
NLR_C_73_KASUMUR,NLR_C_73_KASUMUR-MB,Kuditipalle,Kudithipalle
NLR_C_72_KALUVOYA,NLR_C_72_KALUVOYA-MB,Kullur,Kulluru
NLR_C_62_GOTTIGUNDALA,NLR_C_62_GOTTIGUNDALA-MB,Kumara Venkatapuram,Kumara Venkatapuram
NLR_C_73_MUTTUKUR,NLR_C_73_MUTTUKUR-MB,Kumkumpudi,Kumkumpudi
NLR_C_74_PERIMIDI,NLR_C_74_PERIMIDI-MB,Kummaragunta,Kummaragunta
NLR_C_62_BRAHMANAKRAKA,NLR_C_62_BRAHMANAKRAKA-MB,Kummarakonduru,Kummarakonduru
NLR_C_75_REDDYPALEM,NLR_C_75_REDDYPALEM-MB,Kummarapalem,Kummarapalem
NLR_C_73_PALUGODU,NLR_C_73_PALUGODU-MB,Kummarapeta,Kummarapeta
NLR_C_72_KOVUR,NLR_C_72_KOVUR-MB,Kunalammapadu,Kunalammapadu
NLR_C_73_BALAYAPALLE,NLR_C_73_BALAYAPALLE-MB,Kundakuru,Kundakuru
NLR_C_74_OZILI,NLR_C_74_OZILI-MB,Kundam,Kundam
NLR_C_62_CHINNA ANNALUR,NLR_C_62_CHINNA ANNALUR-MB,Kunkuvaripalem,Kunkuvaripalem
NLR_C_73_BALAYAPALLE,NLR_C_73_BALAYAPALLE-MB,Kuppampalle,Kuppampalle
NLR_C_73_DAKKILI,NLR_C_73_DAKKILI-MB,Kuppayapalem,Kuppayapalem
NLR_C_72_A.S.PETA,NLR_C_72_A.S.PETA-MB,Kuppurupadu,Kuppurupadu
NLR_C_73_KASUMUR,NLR_C_73_KASUMUR-MB,Kuricherlapadu,Kuricherlapadu
NLR_C_73_VENKATAGIRI,NLR_C_73_VENKATAGIRI-MB,Kurjagunta,Kurjagunta
NLR_C_61_S.R.PURAM,NLR_C_61_SR_PURAM-MB,Kurrapalle,Kurrapalle-1
NLR_C_74_OZILI,NLR_C_74_OZILI-MB,Kurugonda,Kurugonda
NLR_C_73_VENKATAGIRI,NLR_C_73_VENKATAGIRI-MB,Kylasanadhapuram,Kylasanadhapuram
NLR_C_73_BALAYAPALLE,NLR_C_73_BALAYAPALLE-MB,L.J.Kattubadi,L.J.Kattubadi
NLR_C_74_KOTA,NLR_C_74_KOTA-MB,Lakshamakka kandra,Lakshmakka Khandriga  @ Chembadipalem
NLR_C_62_BRAHMANAKRAKA,NLR_C_62_BRAHMANAKRAKA-MB,Lakshmipuram,Lakshmipuram-1
NLR_C_73_PALUGODU,NLR_C_73_PALUGODU-MB,Lalapeta,Lalapeta
NLR_C_74_OZILI,NLR_C_74_OZILI-MB,Lankapalem,Lankapalem
NLR_C_73_BALAYAPALLE,NLR_C_73_BALAYAPALLE-MB,Laxmirampalle,Lakshmirampalle
NLR_C_72_NELLORE,NLR_C_72_NELLORE-MB,Leburu-I,LEBUR BIT-I
NLR_C_72_NELLORE,NLR_C_72_NELLORE-MB,Leburu-II,LEBUR BIT-II
NLR_C_72_KOVUR,NLR_C_72_KOVUR-MB,Leguntapadu,Leguntapadu
NLR_C_72_KODAVALUR,NLR_C_72_KODAVALUR-MB,Lingalapadu,Lingalapadu
NLR_C_73_BALAYAPALLE,NLR_C_73_BALAYAPALLE-MB,Lingamanaidupalle,Lingamanaidupalle
NLR_C_76_YEKOLLU,NLR_C_76_YEKOLLU-MB,Lingampadu,Lingampadu
NLR_C_73_GONUPALLE,NLR_C_73_GONUPALLI-MB,Lingapalem,Lingapalem-1
NLR_C_73_BALAYAPALLE,NLR_C_73_BALAYAPALLE-MB,Lingareddipalli,Lingareddipalle-1
NLR_C_73_DAKKILI,NLR_C_73_DAKKILI-MB,Lingasamudram,Lingasamudram-3
NLR_C_73_RAMASAGARAM,NLR_C_73_RAMASAGARAM-MB,Lingasamudram,Lingasamudram-3
NLR_C_61_KOTTAPETA,NLR_C_61_KOTTAPETA-MB,M.N.Palle,Mandallanaidupalle
NLR_C_73_DEGAPUDI,NLR_C_73_DEGAPUDI-MB,M.Venkatapuram,Munagala Venkatapuram
NLR_C_76_YEKOLLU,NLR_C_76_YEKOLLU-MB,Maavillapadu,Mavillapadu
NLR_C_74_OZILI,NLR_C_74_OZILI-MB,Machavaram,Machavaram-3
NLR_C_73_RAMASAGARAM,NLR_C_73_RAMASAGARAM-MB,Madamanur,Madamanuru
NLR_C_72_KALUVOYA,NLR_C_72_KALUVOYA-MB,Madannagaripalle,Madannagaripalle
NLR_C_74_OZILI,NLR_C_74_OZILI-MB,Maddali,Maddali
NLR_C_62_KAVALI,NLR_C_62_KAVALI-MB,Maddurupadu,Maddurupadu (Rural)
NLR_C_73_RAPUR,NLR_C_73_RAPUR-MB,Madhavaiahpalem,Madhavaiahpalem
NLR_C_73_VENKATAGIRI,NLR_C_73_VENKATAGIRI-MB,Madichenu Khandrika,Madichenu Khandrika
NLR_C_73_PALUGODU,NLR_C_73_PALUGODU-MB,Mahasamudram,Mahasamudram
NLR_C_72_GANDLAVEEDU,NLR_C_62_GANDLAVEEDU-MB,Mahimalur,Mahimalur
NLR_C_72_KOVUR,NLR_C_72_KOVUR-MB,Makthapuram,Makthapuram
NLR_C_73_DEGAPUDI,NLR_C_73_DEGAPUDI-MB,Malichedu,Malichedu
NLR_C_74_DUGGARAJUPATNAM,NLR_C_74_DUGGARAJUPATNA-MB,Mallam,Mallam
NLR_C_62_CHINNA ANNALUR,NLR_C_62_CHINNA ANNALUR-MB,Mallavarappadu,Mallavarappadu
NLR_C_62_BOGOLE,NLR_C_62_BOGOLE-MB,Mallayapalem,Mallayapalem
NLR_C_76_YEKOLLU,NLR_C_76_YEKOLLU-MB,Mallayapalem,Mallayapalem
NLR_C_74_PERIMIDI,NLR_C_74_PERIMIDI-MB,Mallemala,Mallemala
NLR_C_76_KADALUR,NLR_C_76_KADALUR-MB,MAMBATTU,Mambattu
NLR_C_73_MUTTUKUR,NLR_C_73_MUTTUKUR-MB,Mamidipudi,Mamidipudi
NLR_C_72_PRABHUGIRIPATNAM,NLR_C_72_PRABHUGIRIPATN-MB,Mamuduru,Mamuduru
NLR_C_74_OZILI,NLR_C_74_OZILI-MB,Manamala,Manamala
NLR_C_74_OZILI,NLR_C_74_OZILI-MB,Manavali,Manavali
NLR_C_61_KOTTAPETA,NLR_C_61_KOTTAPETA-MB,Mandalapalle,Mandallapalle
NLR_C_72_KOVUR,NLR_C_72_KOVUR-MB,Maneguntapadu,Maneguntapadu
NLR_C_76_YEKOLLU,NLR_C_76_YEKOLLU-MB,Maneri,Maneri
NLR_C_76_YEKOLLU,NLR_C_76_YEKOLLU-MB,Mangalampadu,Mangalampadu
NLR_C_73_GUDUR,NLR_C_73_GUDUR-MB,Mangalapur,Mangalapur
NLR_C_74_DUGGARAJUPATNAM,NLR_C_74_DUGGARAJUPATNA-MB,Mangalavanipalle,Mangalavaripalle
NLR_C_76_YEKOLLU,NLR_C_76_YEKOLLU-MB,Manganellore,Manga Nellore
NLR_C_72_ANANTASAGARAM,NLR_C_72_ANANTASAGARAM-MB,Mangupalle,Mangupalle
NLR_C_74_PERIMIDI,NLR_C_74_PERIMIDI-MB,Manigadaruvu kandriga,Manigadaru Khandrika
NLR_C_62_KAVALI,NLR_C_62_KAVALI-MB,Mannangidinne,Mannangidinne
NLR_C_76_YEKOLLU,NLR_C_76_YEKOLLU-MB,Mannarpoluru,Mannarupoluru
NLR_C_72_NELLORE,NLR_C_72_NELLORE-MB,Mannavarappadu,Mannavarappadu
NLR_C_73_VENKATAGIRI,NLR_C_73_VENKATAGIRI-MB,Mannegunta,Mannegunta-1
NLR_C_74_NELAPATTU,NLR_C_74_NELAPATTU-MB,Mannemala,Mannemala
NLR_C_76_TADA,NLR_C_76_TADA-MB,Mannemutturu,Mannemutheri
NLR_C_73_BALAYAPALLE,NLR_C_73_BALAYAPALLE-MB,Mannuru,Mannuru
NLR_C_73_KASUMUR,NLR_C_73_KASUMUR-MB,Manubolu,Manubolu-1
NLR_C_62_BRAHMANAKRAKA,NLR_C_62_BRAHMANAKRAKA-MB,Manubolupadu,Manubolupadu
NLR_C_73_VENKATAGIRI,NLR_C_73_VENKATAGIRI-MB,Manulapeta (Venkatagiri muncipality),MANULALAPETA (U)
NLR_C_74_DUGGARAJUPATNAM,NLR_C_74_DUGGARAJUPATNA-MB,Manyalapattu,Manyalanattu
NLR_C_61_S.R.PURAM,NLR_C_61_SR_PURAM-MB,Maramreddipalli,Maramreddipalle
NLR_C_72_KODAVALUR,NLR_C_72_KODAVALUR-MB,Marellapadu,Marellapadu
NLR_C_73_RAPUR,NLR_C_73_RAPUR-MB,Marlagunta,Marlagunta
NLR_C_74_YAKASIRI,NLR_C_74_YAKASIRI-MB,Marlamudi jangalapalle,Marlamudi Jangalapalle
NLR_C_74_YAKASIRI,NLR_C_74_YAKASIRI-MB,Marlapalli,Marlapalle
NLR_C_61_KOTTAPETA,NLR_C_61_KOTTAPETA-MB,Marrigunta,Marrigunta
NLR_C_72_KOVUR,NLR_C_72_KOVUR-MB,Marripadu,Marripadu-1
NLR_C_73_DEGAPUDI,NLR_C_73_DEGAPUDI-MB,Marripalle Gopasamudram,Marripalle Gopasamudram
NLR_C_72_NELLORE,NLR_C_72_NELLORE-MB,Marupuru,Marupuru
NLR_C_76_VEDURUPATTU,NLR_C_76_VEDURUPATTU-MB,Mattakamudi,Mathakamudi
NLR_C_73_KASUMUR,NLR_C_73_KASUMUR-MB,Mattempadu,Mattempadu
NLR_C_73_PALUGODU,NLR_C_73_PALUGODU-MB,Matumadugu,Matumadugu
NLR_C_73_GUDUR,NLR_C_73_GUDUR-MB,Mekanur,Mekanur
NLR_C_74_PERIMIDI,NLR_C_74_PERIMIDI-MB,Melchur,Melchuru
NLR_C_76_YEKOLLU,NLR_C_76_YEKOLLU-MB,Melupaka,Melupaka
NLR_C_74_OZILI,NLR_C_74_OZILI-MB,Menakur,Menakuru
NLR_C_74_DUGGARAJUPATNAM,NLR_C_74_DUGGARAJUPATNA-MB,Mettu,Mettu
NLR_C_72_GANDLAVEEDU,NLR_C_62_GANDLAVEEDU-MB,Minagallu,Minagallu
NLR_C_72_KOVUR,NLR_C_72_KOVUR-MB,Minagallu,Minagallu
NLR_C_76_YEKOLLU,NLR_C_76_YEKOLLU-MB,Minamanamoodi,Minamanamudi
NLR_C_73_RAMASAGARAM,NLR_C_73_RAMASAGARAM-MB,Mittaatmakur,Mittathmakuru-1
NLR_C_73_RAMASAGARAM,NLR_C_73_RAMASAGARAM-MB,Mittapalli,Mittapalle-1
NLR_C_76_TADA,NLR_C_76_TADA-MB,Mizuru,Meezuru
NLR_C_72_KOVUR,NLR_C_72_KOVUR-MB,Modegunta,Modegunta
NLR_C_76_YEKOLLU,NLR_C_76_YEKOLLU-MB,Modugulapalem,Modugulapalem
NLR_C_76_YEKOLLU,NLR_C_76_YEKOLLU-MB,Modugulapalem,Modugulapalem
NLR_C_73_BALAYAPALLE,NLR_C_73_BALAYAPALLE-MB,Mogallagunta,Mogallagunta
NLR_C_72_NELLORE,NLR_C_72_NELLORE-MB,Mogallapalem,Mogallapalem
NLR_C_73_DEGAPUDI,NLR_C_73_DEGAPUDI-MB,Mogalluru,Mogallur-1
NLR_C_72_PRABHUGIRIPATNAM,NLR_C_72_PRABHUGIRIPATN-MB,Mohammadapuram,Mahammadapuram
NLR_C_61_VEMPADU,NLR_C_61_VEMPADU-MB,Mohmadapuram,Mohammadapuram
NLR_C_73_PALUGODU,NLR_C_73_PALUGODU-MB,Mokkalapudi,Mokkalapudi
NLR_C_74_KOTA,NLR_C_74_KOTA-MB,Molaganur,Molaganur
NLR_C_74_NELAPATTU,NLR_C_74_NELAPATTU-MB,Molakalapudi,Molakalapudi
NLR_C_73_RAMASAGARAM,NLR_C_73_RAMASAGARAM-MB,Molkalapundla,Molakalapundla
NLR_C_73_MUTTUKUR,NLR_C_73_MUTTUKUR-MB,Molluru,Mollur
NLR_C_73_CHINTAVARAM,NLR_C_73_CHINTAVARAM-MB,Momidi,Momidi
NLR_C_73_DAKKILI,NLR_C_73_DAKKILI-MB,Mopur,Mopuru
NLR_C_73_BALAYAPALLE,NLR_C_73_BALAYAPALLE-MB,Muddampalle,Muddampalle
NLR_C_73_KASUMUR,NLR_C_73_KASUMUR-MB,Muddumudi,Muddumudi
NLR_C_72_KOVUR,NLR_C_72_KOVUR-MB,Mudivarti,Mudivarthi
NLR_C_72_NELLORE,NLR_C_72_NELLORE-MB,Mudivartipalem,Mudivarthi Palem
NLR_C_74_DUGGARAJUPATNAM,NLR_C_74_DUGGARAJUPATNA-MB,Mukkidipalem,Mukkidipalem
NLR_C_72_NELLORE,NLR_C_72_NELLORE-MB,Mulumudi,Mulumudi
NLR_C_74_OZILI,NLR_C_74_OZILI-MB,Mummayapalem,Mummayapalem-1
NLR_C_73_DEGAPUDI,NLR_C_73_DEGAPUDI-MB,Munagapadu,Munagapadu-1
NLR_C_72_NELLORE,NLR_C_72_NELLORE-MB,Mungaladoruvu,Mungaladoruvu
NLR_C_62_BRAHMANAKRAKA,NLR_C_62_BRAHMANAKRAKA-MB,Mungamuru,Mungamur
NLR_C_72_KOVUR,NLR_C_72_KOVUR-MB,Munulapudi,Munulapudi
NLR_C_74_PERIMIDI,NLR_C_74_PERIMIDI-MB,Murahari dondra khandriga,Muraharidondrao Khandrika
NLR_C_62_KAVALI,NLR_C_62_KAVALI-MB,Musanuru,Musunuru (Rural)
NLR_C_74_NELAPATTU,NLR_C_74_NELAPATTU-MB,Mutchalagunta,Muchalagunta
NLR_C_74_DUGGARAJUPATNAM,NLR_C_74_DUGGARAJUPATNA-MB,Muttembaka,Muttembaka
NLR_C_73_MUTTUKUR,NLR_C_73_MUTTUKUR-MB,Muttukur,Muthukur-2
NLR_C_73_GUDUR,NLR_C_73_GUDUR-MB,Mutyalapadu,Mutyalapadu (Rural)
NLR_C_74_NELAPATTU,NLR_C_74_NELAPATTU-MB,Mylangam,Mylangam
NLR_C_72_NELLORE,NLR_C_72_NELLORE-MB,Mypadu,Mypadu
NLR_C_73_BALAYAPALLE,NLR_C_73_BALAYAPALLE-MB,N.S.Khandriga,N.Sangameswaraswamy Khandrika
NLR_C_72_A.S.PETA,NLR_C_72_A.S.PETA-MB,Nabbinagaram,Nabbinagaram
NLR_C_76_YEKOLLU,NLR_C_76_YEKOLLU-MB,Nadendlavarikandriga,Nadenlavari Khandrika
NLR_C_73_PALUGODU,NLR_C_73_PALUGODU-MB,Nadimpalle,Nadimpalle
NLR_C_72_KOVUR,NLR_C_72_KOVUR-MB,Nagamambapuram,Nagamambapuram
NLR_C_72_ALLAMPADU,NLR_C_72_ALLAMPADU-MB,Nagarajupadu,Nagarajupadu
NLR_C_72_A.S.PETA,NLR_C_72_A.S.PETA-MB,Nagasamudram,Nagasamudram-2
NLR_C_73_PALUGODU,NLR_C_73_PALUGODU-MB,Nagavolu,Nagavolu
NLR_C_72_ANANTASAGARAM,NLR_C_72_ANANTASAGARAM-MB,Naginenigunta,Naginenigunta
NLR_C_74_DUGGARAJUPATNAM,NLR_C_74_DUGGARAJUPATNA-MB,Nagulamarri,Nagulamarri
NLR_C_72_GANDLAVEEDU,NLR_C_62_GANDLAVEEDU-MB,Nagulapadu,Nagulapadu
NLR_C_73_PALUGODU,NLR_C_73_PALUGODU-MB,Nagulapadu,Nagulapadu
NLR_C_73_MUTTUKUR,NLR_C_73_MUTTUKUR-MB,Nagulavaram,Nagulavaram-2
NLR_C_72_CHEJARLA,NLR_C_72_CHEJARLA-MB,Nagulavellaturu,Nagulavellaturu
NLR_C_73_BALAYAPALLE,NLR_C_73_BALAYAPALLE-MB,Naiducheruvukandriga,Naiducheruvu Khandrika
NLR_C_72_KODAVALUR,NLR_C_72_KODAVALUR-MB,Naidupalem,Naidupalem
NLR_C_73_PALUGODU,NLR_C_73_PALUGODU-MB,Naidupalem,Naidupalem
NLR_C_74_YAKASIRI,NLR_C_74_YAKASIRI-MB,Naidupeta(LA Sagaram),L.A.Sagaram
NLR_C_73_GUDUR,NLR_C_73_GUDUR-MB,Nakkalakalva khandriga,Nakkalakalva Khandrika
NLR_C_73_RAPUR,NLR_C_73_RAPUR-MB,Nalabotlapalle,Nalabotlapalle
NLR_C_72_GANDLAVEEDU,NLR_C_62_GANDLAVEEDU-MB,Nallakonda,Nallagonda
NLR_C_72_PRABHUGIRIPATNAM,NLR_C_72_PRABHUGIRIPATN-MB,Nallapalem,Nallapalem
NLR_C_74_DUGGARAJUPATNAM,NLR_C_74_DUGGARAJUPATNA-MB,Namakad bit-1,Namkadu Bit - I
NLR_C_74_DUGGARAJUPATNAM,NLR_C_74_DUGGARAJUPATNA-MB,Namakad bit-ii,Namkadu Bit - II
NLR_C_73_DAKKILI,NLR_C_73_DAKKILI-MB,Namasivayapuram,Namasivayapuram
NLR_C_72_GANDLAVEEDU,NLR_C_62_GANDLAVEEDU-MB,Nandavaram,Nandavaram-2
NLR_C_62_GOTTIGUNDALA,NLR_C_62_GOTTIGUNDALA-MB,Nandigunta,Nandigunta
NLR_C_76_VEDURUPATTU,NLR_C_76_VEDURUPATTU-MB,Nandimala,Nandimala
NLR_C_72_ALLAMPADU,NLR_C_72_ALLAMPADU-MB,Nandipadu,Nandipadu-2
NLR_C_72_PRABHUGIRIPATNAM,NLR_C_72_PRABHUGIRIPATN-MB,Nandivai,Nandivaya
NLR_C_72_GANDLAVEEDU,NLR_C_62_GANDLAVEEDU-MB,Narampeta,Narampeta
NLR_C_61_S.R.PURAM,NLR_C_61_SR_PURAM-MB,Narasimhapuram,Narasimhapuram-1
NLR_C_61_S.R.PURAM,NLR_C_61_SR_PURAM-MB,Narayanampeta,Narayanampet
NLR_C_73_MUTTUKUR,NLR_C_73_MUTTUKUR-MB,Narikellapalli,Narikellapalle
NLR_C_61_KOTTAPETA,NLR_C_61_KOTTAPETA-MB,Narrawada,Narrawada-1
NLR_C_72_NELLORE,NLR_C_72_NELLORE-MB,Narukuru,Narukur
NLR_C_72_PRABHUGIRIPATNAM,NLR_C_72_PRABHUGIRIPATN-MB,Navur,Navooru
NLR_C_73_DEGAPUDI,NLR_C_73_DEGAPUDI-MB,Nayanipalle,Nayanipalle
NLR_C_72_PRABHUGIRIPATNAM,NLR_C_72_PRABHUGIRIPATN-MB,Nedurupalli,Nedurupalle
NLR_C_72_A.S.PETA,NLR_C_72_A.S.PETA-MB,Neelayapalem,Neelayapalem
NLR_C_62_GOTTIGUNDALA,NLR_C_62_GOTTIGUNDALA-MB,Nekunampeta,Nekunampeta
NLR_C_74_CHAVALI,NLR_C_74_CHAVALI-MB,Nelaballi,Neleballi
NLR_C_74_NELAPATTU,NLR_C_74_NELAPATTU-MB,Nelaballi,Neleballi
NLR_C_73_GUDUR,NLR_C_73_GUDUR-MB,Nelaballi,Nelaballi
NLR_C_74_NELAPATTU,NLR_C_74_NELAPATTU-MB,Nelapattu,Nelapattu
NLR_C_73_MUTTUKUR,NLR_C_73_MUTTUKUR-MB,Nelaturu,Nelaturu-1
NLR_C_73_GUDUR,NLR_C_73_GUDUR-MB,Nelaturu,Nelaturu-1
NLR_C_73_GONUPALLE,NLR_C_73_GONUPALLI-MB,Nellepalli,Nellepalle
NLR_C_74_DUGGARAJUPATNAM,NLR_C_74_DUGGARAJUPATNA-MB,Nellipudi,Nellipudi
NLR_C_72_NELLORE,NLR_C_72_NELLORE-MB,Nellore rural,NELLORE-II
NLR_C_72_NELLORE,NLR_C_72_NELLORE-MB,Nellore urban,Nellore (M)
NLR_C_72_A.S.PETA,NLR_C_72_A.S.PETA-MB,Nellorepalem,Nellorepalem
NLR_C_74_NELAPATTU,NLR_C_74_NELAPATTU-MB,Nellorepalli,Nellorepalle-1
NLR_C_74_KOTA,NLR_C_74_KOTA-MB,Nellorupalli,Nellorepalle
NLR_C_61_S.R.PURAM,NLR_C_61_SR_PURAM-MB,Nemalladinne,Nemalladinne-1
NLR_C_74_OZILI,NLR_C_74_OZILI-MB,Nemallapudi,Nemallapudi
NLR_C_73_DEGAPUDI,NLR_C_73_DEGAPUDI-MB,Nernur,Nernoor
NLR_C_73_BALAYAPALLE,NLR_C_73_BALAYAPALLE-MB,Nernur,Nernur
NLR_C_73_BALAYAPALLE,NLR_C_73_BALAYAPALLE-MB,Nidigallu,Nidigallu-1
NLR_C_72_NELLORE,NLR_C_72_NELLORE-MB,Nidumusali,Nidumusali
NLR_C_73_PALUGODU,NLR_C_73_PALUGODU-MB,Nindali,Nindali
NLR_C_72_ALLAMPADU,NLR_C_72_ALLAMPADU-MB,Niradanampadu,Neradanampadu
NLR_C_72_KODAVALUR,NLR_C_72_KODAVALUR-MB,North Amuluru,North Amuluru
NLR_C_72_KODAVALUR,NLR_C_72_KODAVALUR-MB,North Mopuru,North Mopuru
NLR_C_72_KOVUR,NLR_C_72_KOVUR-MB,North rajupalem,North Rajupalem
NLR_C_74_NELAPATTU,NLR_C_74_NELAPATTU-MB,North Voraturu,Varthur North
NLR_C_76_KADALUR,NLR_C_76_KADALUR-MB,Nukalapalem,Nookalapalem
NLR_C_72_KALUVOYA,NLR_C_72_KALUVOYA-MB,Nukanapalle,Nukanapalle
NLR_C_73_DAKKILI,NLR_C_73_DAKKILI-MB,Nuthalacheruvu khandriga,Noothalacheruvu
NLR_C_72_GANDLAVEEDU,NLR_C_62_GANDLAVEEDU-MB,Nuvvurupadu,Nuvvurupadu
NLR_C_74_OZILI,NLR_C_74_OZILI-MB,Oddiguntakandriga,Vaddigunta Khandrika
NLR_C_73_GUDUR,NLR_C_73_GUDUR-MB,Oduru,Oduru
NLR_C_73_DEGAPUDI,NLR_C_73_DEGAPUDI-MB,Orupalle,Orupalle
NLR_C_74_OZILI,NLR_C_74_OZILI-MB,Ozili,Ojili-1
NLR_C_74_CHAVALI,NLR_C_74_CHAVALI-MB,P.C.K.Khandriga,P.C.Khandrika
NLR_C_61_S.R.PURAM,NLR_C_61_SR_PURAM-MB,Pabbuletipalli,Pabbuletipalle
NLR_C_72_GANDLAVEEDU,NLR_C_62_GANDLAVEEDU-MB,Padakandla,Padakandla-1
NLR_C_76_KADALUR,NLR_C_76_KADALUR-MB,Padamati Kandriga,Padamati Khandrika
NLR_C_72_ANANTASAGARAM,NLR_C_72_ANANTASAGARAM-MB,Padamatikambhampadu,Padamati Kambhampadu
NLR_C_74_NELAPATTU,NLR_C_74_NELAPATTU-MB,Padamatikandriga/Arigundram,P.Khandrika (Arigundram)
NLR_C_72_ANANTASAGARAM,NLR_C_72_ANANTASAGARAM-MB,Padamatinaidupalle,Padamatinaidupalle
NLR_C_72_KOVUR,NLR_C_72_KOVUR-MB,Padamatipalem,Padamatipalem
NLR_C_61_S.R.PURAM,NLR_C_61_SR_PURAM-MB,Padamatirompidodla,Padamati Rompidodla
NLR_C_74_DUGGARAJUPATNAM,NLR_C_74_DUGGARAJUPATNA-MB,Padartivari kandriga,Padarthivari- Khandrika
NLR_C_72_NELLORE,NLR_C_72_NELLORE-MB,Padarupalli-Nellore urban,PADURUPALLI
NLR_C_72_PRABHUGIRIPATNAM,NLR_C_72_PRABHUGIRIPATN-MB,Paderu,Paderu-1
NLR_C_72_KOVUR,NLR_C_72_KOVUR-MB,Padugupadu,Padugupadu
NLR_C_73_BALAYAPALLE,NLR_C_73_BALAYAPALLE-MB,Pakapudi,Pakapudi
NLR_C_73_PALUGODU,NLR_C_73_PALUGODU-MB,PALAKONDA SATRAM,Palakonda Satram
NLR_C_74_PERIMIDI,NLR_C_74_PERIMIDI-MB,Palchuru,Palachur
NLR_C_73_PALUGODU,NLR_C_73_PALUGODU-MB,Palemkota,Palemkota
NLR_C_73_BALAYAPALLE,NLR_C_73_BALAYAPALLE-MB,Palempadu,Palempadu
NLR_C_74_OZILI,NLR_C_74_OZILI-MB,Palepalom,Palepolam
NLR_C_73_GUDUR,NLR_C_73_GUDUR-MB,Palicherla,Palicherla
NLR_C_73_GUDUR,NLR_C_73_GUDUR-MB,Palicherla Rajupalem,Palicherlarajupalem
NLR_C_73_KASUMUR,NLR_C_73_KASUMUR-MB,Palicherlapadu,Palicherlapadu
NLR_C_72_CHEJARLA,NLR_C_72_CHEJARLA-MB,Pallakonda,Pallakonda
NLR_C_74_KOTA,NLR_C_74_KOTA-MB,Pallamala,Pallamala
NLR_C_74_KOTA,NLR_C_74_KOTA-MB,Pallamala Khandriga,Pallamala Khandrika
NLR_C_75_REDDYPALEM,NLR_C_75_REDDYPALEM-MB,Pallamparthy,Palamparthy
NLR_C_72_ANANTASAGARAM,NLR_C_72_ANANTASAGARAM-MB,Pallavolu,Pallavolu-1
NLR_C_72_NELLORE,NLR_C_72_NELLORE-MB,Pallepadu,Pallipadu-1
NLR_C_76_TADA,NLR_C_76_TADA-MB,PALLEPALEM,Pallepalem
NLR_C_73_BALAYAPALLE,NLR_C_73_BALAYAPALLE-MB,Pallipadu,Pallipadu-2
NLR_C_73_PALUGODU,NLR_C_73_PALUGODU-MB,Palugodu,Palugodu
NLR_C_73_RAPUR,NLR_C_73_RAPUR-MB,Palur,Palur-3
NLR_C_74_DUGGARAJUPATNAM,NLR_C_74_DUGGARAJUPATNA-MB,Pamanji,Pamanji
NLR_C_75_REDDYPALEM,NLR_C_75_REDDYPALEM-MB,Pambali,Pambali
NLR_C_72_A.S.PETA,NLR_C_72_A.S.PETA-MB,Pamidipadu,Pamidipadu
NLR_C_61_VEMPADU,NLR_C_61_VEMPADU-MB,Pamurupalle,Pamurupalle
NLR_C_72_KOVUR,NLR_C_72_KOVUR-MB,Panchedu,Panchedu
NLR_C_76_TADA,NLR_C_76_TADA-MB,Pandalagunta,Pandalagunta
NLR_C_72_A.S.PETA,NLR_C_72_A.S.PETA-MB,Pandipadu,Pandipadu-1
NLR_C_74_OZILI,NLR_C_74_OZILI-MB,Pandluru,Pandluru
NLR_C_61_S.R.PURAM,NLR_C_61_SR_PURAM-MB,Pandrangi,Pandrangi
NLR_C_73_RAPUR,NLR_C_73_RAPUR-MB,Pangili,Pangili
NLR_C_74_PERIMIDI,NLR_C_74_PERIMIDI-MB,Panjam,Panjam
NLR_C_76_TADA,NLR_C_76_TADA-MB,PANNAMGADU,Pannamgadu
NLR_C_75_SHAR,NLR_C_75_SHAR-MB,Pantrangam,Pantrangam
NLR_C_73_BALAYAPALLE,NLR_C_73_BALAYAPALLE-MB,Papamambapuram,Papamambapuram
NLR_C_73_PALUGODU,NLR_C_73_PALUGODU-MB,Papammacheruvukandra,Papammacheruvu- Khandrika
NLR_C_72_ALLAMPADU,NLR_C_72_ALLAMPADU-MB,Papampalle,Papampalle
NLR_C_73_BALAYAPALLE,NLR_C_73_BALAYAPALLE-MB,Papireddipalle,Papireddipalle-1
NLR_C_61_S.R.PURAM,NLR_C_61_SR_PURAM-MB,Pappulavaripalle,Pappulavaripalle
NLR_C_73_PALUGODU,NLR_C_73_PALUGODU-MB,Paravolu,Paravolu
NLR_C_73_KASUMUR,NLR_C_73_KASUMUR-MB,Parlapadu,Parlapadu-1
NLR_C_73_KASUMUR,NLR_C_73_KASUMUR-MB,Parlapalle,Parlapalle-3
NLR_C_72_KOVUR,NLR_C_72_KOVUR-MB,Parlapalli,Parlapalle-2
NLR_C_62_GOTTIGUNDALA,NLR_C_62_GOTTIGUNDALA-MB,Parlapalli,Parlapalle-2
NLR_C_62_BRAHMANAKRAKA,NLR_C_62_BRAHMANAKRAKA-MB,Parrikota agraharam,Parikota
NLR_C_72_ANANTASAGARAM,NLR_C_72_ANANTASAGARAM-MB,Patalapalle,Pathalapalle
NLR_C_73_RAPUR,NLR_C_73_RAPUR-MB,Patalapalle,Pathalapalle
NLR_C_73_DAKKILI,NLR_C_73_DAKKILI-MB,Patanalapadu,Pathanalapadu
NLR_C_72_PRABHUGIRIPATNAM,NLR_C_72_PRABHUGIRIPATN-MB,Pathapadu,Pathapadu-2
NLR_C_74_DUGGARAJUPATNAM,NLR_C_74_DUGGARAJUPATNA-MB,Pathetipalem,Pathetipalem
NLR_C_74_DUGGARAJUPATNAM,NLR_C_74_DUGGARAJUPATNA-MB,Patragunta,Putragunta
NLR_C_73_BALAYAPALLE,NLR_C_73_BALAYAPALLE-MB,Patrapalle,Patrapalle
NLR_C_72_KOVUR,NLR_C_72_KOVUR-MB,Patur,Patur
NLR_C_73_BALAYAPALLE,NLR_C_73_BALAYAPALLE-MB,Peda bandarupalle,Peda Bandarupalle
NLR_C_72_NELLORE,NLR_C_72_NELLORE-MB,Pedacherukuru,Pedda Cherukur
NLR_C_62_BRAHMANAKRAKA,NLR_C_62_BRAHMANAKRAKA-MB,Pedakonduru,Pedakonduru
NLR_C_61_S.R.PURAM,NLR_C_61_SR_PURAM-MB,Pedanagampalli,Pedda Nagampalle
NLR_C_74_OZILI,NLR_C_74_OZILI-MB,Pedaparia,Peda Pariya
NLR_C_72_KODAVALUR,NLR_C_72_KODAVALUR-MB,Pedaputtedu,Pedaputhedu
NLR_C_73_PALUGODU,NLR_C_73_PALUGODU-MB,Pedayachasamudram,Pedayachasamudram
NLR_C_72_A.S.PETA,NLR_C_72_A.S.PETA-MB,Peddaabbipuram,Pedabbipuram
NLR_C_72_A.S.PETA,NLR_C_72_A.S.PETA-MB,Peddaannalur,Peda Annaluru
NLR_C_74_DUGGARAJUPATNAM,NLR_C_74_DUGGARAJUPATNA-MB,Peddacheruvu,Pedda Cheruvu
NLR_C_61_S.R.PURAM,NLR_C_61_SR_PURAM-MB,Peddireddipalle,Peddireddipalle
NLR_C_72_NELLORE,NLR_C_72_NELLORE-MB,Peduru,Peduru
NLR_C_72_ALLAMPADU,NLR_C_72_ALLAMPADU-MB,Pegallapadu,Pegallapadu
NLR_C_74_CHAVALI,NLR_C_74_CHAVALI-MB,Pellakur,Pellakur-1
NLR_C_74_DUGGARAJUPATNAM,NLR_C_74_DUGGARAJUPATNA-MB,Pellakur,Pellakur-1
NLR_C_72_PRABHUGIRIPATNAM,NLR_C_72_PRABHUGIRIPATN-MB,Pelleru,Pelleru
NLR_C_73_GONUPALLE,NLR_C_73_GONUPALLI-MB,Penchalakona hills,FOREST-64
NLR_C_74_CHAVALI,NLR_C_74_CHAVALI-MB,Pennepalli,Pennepalle
NLR_C_73_GUDUR,NLR_C_73_GUDUR-MB,Pentapadu,Pentapadu-1
NLR_C_72_KOVUR,NLR_C_72_KOVUR-MB,Penuballe,Penuballe
NLR_C_73_MUTTUKUR,NLR_C_73_MUTTUKUR-MB,Penubarti,Penubarthi-1
NLR_C_73_GONUPALLE,NLR_C_73_GONUPALLI-MB,Penubarti,Penubarthi-1
NLR_C_73_GONUPALLE,NLR_C_73_GONUPALLI-MB,Penubartigopasamudram,Penubarthi Gopasamudram
NLR_C_72_A.S.PETA,NLR_C_72_A.S.PETA-MB,Peramana,Peramana
NLR_C_74_NELAPATTU,NLR_C_74_NELAPATTU-MB,Perantalamitta,Perantravulamitta
NLR_C_76_TADA,NLR_C_76_TADA-MB,PERIAVATTU,Periavattu
NLR_C_74_PERIMIDI,NLR_C_74_PERIMIDI-MB,Perimidi,Perimidi
NLR_C_73_BALAYAPALLE,NLR_C_73_BALAYAPALLE-MB,Periyavaram (Venkatagiri muncipality),Periyavaram
NLR_C_72_PRABHUGIRIPATNAM,NLR_C_72_PRABHUGIRIPATN-MB,Perumallapadu,Perumallapadu
NLR_C_73_DEGAPUDI,NLR_C_73_DEGAPUDI-MB,Perumallapadu,Perumallapadu
NLR_C_73_BALAYAPALLE,NLR_C_73_BALAYAPALLE-MB,Petluru,Petluru-1
NLR_C_73_MUTTUKUR,NLR_C_73_MUTTUKUR-MB,Pidatapoluru,Pidatapolur
NLR_C_73_KASUMUR,NLR_C_73_KASUMUR-MB,Piduru,Pidur
NLR_C_73_KASUMUR,NLR_C_73_KASUMUR-MB,Pidurupalem,Pidurupalem
NLR_C_73_BALAYAPALLE,NLR_C_73_BALAYAPALLE-MB,Pigilam,Pigilam
NLR_C_73_BALAYAPALLE,NLR_C_73_BALAYAPALLE-MB,Pigilam kottapalem,Pigilam Kothapalem
NLR_C_74_OZILI,NLR_C_74_OZILI-MB,Pinapariapadu,Pinapariyapadu
NLR_C_74_DUGGARAJUPATNAM,NLR_C_74_DUGGARAJUPATNA-MB,Pittuvaripalle,Pittivanipalle
NLR_C_73_DEGAPUDI,NLR_C_73_DEGAPUDI-MB,Podalakur,Podalakur
NLR_C_72_NELLORE,NLR_C_72_NELLORE-MB,Pogadadoruvu kandriga,Pogada Doruvu Khandrika
NLR_C_73_BALAYAPALLE,NLR_C_73_BALAYAPALLE-MB,Pogulavaripalle,Pogulavaripalle
NLR_C_73_DEGAPUDI,NLR_C_73_DEGAPUDI-MB,Pokkandala,Pokkandala
NLR_C_73_GUDUR,NLR_C_73_GUDUR-MB,Polipadu,Polipadu
NLR_C_74_DUGGARAJUPATNAM,NLR_C_74_DUGGARAJUPATNA-MB,Polla khandrika,Pollakhandrika
NLR_C_72_ANANTASAGARAM,NLR_C_72_ANANTASAGARAM-MB,Ponguru,Ponguru
NLR_C_73_CHINTAVARAM,NLR_C_73_CHINTAVARAM-MB,Ponnavolu,Ponnavolu-1
NLR_C_72_A.S.PETA,NLR_C_72_A.S.PETA-MB,Ponugodu,Ponugodu
NLR_C_76_TADA,NLR_C_76_TADA-MB,Poodi,Pudi-1
NLR_C_75_REDDYPALEM,NLR_C_75_REDDYPALEM-MB,Poodirayadoruvu,Pudirayadoruvu
NLR_C_73_VENKATAGIRI,NLR_C_73_VENKATAGIRI-MB,Poolarangadupalle,Poolarangadupalle
NLR_C_74_NELAPATTU,NLR_C_74_NELAPATTU-MB,Poolatota,Poolathota
NLR_C_73_RAPUR,NLR_C_73_RAPUR-MB,Potegunta,Pothegunta-1
NLR_C_72_KOVUR,NLR_C_72_KOVUR-MB,Pothireddipalem,Pothireddipalem
NLR_C_74_DUGGARAJUPATNAM,NLR_C_74_DUGGARAJUPATNA-MB,Pothunayanipalle,Pothunayanipalle
NLR_C_72_NELLORE,NLR_C_72_NELLORE-MB,Potlapudi,Potlapudi
NLR_C_72_NELLORE,NLR_C_72_NELLORE-MB,Pottepalem,Pottepalem
NLR_C_72_PRABHUGIRIPATNAM,NLR_C_72_PRABHUGIRIPATN-MB,Prabhugiripatnam,Prabagiripatnam
NLR_C_74_NELAPATTU,NLR_C_74_NELAPATTU-MB,Puderu,Puderu
NLR_C_73_MUTTUKUR,NLR_C_73_MUTTUKUR-MB,Pudiparti,Pudiparthi
NLR_C_74_YAKASIRI,NLR_C_74_YAKASIRI-MB,Puduru,Puduru-1
NLR_C_76_TADA,NLR_C_76_TADA-MB,Pulicat lake,PULICAT LAKE-5
NLR_C_75_IRKAM,NLR_C_75_IRKAM-MB,Pulicat lake,PULICAT LAKE-5
NLR_C_75_SHAR,NLR_C_75_SHAR-MB,Pulicat lake,PULICAT LAKE
NLR_C_73_RAPUR,NLR_C_73_RAPUR-MB,Puligalapadu,Puligilapadu
NLR_C_73_DEGAPUDI,NLR_C_73_DEGAPUDI-MB,Pulikallu,Pulikollu
NLR_C_74_KOTA,NLR_C_74_KOTA-MB,Pulikorru,Pulikorru @ Balireddipalem
NLR_C_76_TADA,NLR_C_76_TADA-MB,Pulivendra,Pulivendra
NLR_C_61_S.R.PURAM,NLR_C_61_SR_PURAM-MB,Pullayapalle,Pullayapalle
NLR_C_74_PERIMIDI,NLR_C_74_PERIMIDI-MB,Pulluru,Pulluru
NLR_C_76_VEDURUPATTU,NLR_C_76_VEDURUPATTU-MB,Punabaka,Punabaka
NLR_C_73_MUTTUKUR,NLR_C_73_MUTTUKUR-MB,Punjulurupadu,Punjulurupadu
NLR_C_74_OZILI,NLR_C_74_OZILI-MB,Punnepalli,Punnepalle
NLR_C_72_NELLORE,NLR_C_72_NELLORE-MB,Punnur,Punnur
NLR_C_72_KODAVALUR,NLR_C_72_KODAVALUR-MB,Purini,Purini
NLR_C_74_KOTA,NLR_C_74_KOTA-MB,Putchalapalle,Putchalapalle
NLR_C_73_MUTTUKUR,NLR_C_73_MUTTUKUR-MB,Pynaapuram,Pynampuram
NLR_C_73_RAMASAGARAM,NLR_C_73_RAMASAGARAM-MB,Raagana ramapuram,Raganaramapuram
NLR_C_74_OZILI,NLR_C_74_OZILI-MB,Rachapalem,Rachapalem
NLR_C_72_GANDLAVEEDU,NLR_C_62_GANDLAVEEDU-MB,Rachavaripalle,Rachavaripalle
NLR_C_74_OZILI,NLR_C_74_OZILI-MB,Raghavareddipalem,Raghavareddipalem
NLR_C_74_OZILI,NLR_C_74_OZILI-MB,Rajanagaram,Rajanagaram-1
NLR_C_72_A.S.PETA,NLR_C_72_A.S.PETA-MB,Rajavolu,Rajavolu
NLR_C_62_JALADANKI,NLR_C_62_JALADANKI-MB,Rajovari Chintalapalem,Rajuvari Chintala Palem
NLR_C_74_OZILI,NLR_C_74_OZILI-MB,Rajupalem,Rajupalem-6
NLR_C_76_VEDURUPATTU,NLR_C_76_VEDURUPATTU-MB,Ramachandragunta,Ramachandragunta
NLR_C_61_S.R.PURAM,NLR_C_61_SR_PURAM-MB,Ramadevulapadu,Ramadevulapadu
NLR_C_72_KOVUR,NLR_C_72_KOVUR-MB,Ramannapalem,Ramannapalem
NLR_C_62_CHINNA ANNALUR,NLR_C_62_CHINNA ANNALUR-MB,Ramanujapuram,Ramanujapuram
NLR_C_76_TADA,NLR_C_76_TADA-MB,RAMAPURAM,Ramapuram-9
NLR_C_73_PALUGODU,NLR_C_73_PALUGODU-MB,Ramapuram,Ramapuram-9
NLR_C_73_RAMASAGARAM,NLR_C_73_RAMASAGARAM-MB,Ramasagaram,Ramasagaram
NLR_C_73_VENKATAGIRI,NLR_C_73_VENKATAGIRI-MB,Ramasastrulavari Khandriga,Ramasastrulavari Khandrika
NLR_C_74_YAKASIRI,NLR_C_74_YAKASIRI-MB,Ranganadhapuram,Ranganathapuram
NLR_C_73_BALAYAPALLE,NLR_C_73_BALAYAPALLE-MB,Rangarajasamudram,Rangarajasamudram
NLR_C_72_KODAVALUR,NLR_C_72_KODAVALUR-MB,Rangasamudram,Rangasamudram
NLR_C_73_RAPUR,NLR_C_73_RAPUR-MB,Rapur,Rapur-1
NLR_C_73_DAKKILI,NLR_C_73_DAKKILI-MB,Rapur Velikonda hills,FOREST-64
NLR_C_73_RAPUR,NLR_C_73_RAPUR-MB,Rapur Velikonda hills,FOREST-64
NLR_C_73_RAPUR,NLR_C_73_RAPUR-MB,Raviguntapalli,Raviguntapalle-1
NLR_C_72_PRABHUGIRIPATNAM,NLR_C_72_PRABHUGIRIPATN-MB,Ravilla Yeruguntapalem,Ravalla Yeruguntapalem
NLR_C_62_GOTTIGUNDALA,NLR_C_62_GOTTIGUNDALA-MB,Ravipadu,Ravipadu-2
NLR_C_73_BALAYAPALLE,NLR_C_73_BALAYAPALLE-MB,Ravipadu,Ravipadu-2
NLR_C_72_A.S.PETA,NLR_C_72_A.S.PETA-MB,Ravulakollu,Ravulakollu
NLR_C_74_DUGGARAJUPATNAM,NLR_C_74_DUGGARAJUPATNA-MB,Rayapeddipalem,Rayareddipalem
NLR_C_72_KOVUR,NLR_C_72_KOVUR-MB,Rebala,Rebala
NLR_C_73_GUDUR,NLR_C_73_GUDUR-MB,Reddigunta,Reddigunta-1
NLR_C_75_REDDYPALEM,NLR_C_75_REDDYPALEM-MB,Reddipalem-I,Reddipalem Bit - I
NLR_C_75_REDDYPALEM,NLR_C_75_REDDYPALEM-MB,Reddipalem-II,Reddipalem Bit - II
NLR_C_74_NELAPATTU,NLR_C_74_NELAPATTU-MB,Revulagunta,Ravulagunta
NLR_C_72_ANANTASAGARAM,NLR_C_72_ANANTASAGARAM-MB,Revuru,Revuru-1
NLR_C_76_YEKOLLU,NLR_C_76_YEKOLLU-MB,Rosanur,Rosanuru
NLR_C_62_KAVALI,NLR_C_62_KAVALI-MB,Rudrakota,Rudrakota
NLR_C_74_OZILI,NLR_C_74_OZILI-MB,Rudravaram,Rudravaram-4
NLR_C_74_OZILI,NLR_C_74_OZILI-MB,Rudrayapalem,Rudrayapalem
NLR_C_61_S.R.PURAM,NLR_C_61_SR_PURAM-MB,S.R.Puram,Seetharamapuram-1
NLR_C_61_KOTTAPETA,NLR_C_61_KOTTAPETA-MB,S.V.Chintala,Sunnamvarichintala
NLR_C_74_OZILI,NLR_C_74_OZILI-MB,Saguturu,Saguturu
NLR_C_62_GOTTIGUNDALA,NLR_C_62_GOTTIGUNDALA-MB,Saipeta,Saipeta
NLR_C_72_NELLORE,NLR_C_72_NELLORE-MB,Sajjapuram,Sajjapuram
NLR_C_61_S.R.PURAM,NLR_C_61_SR_PURAM-MB,Sakunalapalle,Sakunalapalle
NLR_C_76_YEKOLLU,NLR_C_76_YEKOLLU-MB,Samantamallam,Samanthamallam
NLR_C_62_BRAHMANAKRAKA,NLR_C_62_BRAHMANAKRAKA-MB,Sambasivapuram,Sambasivapuram
NLR_C_73_RAMASAGARAM,NLR_C_73_RAMASAGARAM-MB,Samudralavari khandrika,Samudralavari Khandrika
NLR_C_73_DEGAPUDI,NLR_C_73_DEGAPUDI-MB,Sanayapalem,Sanayapalem
NLR_C_72_KOVUR,NLR_C_72_KOVUR-MB,Sangam ,Sangam-1
NLR_C_73_DAKKILI,NLR_C_73_DAKKILI-MB,Sanganapalle,Sanganapalle
NLR_C_74_PERIMIDI,NLR_C_74_PERIMIDI-MB,Sangavaram,Sangavaram
NLR_C_73_DEGAPUDI,NLR_C_73_DEGAPUDI-MB,Sankurathiripalle,Sankurathripalle
NLR_C_76_YEKOLLU,NLR_C_76_YEKOLLU-MB,Sarvareddikandriga,Sarvareddi Khandrika
NLR_C_62_CHINNA ANNALUR,NLR_C_62_CHINNA ANNALUR-MB,Satyavolu,Satyavolu
NLR_C_76_VEDURUPATTU,NLR_C_76_VEDURUPATTU-MB,Settigunta,Settigunta-2
NLR_C_62_CHINNA ANNALUR,NLR_C_62_CHINNA ANNALUR-MB,Settipalem,Settipalem
NLR_C_72_GANDLAVEEDU,NLR_C_62_GANDLAVEEDU-MB,Shankavaram,Sankavaram-2
NLR_C_75_SHAR,NLR_C_75_SHAR-MB,Shar Project,Shar Project
NLR_C_73_BALAYAPALLE,NLR_C_73_BALAYAPALLE-MB,Siddagunta,Siddagunta
NLR_C_62_BRAHMANAKRAKA,NLR_C_62_BRAHMANAKRAKA-MB,Siddanakonduru,Siddana Konduru
NLR_C_73_CHINTAVARAM,NLR_C_73_CHINTAVARAM-MB,Siddavaram,Siddavaram-5
NLR_C_73_PALUGODU,NLR_C_73_PALUGODU-MB,SIDDAVARAM,Siddavaram-5
NLR_C_73_RAPUR,NLR_C_73_RAPUR-MB,Siddavaram,Siddavaram-5
NLR_C_62_BOGOLE,NLR_C_62_BOGOLE-MB,Siddavarapu Venkatesupalem,Siddavarapu Venkatesupalem
NLR_C_74_PERIMIDI,NLR_C_74_PERIMIDI-MB,Singamabapuram,Singamambapuram
NLR_C_74_NELAPATTU,NLR_C_74_NELAPATTU-MB,Singanalaturu,Singanalathuru
NLR_C_72_ANANTASAGARAM,NLR_C_72_ANANTASAGARAM-MB,Singannapalle,Singanapalle-1
NLR_C_62_BOGOLE,NLR_C_62_BOGOLE-MB,Singapeta,Singapeta
NLR_C_61_S.R.PURAM,NLR_C_61_SR_PURAM-MB,Singareddipalli,Singareddipalle
NLR_C_74_YAKASIRI,NLR_C_74_YAKASIRI-MB,Sirasanambedu,Sirasanambedu
NLR_C_73_MUTTUKUR,NLR_C_73_MUTTUKUR-MB,Sivaramapuram,Sivarampuram-1
NLR_C_61_KOTTAPETA,NLR_C_61_KOTTAPETA-MB,Somalaregada,Somalaregada
NLR_C_72_NELLORE,NLR_C_72_NELLORE-MB,Somarajupalli,Somarajupalle-1
NLR_C_74_YAKASIRI,NLR_C_74_YAKASIRI-MB,Somasamudram,Somasamudram
NLR_C_73_VENKATAGIRI,NLR_C_73_VENKATAGIRI-MB,Somasanigunta,Somasanigunta
NLR_C_72_ANANTASAGARAM,NLR_C_72_ANANTASAGARAM-MB,Somasila,Somasila-1
NLR_C_62_BRAHMANAKRAKA,NLR_C_62_BRAHMANAKRAKA-MB,Somavarampadu,Somavarappadu-2
NLR_C_72_NELLORE,NLR_C_72_NELLORE-MB,South Amlur,Amulur (South)
NLR_C_72_NELLORE,NLR_C_72_NELLORE-MB,South Mopuru,South Mopur
NLR_C_76_YEKOLLU,NLR_C_76_YEKOLLU-MB,Sridanamalli,Sridhanamalli
NLR_C_72_KOVUR,NLR_C_72_KOVUR-MB,Srikolanu,Srikolanu
NLR_C_73_PALUGODU,NLR_C_73_PALUGODU-MB,Sripuram,Sreepuram
NLR_C_72_KOVUR,NLR_C_72_KOVUR-MB,Srirangarajapuram,Sreerangaraja -Puram
NLR_C_73_BALAYAPALLE,NLR_C_73_BALAYAPALLE-MB,Subramanyam,Subrahmanyam
NLR_C_76_VEDURUPATTU,NLR_C_76_VEDURUPATTU-MB,Suddamadugu tageli,Suddamadugu Thagelu
NLR_C_73_GONUPALLE,NLR_C_73_GONUPALLI-MB,Suddamalla,Suddamalla-1
NLR_C_76_VEDURUPATTU,NLR_C_76_VEDURUPATTU-MB,Suggupalli,Suggupalle
NLR_C_76_YEKOLLU,NLR_C_76_YEKOLLU-MB,Sulluru Japthikattubadi,Sulluru Japthikattubadi
NLR_C_76_YEKOLLU,NLR_C_76_YEKOLLU-MB,Sullurupeta,Sullurupeta (Sullurpeta)
NLR_C_73_VENKATAGIRI,NLR_C_73_VENKATAGIRI-MB,Sunkaravaripalle,Sunkaravaripalle
NLR_C_73_BALAYAPALLE,NLR_C_73_BALAYAPALLE-MB,Surabivari kandriga,Surabhivari Khandrika
NLR_C_76_YEKOLLU,NLR_C_76_YEKOLLU-MB,Suraguntatageli,Suragunta Tagelu
NLR_C_76_YEKOLLU,NLR_C_76_YEKOLLU-MB,Surapuagraharam,Surapu Agraharam
NLR_C_72_PRABHUGIRIPATNAM,NLR_C_72_PRABHUGIRIPATN-MB,Surayapalem,Surayapalem
NLR_C_73_PALUGODU,NLR_C_73_PALUGODU-MB,Surayapalem,Surayapalem
NLR_C_73_MUTTUKUR,NLR_C_73_MUTTUKUR-MB,Survepalli - I,Survepalle Bit - I
NLR_C_73_MUTTUKUR,NLR_C_73_MUTTUKUR-MB,Survepalli - III,Survepalle-III  @  Iskapalem
NLR_C_73_MUTTUKUR,NLR_C_73_MUTTUKUR-MB,Survepalli bit-5,Survepalle  Bit - V
NLR_C_73_KASUMUR,NLR_C_73_KASUMUR-MB,Survepalli bit-II,Survepalle Bit-II
NLR_C_73_MUTTUKUR,NLR_C_73_MUTTUKUR-MB,Survepalli- IV,Survepalle-IV @  N.G.Palem
NLR_C_73_RAPUR,NLR_C_73_RAPUR-MB,swarna Yachasamudram,Veera Kummara Yachasamudram
NLR_C_62_GOTTIGUNDALA,NLR_C_62_GOTTIGUNDALA-MB,T.Brahmanapalli,Thurpu- Brahmanapalle
NLR_C_62_CHINNA ANNALUR,NLR_C_62_CHINNA ANNALUR-MB,T.Jangalapalli,Thurpu- Jangalapalle
NLR_C_73_MUTTUKUR,NLR_C_73_MUTTUKUR-MB,T.P.Gudur  II,T.P.Gudur Bit-II
NLR_C_73_MUTTUKUR,NLR_C_73_MUTTUKUR-MB,T.P.Gudur I,T.P.Gudur Bit-I
NLR_C_76_TADA,NLR_C_76_TADA-MB,TADA,Tada-1
NLR_C_76_TADA,NLR_C_76_TADA-MB,TADA KHANDRIKA,Tada Khandrika
NLR_C_73_PALUGODU,NLR_C_73_PALUGODU-MB,Tadikalapoda khandriga,Thadikalapadu Khandrika
NLR_C_74_NELAPATTU,NLR_C_74_NELAPATTU-MB,Tadimedu,Tadimedu
NLR_C_72_KODAVALUR,NLR_C_72_KODAVALUR-MB,Talamanchi,Talamanchi
NLR_C_74_YAKASIRI,NLR_C_74_YAKASIRI-MB,Talavaipadu,Talavayipadu
NLR_C_76_YEKOLLU,NLR_C_76_YEKOLLU-MB,Tallampadu,Tallampadu-1
NLR_C_62_KAVALI,NLR_C_62_KAVALI-MB,Tallapalem,Thallapalem
NLR_C_73_BALAYAPALLE,NLR_C_73_BALAYAPALLE-MB,Tallapalle,Tallapalle-1
NLR_C_62_BOGOLE,NLR_C_62_BOGOLE-MB,Talluru,Thalluru
NLR_C_72_KOVUR,NLR_C_72_KOVUR-MB,Talupurupadu,Talupurupadu
NLR_C_62_GOTTIGUNDALA,NLR_C_62_GOTTIGUNDALA-MB,Tamidipadu,Thamidapadu
NLR_C_72_KOVUR,NLR_C_72_KOVUR-MB,Tarunavai,Tharunavaya
NLR_C_72_PRABHUGIRIPATNAM,NLR_C_72_PRABHUGIRIPATN-MB,Tatiparti,Thatiparthi
NLR_C_61_KOTTAPETA,NLR_C_61_KOTTAPETA-MB,Teddupadu,Theddupadu
NLR_C_73_GUDUR,NLR_C_73_GUDUR-MB,Teepanur,Theepanur
NLR_C_72_KALUVOYA,NLR_C_72_KALUVOYA-MB,Tegacherla,Tegacherla
NLR_C_62_CHINNA ANNALUR,NLR_C_62_CHINNA ANNALUR-MB,Tellapadu,Thellapadu
NLR_C_72_KALUVOYA,NLR_C_72_KALUVOYA-MB,Telugurayapuram,Telugurayapuram
NLR_C_73_CHINTAVARAM,NLR_C_73_CHINTAVARAM-MB,Thamminapatnam,Thamminapatnam
NLR_C_73_DEGAPUDI,NLR_C_73_DEGAPUDI-MB,Thanamcherla,Tanamcherla
NLR_C_76_YEKOLLU,NLR_C_76_YEKOLLU-MB,Thanayali,Thaneyali
NLR_C_74_YAKASIRI,NLR_C_74_YAKASIRI-MB,Thannamala,Thannamala
NLR_C_73_DEGAPUDI,NLR_C_73_DEGAPUDI-MB,Thatipalle,Thatipalle
NLR_C_73_PALUGODU,NLR_C_73_PALUGODU-MB,Theerthampadu,Theerthampadu
NLR_C_73_PALUGODU,NLR_C_73_PALUGODU-MB,Thimmanagunta,Thimmanagunta
NLR_C_74_KOTA,NLR_C_74_KOTA-MB,Thinnelapudi,Thinnelapudi
NLR_C_72_KOVUR,NLR_C_72_KOVUR-MB,Thiruveedipadu,Thiruveedhipadu
NLR_C_73_RAMASAGARAM,NLR_C_73_RAMASAGARAM-MB,Thokalapudi,Thokalapudi
NLR_C_73_DEGAPUDI,NLR_C_73_DEGAPUDI-MB,Thokapalem,Thokapalem
NLR_C_72_ANANTASAGARAM,NLR_C_72_ANANTASAGARAM-MB,Tholijapuram,Tholijapuram
NLR_C_76_TADA,NLR_C_76_TADA-MB,THOPU KHANDRIKA,Thopu Khandrika
NLR_C_73_VENKATAGIRI,NLR_C_73_VENKATAGIRI-MB,Thripuranthaka Bhatlapa,Thripurantaka Bhatlapalle
NLR_C_61_S.R.PURAM,NLR_C_61_SR_PURAM-MB,Thurpuboyamadugula,Thurpu Boyamadugula
NLR_C_73_BALAYAPALLE,NLR_C_73_BALAYAPALLE-MB,Tikkavaram,Tikkavaram
NLR_C_73_CHINTAVARAM,NLR_C_73_CHINTAVARAM-MB,Tikkavaram,Tikkavaram
NLR_C_74_OZILI,NLR_C_74_OZILI-MB,Timmajikandriga,Thimmaji Khandrika
NLR_C_73_DEGAPUDI,NLR_C_73_DEGAPUDI-MB,Timmanaramapuram,Thimmanaramapuram
NLR_C_61_KOTTAPETA,NLR_C_61_KOTTAPETA-MB,Timmapuram,Thimmapuram-7
NLR_C_73_BALAYAPALLE,NLR_C_73_BALAYAPALLE-MB,Timmayagunta,Thimmayagunta
NLR_C_72_CHEJARLA,NLR_C_72_CHEJARLA-MB,Timmayapalem,Thimmayapalem
NLR_C_73_PALUGODU,NLR_C_73_PALUGODU-MB,Timmayapalem,Thimmayapalem
NLR_C_73_RAMASAGARAM,NLR_C_73_RAMASAGARAM-MB,Tippireddypalli,Thippireddipalle-2
NLR_C_74_OZILI,NLR_C_74_OZILI-MB,Tirumalapudi,Thirumalapudi
NLR_C_61_KOTTAPETA,NLR_C_61_KOTTAPETA-MB,Tirumalapuram,Thirumalapuram
NLR_C_74_DUGGARAJUPATNAM,NLR_C_74_DUGGARAJUPATNA-MB,Tirumur,Tirumur
NLR_C_73_DEGAPUDI,NLR_C_73_DEGAPUDI-MB,Tocham,Tocham
NLR_C_72_NELLORE,NLR_C_72_NELLORE-MB,Toderu,Thoderu
NLR_C_61_VEMPADU,NLR_C_61_VEMPADU-MB,Todugupalle,Thodugupalle
NLR_C_76_YEKOLLU,NLR_C_76_YEKOLLU-MB,Togaramudi,Thogaramudi
NLR_C_74_KOTA,NLR_C_74_KOTA-MB,Tonukumala,Thonukumala
NLR_C_72_CHEJARLA,NLR_C_72_CHEJARLA-MB,Topugunta,Thopugunta
NLR_C_72_KALUVOYA,NLR_C_72_KALUVOYA-MB,Topuguntaagraharam,Thopugunta Agraharam
NLR_C_61_S.R.PURAM,NLR_C_61_SR_PURAM-MB,Totalacheruvupalle,Thotalacheruvupalle
NLR_C_73_MUTTUKUR,NLR_C_73_MUTTUKUR-MB,Totapalli,Thotapalle
NLR_C_73_DEGAPUDI,NLR_C_73_DEGAPUDI-MB,Tumaya,Tumaya
NLR_C_62_KAVALI,NLR_C_62_KAVALI-MB,Tummalapenta,Thummalapenta
NLR_C_74_YAKASIRI,NLR_C_74_YAKASIRI-MB,Tummuru,Thummur (R)
NLR_C_72_KODAVALUR,NLR_C_72_KODAVALUR-MB,Turimerla,Thurimerla
NLR_C_73_DEGAPUDI,NLR_C_73_DEGAPUDI-MB,Turimerla,Thurimerla
NLR_C_73_CHINTAVARAM,NLR_C_73_CHINTAVARAM-MB,Turpu Kanupur,Turpu Kanupur
NLR_C_61_KOTTAPETA,NLR_C_61_KOTTAPETA-MB,Turpu Yerraballi,Thurpuyerraballe
NLR_C_61_S.R.PURAM,NLR_C_61_SR_PURAM-MB,Turpuchennampalle,Thurpu Chennampalle
NLR_C_61_VEMPADU,NLR_C_61_VEMPADU-MB,Turpupalem,Thurpupalem
NLR_C_61_VEMPADU,NLR_C_61_VEMPADU-MB,Turpurompidodla,Thurpurompidodla
NLR_C_72_KODAVALUR,NLR_C_72_KODAVALUR-MB,Uchaguntapalem,Uchaguntapalem
NLR_C_73_CHINTAVARAM,NLR_C_73_CHINTAVARAM-MB,Udathavaripalem,Udathavaripalem
NLR_C_73_CHINTAVARAM,NLR_C_73_CHINTAVARAM-MB,Udathavariparlapalli,Udathavariparlapalle
NLR_C_72_ALLAMPADU,NLR_C_72_ALLAMPADU-MB,Udayagiri konda,Udayagiri @ Kondayapalem
NLR_C_61_S.R.PURAM,NLR_C_61_SR_PURAM-MB,Udayagiri konda,Udayagiri @ Kondayapalem
NLR_C_76_VEDURUPATTU,NLR_C_76_VEDURUPATTU-MB,Udipudi,Udipudi
NLR_C_76_YEKOLLU,NLR_C_76_YEKOLLU-MB,Uggumudi,Uggumudi
NLR_C_62_BOGOLE,NLR_C_62_BOGOLE-MB,Ulavapalla,Ulavapalle-1
NLR_C_62_BOGOLE,NLR_C_62_BOGOLE-MB,Umamaheswarapuram,Umamaheswarapuram-2
NLR_C_74_YAKASIRI,NLR_C_74_YAKASIRI-MB,Uppalamarti,Uppalamarthi
NLR_C_72_ANANTASAGARAM,NLR_C_72_ANANTASAGARAM-MB,Uppalapadu,Uppalapadu-3
NLR_C_74_PERIMIDI,NLR_C_74_PERIMIDI-MB,Upprapalli,Upparapalle-4
NLR_C_72_NELLORE,NLR_C_72_NELLORE-MB,Upputuru,Upputur
NLR_C_73_DEGAPUDI,NLR_C_73_DEGAPUDI-MB,Utchapalli,Uchapalle
NLR_C_76_YEKOLLU,NLR_C_76_YEKOLLU-MB,Utchuru,Utchuru
NLR_C_74_KOTA,NLR_C_74_KOTA-MB,Uthamanellore,Uthamanellore
NLR_C_73_DEGAPUDI,NLR_C_73_DEGAPUDI-MB,Utlapalem,Utla Palem
NLR_C_73_BALAYAPALLE,NLR_C_73_BALAYAPALLE-MB,Utlapalli,Utlapalle
NLR_C_74_DUGGARAJUPATNAM,NLR_C_74_DUGGARAJUPATNA-MB,Uttarapolam,Uttara Polam
NLR_C_72_KOVUR,NLR_C_72_KOVUR-MB,Utukur,Utukuru-2
NLR_C_73_DEGAPUDI,NLR_C_73_DEGAPUDI-MB,Utukur,Utukuru-2
NLR_C_62_GOTTIGUNDALA,NLR_C_62_GOTTIGUNDALA-MB,Utukur,Utukuru-2
NLR_C_72_KALUVOYA,NLR_C_72_KALUVOYA-MB,Uyyalapalle,Uyyalapalle
NLR_C_74_PERIMIDI,NLR_C_74_PERIMIDI-MB,V.K.Yachasamudram,V K.Yacha Samudram (UI)
NLR_C_73_VENKATAGIRI,NLR_C_73_VENKATAGIRI-MB,Vaddipalle,Vaddipalle
NLR_C_73_KASUMUR,NLR_C_73_KASUMUR-MB,Vadlapudi,Vadlapudi
NLR_C_74_DUGGARAJUPATNAM,NLR_C_74_DUGGARAJUPATNA-MB,Vadlavanipalle,Vadlavanipalle
NLR_C_74_DUGGARAJUPATNAM,NLR_C_74_DUGGARAJUPATNA-MB,Vagarru,Vagarru @ Tupilipalem
NLR_C_74_DUGGARAJUPATNAM,NLR_C_74_DUGGARAJUPATNA-MB,Vakadu,Vakadu-1
NLR_C_74_OZILI,NLR_C_74_OZILI-MB,Vakativarikhandriga,Vakativari Khandrika
NLR_C_73_DAKKILI,NLR_C_73_DAKKILI-MB,Vakyam,Vakyam
NLR_C_74_DUGGARAJUPATNAM,NLR_C_74_DUGGARAJUPATNA-MB,Valamedu,Valamedu
NLR_C_73_CHINTAVARAM,NLR_C_73_CHINTAVARAM-MB,Vallipadu,Vallipadu
NLR_C_73_BALAYAPALLE,NLR_C_73_BALAYAPALLE-MB,Vallivedu,Vallivedu-1
NLR_C_73_MUTTUKUR,NLR_C_73_MUTTUKUR-MB,Valluru,Valluru-1
NLR_C_73_MUTTUKUR,NLR_C_73_MUTTUKUR-MB,Valluruvari kandriga,Valluruvari Khandrika
NLR_C_73_GONUPALLE,NLR_C_73_GONUPALLI-MB,Vandluru,Vandluru
NLR_C_72_KOVUR,NLR_C_72_KOVUR-MB,Vangallu,Vangallu
NLR_C_74_KOTA,NLR_C_74_KOTA-MB,Vanjivaka,Vanjivaka
NLR_C_73_BALAYAPALLE,NLR_C_73_BALAYAPALLE-MB,Varadanapalle,Varadanapalle
NLR_C_73_MUTTUKUR,NLR_C_73_MUTTUKUR-MB,Varigonda,Varigonda
NLR_C_72_ANANTASAGARAM,NLR_C_72_ANANTASAGARAM-MB,Varikuntapadu,Varekuntapadu
NLR_C_61_S.R.PURAM,NLR_C_61_SR_PURAM-MB,Varikuntapadu,Varekuntapadu
NLR_C_72_KODAVALUR,NLR_C_72_KODAVALUR-MB,Varini,Varini
NLR_C_72_A.S.PETA,NLR_C_72_A.S.PETA-MB,Vasili,Vasili
NLR_C_76_TADA,NLR_C_76_TADA-MB,VATAMBEDU,Vatambedu
NLR_C_76_KADALUR,NLR_C_76_KADALUR-MB,Vatrapalem,Vatrapalem
NLR_C_72_PRABHUGIRIPATNAM,NLR_C_72_PRABHUGIRIPATN-MB,Vavileru,Vavileru
NLR_C_73_MUTTUKUR,NLR_C_73_MUTTUKUR-MB,Vaviletipadu,Visavaviletipadu
NLR_C_72_KOVUR,NLR_C_72_KOVUR-MB,Vavilla,Vavilla
NLR_C_73_DEGAPUDI,NLR_C_73_DEGAPUDI-MB,Vavintparti,Vavintaparthi
NLR_C_72_KOVUR,NLR_C_72_KOVUR-MB,Vavveru,Vavveru
NLR_C_72_NELLORE,NLR_C_72_NELLORE-MB,Vedayapalem-Nellore urban,VEDAYAPALEM
NLR_C_73_GUDUR,NLR_C_73_GUDUR-MB,Vedicherla,Vedicherla
NLR_C_73_PALUGODU,NLR_C_73_PALUGODU-MB,Vedurugunta,Vedurugunta
NLR_C_76_VEDURUPATTU,NLR_C_76_VEDURUPATTU-MB,Vedurupattu,Vedurupattu
NLR_C_73_RAPUR,NLR_C_73_RAPUR-MB,Veera Kummara Yachasamudram,Veera Kummara Yachasamudram
NLR_C_72_A.S.PETA,NLR_C_72_A.S.PETA-MB,Veerannakollu,Veeranakollu
NLR_C_73_DEGAPUDI,NLR_C_73_DEGAPUDI-MB,Veerayapalem,Veerayapalem
NLR_C_74_OZILI,NLR_C_74_OZILI-MB,Veerlagunapadu,Veerlagunapadu
NLR_C_72_KOVUR,NLR_C_72_KOVUR-MB,Veguru,Vegur
NLR_C_76_TADA,NLR_C_76_TADA-MB,VELAGALA VAGU,Velagalavagu
NLR_C_76_VEDURUPATTU,NLR_C_76_VEDURUPATTU-MB,Velagalaponnuru,Velagalapannuru
NLR_C_72_A.S.PETA,NLR_C_72_A.S.PETA-MB,Velagapadu,Velagapadu
NLR_C_73_DAKKILI,NLR_C_73_DAKKILI-MB,Velampalli,Velampalle
NLR_C_62_BOGOLE,NLR_C_62_BOGOLE-MB,Velicherla,Velicherla
NLR_C_75_REDDYPALEM,NLR_C_75_REDDYPALEM-MB,Veligajulapalli,Veligajulapalle
NLR_C_61_KOTTAPETA,NLR_C_61_KOTTAPETA-MB,Veligandla,Veligandla-3
NLR_C_72_KALUVOYA,NLR_C_72_KALUVOYA-MB,Veligonda hills,FOREST-60
NLR_C_72_ALLAMPADU,NLR_C_72_ALLAMPADU-MB,Veligonda hills,FOREST-60
NLR_C_73_GONUPALLE,NLR_C_73_GONUPALLI-MB,Veligonda hills,FOREST-60
NLR_C_73_RAPUR,NLR_C_73_RAPUR-MB,Veligonda hills,FOREST-60
NLR_C_61_S.R.PURAM,NLR_C_61_SR_PURAM-MB,Veligondla hills,FOREST-44
NLR_C_73_DAKKILI,NLR_C_73_DAKKILI-MB,Veligondla hills,FOREST-44
NLR_C_73_PALUGODU,NLR_C_73_PALUGODU-MB,Veligondla hills,FOREST-44
NLR_C_73_PALUGODU,NLR_C_73_PALUGODU-MB,Veligondla hills,FOREST-44
NLR_C_73_RAPUR,NLR_C_73_RAPUR-MB,Veligondla hills,FOREST-44
NLR_C_73_VENKATAGIRI,NLR_C_73_VENKATAGIRI-MB,Veligondla hills,FOREST-44
NLR_C_73_RAPUR,NLR_C_73_RAPUR-MB,Velikallu,Velikallu
NLR_C_72_PRABHUGIRIPATNAM,NLR_C_72_PRABHUGIRIPATN-MB,Velikantipalem,Veligantipalem
NLR_C_72_ANANTASAGARAM,NLR_C_72_ANANTASAGARAM-MB,Velikonda hills,FOREST-52
NLR_C_72_ANANTASAGARAM,NLR_C_72_ANANTASAGARAM-MB,Velikonda hills,FOREST-52
NLR_C_72_ALLAMPADU,NLR_C_72_ALLAMPADU-MB,Velikonda hills,FOREST-52
NLR_C_72_NELLORE,NLR_C_72_NELLORE-MB,Vellanti,FOREST-52
NLR_C_73_CHINTAVARAM,NLR_C_73_CHINTAVARAM-MB,Vellapalem,FOREST-52
NLR_C_72_A.S.PETA,NLR_C_72_A.S.PETA-MB,Velpulagunta,Velpulagunta
NLR_C_75_SHAR,NLR_C_75_SHAR-MB,Velukaadu,Velukadu
NLR_C_72_KODAVALUR,NLR_C_72_KODAVALUR-MB,Velupodu,Velupodu
NLR_C_73_DAKKILI,NLR_C_73_DAKKILI-MB,Vembuluru,Vembuluru
NLR_C_61_VEMPADU,NLR_C_61_VEMPADU-MB,Vempadu,Vempadu-3
NLR_C_61_S.R.PURAM,NLR_C_61_SR_PURAM-MB,Vempallitoka,Vempallethoka
NLR_C_73_DAKKILI,NLR_C_73_DAKKILI-MB,Vempativaripalle,Vempativaripalle
NLR_C_73_RAPUR,NLR_C_73_RAPUR-MB,Vemulachedu,Vemulachedu
NLR_C_75_IRKAM,NLR_C_75_IRKAM-MB,Venadu,Venadu
NLR_C_76_KADALUR,NLR_C_76_KADALUR-MB,VENDLURUPADU,Vendlurupadu
NLR_C_73_BALAYAPALLE,NLR_C_73_BALAYAPALLE-MB,Vendodu,Vendodu
NLR_C_76_YEKOLLU,NLR_C_76_YEKOLLU-MB,Vengamambapuram,Vengamambapuram-2
NLR_C_74_OZILI,NLR_C_74_OZILI-MB,Vengamambapuram,Vengamambapuram-2
NLR_C_73_BALAYAPALLE,NLR_C_73_BALAYAPALLE-MB,Vengamambapuram,Vengamambapuram
NLR_C_73_PALUGODU,NLR_C_73_PALUGODU-MB,Vengamanaidupalle,Vengamanaidupalle
NLR_C_72_A.S.PETA,NLR_C_72_A.S.PETA-MB,Venkannapalem,Venkannapalem
NLR_C_72_NELLORE,NLR_C_72_NELLORE-MB,Venkannapalem,Venkannapalem
NLR_C_73_KASUMUR,NLR_C_73_KASUMUR-MB,Venkannapalem,Venkannapalem
NLR_C_72_KODAVALUR,NLR_C_72_KODAVALUR-MB,Venkannapuram,Venkannapuram
NLR_C_73_VENKATAGIRI,NLR_C_73_VENKATAGIRI-MB,Venkatagiri,VENKATAGIRI (U)
NLR_C_72_ALLAMPADU,NLR_C_72_ALLAMPADU-MB,Venkatampeta,Venkatampeta
NLR_C_74_OZILI,NLR_C_74_OZILI-MB,Venkatareddipalem,Venkatareddipalem
NLR_C_73_BALAYAPALLE,NLR_C_73_BALAYAPALLE-MB,Venkatareddipalle,Venkatareddipalle
NLR_C_76_YEKOLLU,NLR_C_76_YEKOLLU-MB,Venumbaka,Venumbaka
NLR_C_73_DEGAPUDI,NLR_C_73_DEGAPUDI-MB,Vepinapi Akkamambapuram,Vepinapiakkmambapuram
NLR_C_76_YEKOLLU,NLR_C_76_YEKOLLU-MB,Vetagiripalem,Vetagiripalem
NLR_C_72_KOVUR,NLR_C_72_KOVUR-MB,Vidavalur ,Vidavalur-1
NLR_C_74_OZILI,NLR_C_74_OZILI-MB,Vijayanellore,Vijayanellore
NLR_C_72_NELLORE,NLR_C_72_NELLORE-MB,Vilukanipalle,Vilukanipalle
NLR_C_73_RAMASAGARAM,NLR_C_73_RAMASAGARAM-MB,Vinduru,Vinduru
NLR_C_72_A.S.PETA,NLR_C_72_A.S.PETA-MB,Vinjamur ,Vinjamur-1
NLR_C_74_YAKASIRI,NLR_C_74_YAKASIRI-MB,Vinnamala,Vinnamala
NLR_C_72_PRABHUGIRIPATNAM,NLR_C_72_PRABHUGIRIPATN-MB,viroor,Viroor
NLR_C_61_VEMPADU,NLR_C_61_VEMPADU-MB,Viruvooru,Viruvooru
NLR_C_73_PALUGODU,NLR_C_73_PALUGODU-MB,Viswanadhapuram,Viswanadhapuram-1
NLR_C_72_NELLORE,NLR_C_72_NELLORE-MB,Vogurupadu,Ogurupadu
NLR_C_73_GUDUR,NLR_C_73_GUDUR-MB,West Gudur,West Gudur (Rural)
NLR_C_73_BALAYAPALLE,NLR_C_73_BALAYAPALLE-MB,Yachasamudram,Yachasamudram
NLR_C_73_BALAYAPALLE,NLR_C_73_BALAYAPALLE-MB,Yachavaram,Yachavaram
NLR_C_74_YAKASIRI,NLR_C_74_YAKASIRI-MB,Yakasiri,Yakasiri-1
NLR_C_72_CHEJARLA,NLR_C_72_CHEJARLA-MB,Yanamadala,Yanamadala
NLR_C_74_KOTA,NLR_C_74_KOTA-MB,Yaragatipalle,Yaragatipalle
NLR_C_74_PERIMIDI,NLR_C_74_PERIMIDI-MB,Yataluru,Yathaluru
NLR_C_73_CHINTAVARAM,NLR_C_73_CHINTAVARAM-MB,Yegeswarunipalli,Yogeswarunipalle
NLR_C_72_KODAVALUR,NLR_C_72_KODAVALUR-MB,Yelamanchipadu,Yelamanchipadu
NLR_C_74_NELAPATTU,NLR_C_74_NELAPATTU-MB,Yellasiri,Yellasiri
NLR_C_73_DAKKILI,NLR_C_73_DAKKILI-MB,Yellavajjulapalle,Yellavajjulapalle
NLR_C_72_KOVUR,NLR_C_72_KOVUR-MB,Yellayapalem,Yellayapalem
NLR_C_75_REDDYPALEM,NLR_C_75_REDDYPALEM-MB,Yellore,Ellore
NLR_C_73_GONUPALLE,NLR_C_73_GONUPALLI-MB,Yepuru,Yepuru
NLR_C_72_KALUVOYA,NLR_C_72_KALUVOYA-MB,Yerraballe,Yerraballe-1
NLR_C_61_S.R.PURAM,NLR_C_61_SR_PURAM-MB,Yerrabotlapalli,Yerrabotlapalle
NLR_C_72_ANANTASAGARAM,NLR_C_72_ANANTASAGARAM-MB,Yerrakonda hills,FOREST-50
NLR_C_72_ALLAMPADU,NLR_C_72_ALLAMPADU-MB,Yerrakonda hills,FOREST-50
NLR_C_61_S.R.PURAM,NLR_C_61_SR_PURAM-MB,Yerramreddipalle,Yerramreddipalle
NLR_C_72_GANDLAVEEDU,NLR_C_62_GANDLAVEEDU-MB,Yerukollu,Yerukollu
NLR_C_73_CHINTAVARAM,NLR_C_73_CHINTAVARAM-MB,Yeruru,Yeruru
NLR_C_72_PRABHUGIRIPATNAM,NLR_C_72_PRABHUGIRIPATN-MB,Yeturu,Yeturu
NLR_C_72_A.S.PETA,NLR_C_72_A.S.PETA-MB,Zammavaram,Zammavaram
NLR_C_72_KOVUR,NLR_C_72_KOVUR-MB,Zuvvalaguntapalle,Zuvvalaguntapalle
NLR_C_76_KADALUR,NLR_C_76_KADALUR-MB,Zuvvichelika,Zuvvi Chelika
