"GW Watershed Name","Iwm basin names","GW Village Name","iwm village names"
"KU_C_KD_Orvakal(a)-Nc","KU_C_KD_ORVAKAL(A)-NC-MB","49-Bannur","Bannur-1"
"KU-D-TB-KALLURU(A)","KU_D_TB_KALLURU(A)-MB","A.Gokula padu","A.Gokulapadu"
"KU_D_TB_ALUR_C","KU_D_TB_ALUR_C-MB","A.Gonehal","A.Gonehal"
"Ku_D_TB_Kurnool (c)_NC","KU_D_TB_KURNOOL (C)_NC-MB","A.Thandrapadu","E.Thandrapadu"
"Ku_C_KD_B.Atmakuru(b)","KU_C_KD_B.ATMAKURU(B)-MB","Abdullapuram","Abdullapuram"
"KU_C_KD_KOLIMIGUNDLA","KU_C_KD_KOLIMIGUNDLA-MB","Abdullapuram","Abdullapuram"
"KU_D_TB_ADONI(A)","KU_D_TB_ADONI(A)-MB","Adoni","Adoni (M)"
"KU_D_TB_KOWTHALAM(A)_C","KU_D_TB_KOWTHALAM(A)_C-MB","Agasaladinne","Agasaladinne"
"KU-D_TB_KOSIGI_C","KU-D_TB_KOSIGI_C-MB","Agasanuru","Agasanur"
"KU_D_TB_Devanakonda(b)","KU_D_TB_DEVANAKONDA(B)-MB","Agaveli","Agaveli"
"ku_c_kd_chagalamarri_C","KU_P_KD_CHAGALAMARRI-MB","Ahobilum","Ahobilam-1"
"KU_D-TB_GONEGANDLA","KU_D-TB_GONEGANDLA-MB","Airanbanda","Errabadu"
"KU_C_KD_Sanjamala(a)","KU_C_KD_SANJAMALA(A)-MB","Akumalla","Akumalla-1"
"Ku_C_kd_Miduthuru-c","KU_C_KD_MIDUTHURU-C-MB","Alaganuru","Alaganur"
"KU_D_TB_Krishnagiri(a)","KU_D_TB_KRISHNAGIRI(A)-MB","Alamkonda","Alamkonda"
"KU_C_KD_PANYAM(B)","KU_C_KD_PANYAM(B)-MB","Alamuru","Alamur-1"
"KU_C_KD_ALLAGADDA","KU_C_KD_ALLAGADDA-MB","Alamuru","Alamur-1"
"KU_C_KD_Sanjamala(b)","KU_C_KD_SANJAMALA(B)-MB","Alavakonda","Alvakonda"
"Ku_C_KD_Allagadda (A)","KU_C_KD_ALLAGADDA (A)-MB","Allagadda","Allagadda-1"
"Ku_D_TB_Nandikotkuru_C","KU_D_TB_NANDIKOTKURU_C-MB","Alluru","Allur-1"
"KU_C_KD_UYYALAWADA(A)","KU_C_KD_UYYALAWADA(A)-MB","Alluru","Allur-1"
"KU_D_V V_ halaharvi(a)","KU_D_V V_ HALAHARVI(A)-MB","Aluru","Alur-1"
"KU_D_TB_YEMMIGANUR_C","KU_D_TB_YEMMIGANUR_C-MB","Alvala","Alwala"
"KU_D_TB_KALLURU(B)","KU_D_TB_KALLURU(B)-MB","Amadaguntla","Amadaguntla"
"KU_C_KD_Sanjamala(a)","KU_C_KD_SANJAMALA(A)-MB","Amadala","Amadala"
"KU_D_TB_Dhone (b)","KU_D_TB_DHONE (B)-MB","Amakatadu","Amakathadu"
"KU_C_KD_Banaganapalli(b)","KU_C_KD_BANAGANAPALLI(B)-MB","Ambapuram","Ambapuram-2"
"KU_D_V V_ halaharvi(a)","KU_D_V V_ HALAHARVI(A)-MB","Amrutapuram","Amruthapuram"
"KU_D_TB_ALUR_C","KU_D_TB_ALUR_C-MB","Angasakallu","Angaskal"
"KU_P_KD_Owk","KU_P_KD_OWK-MB","Annavaram","Annavaram"
"KU_D_TB_KALLURU(B)","KU_D_TB_KALLURU(B)-MB","Anugonda","Anugonda"
"KU-C_KD_Banaganapalli-(C)-C","KU-C_KD_BANAGANAPALLI(C)-MB","Anupuru","Anupur"
"KU-C_KD_Banaganapalli-(C)-C","KU-C_KD_BANAGANAPALLI(C)-MB","Appalapuram","Appalapuram"
"KU_D-TB_GONEGANDLA","KU_D-TB_GONEGANDLA-MB","Arakallu","Arekal"
"KU_D_V V_ halaharvi(a)","KU_D_V V_ HALAHARVI(A)-MB","Arikera","Arikera"
"Ku_C_KD_Allagadda (A)","KU_C_KD_ALLAGADDA (A)-MB","Arjunapuram","Arjunapuram"
"KU_D_TB_KOWTHALAM","KU_D_TB_KOWTHALAM-MB","Arlabanda","Arlabanda"
"Ku_D-TB_Aspari(a)","KU_D-TB_ASPARI(A)-MB","Aspari","Aspari-1"
"Ku_D_Lk_Atmakuru(b)","KU_D_LK_ATMAKURU(B)-MB","Atmakuru","Atmakur-6"
"Ku_C_Kd_Bandi Atmakuru (a)_c","KU_C_KD_B.ATMAKURU_-C-MB","Ayyaluru","Ayyalur (Rural)"
"Ku_C_Kd_Bandi Atmakuru (a)_c","KU_C_KD_B.ATMAKURU_-C-MB","Ayyavarikoduru","Ayyavari Kodur"
"Ku_D_TB_Kurnool (A)_NC","KU_D_TB_KURNOOL (A)_NC-MB","B. Thandrapadu","B.Thandrapadu"
"KU_D-TB_GONEGANDLA","KU_D-TB_GONEGANDLA-MB","B.Agraharam","Bandameedi Agraharam"
"Ku_C_Kd_Bandi Atmakuru (a)_c","KU_C_KD_B.ATMAKURU_-C-MB","B.Atmakuru","Bandi Atmakur-1"
"Ku_C_Kd_Bandi Atmakuru (a)_c","KU_C_KD_B.ATMAKURU_-C-MB","B.Koduru","Bayyapu Kodur"
"KU_C_KD_Sanjamala(b)","KU_C_KD_SANJAMALA(B)-MB","B.Singavaram","Belumsingavaram"
"ku_c_kd_chagalamarri_C","KU_P_KD_CHAGALAMARRI-MB","Bachepalli","Bachepalle"
"KU_D_TB_KOWTHALAM(A)_C","KU_D_TB_KOWTHALAM(A)_C-MB","Badenahallu","Badinehal"
"KU_D-TB_GONEGANDLA","KU_D-TB_GONEGANDLA-MB","Baichigeri","Bychigeri"
"Ku_D_LK_Midthuru_C","KU_D_LK_MIDTHURU_C-MB","Bairapuram","Byrapuram"
"KU_D_TB_HOLAGUNDA_C","KU_D_TB_HOLAGUNDA_C-MB","Baladoru","Baladur"
"KU_D_V V_ halaharvi(a)","KU_D_V V_ HALAHARVI(A)-MB","Balagoti","Bolugota"
"Ku_c_kd_Panyam(a)","KU_C_KD_PANYAM(A)-MB","Balapanuru","Balapanur-1"
"KU_D_VV_HOLAGONDA_C","KU_D_VV_HOLAGONDA_C-MB","Balluru","Ballur"
"KU_C_KD_BANAGANAPALLI(a)","KU_C_KD_BANAGANAPALLI(A)-MB","Banaganapalli","Banaganapalle-1"
"KU_D-TB_GONEGANDLA","KU_D-TB_GONEGANDLA-MB","Banavanuru","Banavanur"
"KU_D_TB_PEDDAKADABUR_C","KU_D_TB_PEDDAKADABUR_C-MB","Banavasi","Banavasi-1"
"Ku_D_LK_Midthuru_C","KU_D_LK_MIDTHURU_C-MB","Bannuru","Bannur"
"KU_D_TB_KOWTHALAM(A)_C","KU_D_TB_KOWTHALAM(A)_C-MB","Bantakunta","Bantakunta"
"KU_D_TB_KOWTHALAM","KU_D_TB_KOWTHALAM-MB","Bapanadoddi","Bapaladoddi"
"KU_D_V V_ halaharvi(a)","KU_D_V V_ HALAHARVI(A)-MB","Bapuram","Bapuram-1"
"KU_D_TB_KOWTHALAM(A)_C","KU_D_TB_KOWTHALAM(A)_C-MB","Bapuram","Bapuram"
"KU_D_TB_ADONI_C","KU_D_TB_ADONI_C-MB","Basaladoddi","Basaladoddi"
"KU_C-KD_SIRIVELLA_C","KU_C-KD_SIRIVELLA_C-MB","Basapuram","Basavapuram-1"
"KU_D_TB_ADONI_C","KU_D_TB_ADONI_C-MB","Basapuram","Basavapuram-1"
"KU-D_TB_KOSIGI_C","KU-D_TB_KOSIGI_C-MB","Basapuram","Basavapuram-1"
"KU_D-TB_GONEGANDLA","KU_D-TB_GONEGANDLA-MB","Basarakodu","Basarakodu"
"KU_D_TB_KURNOOL","KU_D_TB_KURNOOL-MB","Basavapuram","Basavapuram"
"Ku_D_TB_Kalluru(a)","KU-D-TB-KALLURU(A)-MB","Bastipadu","Bastipadu"
"Ku_D_TB_Kalluru(a)","KU-D-TB-KALLURU(A)-MB","Bastipadu","Bastipadu"
"Ku_C_KD_Allagadda (A)","KU_C_KD_ALLAGADDA (A)-MB","Bathaluru","Bathalur"
"KU_C_KD_BANAGANAPALLI(a)","KU_C_KD_BANAGANAPALLI(A)-MB","Battalurupadu","Bathulurupadu"
"Ku_D-Lk_Kothapalli(d)","KU_D-LK_KOTHAPALLI(D)-MB","Battuvaripalli","Battuvaripalle-2"
"KU-C_KD_Banaganapalli-(C)-C","KU-C_KD_BANAGANAPALLI(C)-MB","Beeravolu","Beeravolu"
"KU_C-KD_SIRIVELLA_C","KU_C-KD_SIRIVELLA_C-MB","beeravolu","Beeravolu"
"Ku_D_LK_Pagidyala-C","KU_D_LK_PAGIDYALA_C-MB","Beeravolu","Beeravolu"
"KU_D_TB_ADONI_C","KU_D_TB_ADONI_C-MB","Belagallu","Belagallu-1"
"KU-D-TB-C.BELAGAL_C","KU-D-TB-C.BELAGAL_C-MB","Belagallu","Belagallu-1"
"KU_D_V V _Chippagiri -c-(b)","KU_D_V V _CHIPPAGIRI -C-(B)-MB","Beldona","Beldona"
"KU_D_V V_ halaharvi(a)","KU_D_V V_ HALAHARVI(A)-MB","Bella Hallu","Bilehal"
"KU_D_TB_ASPARI","KU_D_TB_ASPARI-MB","Bellekallu","Billekallu"
"KU_D_TB_ADONI_C","KU_D_TB_ADONI_C-MB","Bellikallu","Ballekallu"
"KU_C_KD_Sanjamala(b)","KU_C_KD_SANJAMALA(B)-MB","Belum","Belum"
"KU_D_TB_ALUR_C","KU_D_TB_ALUR_C-MB","Benigere","Benigeri"
"KU_D_VV_CHIPPAGIRI-B_C","KU_D_VV_CIPPAGIRI-B_C-MB","Benthana-Hal","Bantanahal"
"Ku_c_kd_Panyam(a)","KU_C_KD_PANYAM(A)-MB","Bethamcherla","Bethamcherla-1"
"KU_D_VV_CHIPPAGIRI-B_C","KU_D_VV_CIPPAGIRI-B_C-MB","Bevihal","Bevinhal"
"KU_C_KD_BANAGANAPALLI(a)","KU_C_KD_BANAGANAPALLI(A)-MB","Bhanumukkala","Banumukkala"
"Ku_C_KD_B.Atmakuru(b)","KU_C_KD_B.ATMAKURU(B)-MB","Bhanumukkala","Bhanumukkala"
"KU-D_TB_KOSIGI_C","KU-D_TB_KOSIGI_C-MB","Bhatrabomulapuram","Batra Bommalapuram"
"Ku_C_KD_B.Atmakuru(b)","KU_C_KD_B.ATMAKURU(B)-MB","Bheemavaram","Bheemavaram-1"
"KU_C_KD_Gospadu_c","KU_C_KD_GOSPADU_C-MB","Bheemunipadu","Bheemunipadu"
"Ku_C_KD_B.Atmakuru(b)","KU_C_KD_B.ATMAKURU(B)-MB","Bhojanam","Bhojanam"
"Ku_c_kd_Panyam(a)","KU_C_KD_PANYAM(A)-MB","Bhupanapadu","Bhupanapadu"
"KU-C_KD_Banaganapalli-(C)-C","KU-C_KD_BANAGANAPALLI(C)-MB","Bijinivemula","Bijinavemula"
"Ku_D_TB_Nandikotkuru_C","KU_D_TB_NANDIKOTKURU_C-MB","Bijinivemula","Bijinavemula"
"Ku_C_kd_Miduthuru-c","KU_C_KD_MIDUTHURU-C-MB","Bilakalagudur","Bilakala Gudur"
"Ku_C_Kd_Bandi Atmakuru (a)_c","KU_C_KD_B.ATMAKURU_-C-MB","Billalapuram","Billalapuram"
"Ku_D_TB_Kalluru(a)","KU-D-TB-KALLURU(A)-MB","Boddu vani Palli","Bodduvanipalle"
"Ku_D_TB_Kalluru(a)","KU-D-TB-KALLURU(A)-MB","Boddu vani Palli","Bodduvanipalle"
"KU_C_KD_UYYALAWADA(A)","KU_C_KD_UYYALAWADA(A)-MB","Bodemmanuru","Bodemmanur"
"Ku_d_tb_Veldurthi","KU_D_TB_VELDURTHI-MB","Bogolu","Bhogolu"
"Ku_C_Kd_Bandi Atmakuru (a)_c","KU_C_KD_B.ATMAKURU_-C-MB","Bollavaram","Bollavaram-2"
"KU_D_TB_KALLURU(B)","KU_D_TB_KALLURU(B)-MB","Bollavaram","Bollavaram-2"
"Ku_D_TB_Nandikotkuru_C","KU_D_TB_NANDIKOTKURU_C-MB","Bollavaram","Bollavaram-2"
"Ku_D_LK_J.Bunglow_C","KU_D_LK_J.BUNGLOW_C-MB","Bollavaram (Bhaskarapuram)","Bollavaram"
"KU-D_TB_KOSIGI_C","KU-D_TB_KOSIGI_C-MB","Bompalli","Bompalle"
"KU_C_KD_Sanjamala(a)","KU_C_KD_SANJAMALA(A)-MB","Bondaladinne","Bondaladinne"
"KU_D_TB_Krishnagiri(a)","KU_D_TB_KRISHNAGIRI(A)-MB","Bondimadugula","Bondimadugula"
"KU_C_KD_KOLIMIGUNDLA","KU_C_KD_KOLIMIGUNDLA-MB","Boyala Tadipatri","Boyala Tadipatri"
"KU_C_KD_KOLIMIGUNDLA","KU_C_KD_KOLIMIGUNDLA-MB","Boyala Uppaluru","Boyala Uppalur"
"KU_C-KD_SIRIVELLA_C","KU_C-KD_SIRIVELLA_C-MB","boyalakuntla","Boyalakuntla"
"KU_C_KD_VELUGODU","KU_C_GKD_VELUGODU-MB","Boyarevula","Boyarevula"
"Ku_D_TB_Nandikotkuru_C","KU_D_TB_NANDIKOTKURU_C-MB","Brahmanakotkuru","Brahmanakotkur-1"
"KU_C_KD_Orvakal(c)-Nc","KU_C_KD_ORVAKAL(C)-NC-MB","Brahmanapalle","Brahmanapalle"
"KU_C_KD_Gospadu_c","KU_C_KD_GOSPADU_C-MB","Brahmanapalli","Brahmanapalle-1"
"KU_D_TB_GUDURU_C","KU_D_TB_GUDURU_C-MB","Bramhanadoddi","Brahmanadoddi"
"Ku_C_KD_Allagadda (A)","KU_C_KD_ALLAGADDA (A)-MB","Bramhanapalli","Brahmanapalle-5"
"KU-D-TB-KALLURU(A)","KU_D_TB_KALLURU(A)-MB","Budidapadu","Budidapadu"
"KU_D_TB_PEDDAKADABUR_C","KU_D_TB_PEDDAKADABUR_C-MB","Buduru","Budur"
"Ku_c_kd_Panyam(a)","KU_C_KD_PANYAM(A)-MB","Bugganipalli","Bugganapalli"
"Ku_C_kd_Miduthuru-c","KU_C_KD_MIDUTHURU-C-MB","Bujanur","Bujanur"
"Ku_C_Kd_Bandi Atmakuru (a)_c","KU_C_KD_B.ATMAKURU_-C-MB","Bukkapuram","Bukkapuram-2"
"KU_C_KD_Orvakal(a)-Nc","KU_C_KD_ORVAKAL(A)-NC-MB","Bukkapuram","Bukkapuram-2"
"KU-D-TB-C.BELAGAL_C","KU-D-TB-C.BELAGAL_C-MB","Burandoddi","Burandoddi"
"KU_C_KD_Dornipadu-c","KU_C_KD_DORNIPADU-C-MB","Burrareddy palle","Burrareddipalle"
"KU_P_KD_Owk","KU_P_KD_OWK-MB","Burugula","Burugula"
"KU_D_TB_ALURU","KU_D_TB_ALURU-MB","Buruzula","Burujula"
"KU_D-TB_GONEGANDLA","KU_D-TB_GONEGANDLA-MB","Byluppala","Byluppala"
"KU_C_KD_Gospadu_c","KU_C_KD_GOSPADU_C-MB","Chabolu","Chabolu"
"ku_c_kd_chagalamarri_C","KU_P_KD_CHAGALAMARRI-MB","Chagalamarri","Chagalamarri-1"
"KU_D_VV_CHIPPAGIRI-B_C","KU_D_VV_CIPPAGIRI-B_C-MB","Chaki-Bunda","Chakibanda"
"Ku_D-TB_Aspari(a)","KU_D-TB_ASPARI(A)-MB","Chakkanihalli","Chokkanahalli"
"Ku-d-tb_Pathikonda(a)","KU-D-TB_PATHIKONDA(A)-MB","Chakkaralla","Chakkaralla"
"KU_C_KD_Dornipadu-c","KU_C_KD_DORNIPADU-C-MB","Chakrarajuvemula","Chakarajuvemula"
"KU_D_TB_YEMMIGANUR_C","KU_D_TB_YEMMIGANUR_C-MB","Chamalaguduru","Chamalaguduru"
"Ku_C_kd_Rudravaram (a)","KU_C_KD_RUDRAVARAM NC(A)-MB","Chandaluru","Chandalur-1"
"KU_C_MP_PEAPULLY(B)","KU_C_MP_PEAPULLY(B)-MB","Chandrapalli","Chandrapalle"
"KU_C_KD_Sanjamala(b)","KU_C_KD_SANJAMALA(B)-MB","Chanugondla","Chanugondla-2"
"KU-D-TB-KALLURU(A)","KU_D_TB_KALLURU(A)-MB","Chanugondla","Chanugondla-2"
"KU_D_TB_Krishnagiri(a)","KU_D_TB_KRISHNAGIRI(A)-MB","Chanugondla","Chanugondla-2"
"KU_C_KD_Gospadu_c","KU_C_KD_GOSPADU_C-MB","Chapirevula","Chapirevula"
"Ku_D_lk_Kothapalli(b)","KU_D_LK_KOTHAPALLI (C)-MB","Chelimala","Chelimella"
"Ku_D_Tb_Krishnagiri(b)","KU_D_TB_KRISHNAGIRI(B)-MB","Chellelichelima","Chellelichelimala"
"Ku_c_kd_Panyam(a)","KU_C_KD_PANYAM(A)-MB","Chennakkapalli","Chennakkapalle"
"KU_P_KD_Owk","KU_P_KD_OWK-MB","Chennampalli","Chennampalle-1"
"KU_C_MP_Tuggali(b)","KU_C_MP_TUGGALI(B)-MB","Chennampalli","Chennampalle-1"
"KU_C-KD_SIRIVELLA_C","KU_C-KD_SIRIVELLA_C-MB","Chennuru","Chennur-1"
"KU_C_KD_Banaganapalli(b)","KU_C_KD_BANAGANAPALLI(B)-MB","Cherlokothur","Cherlokothuru"
"KU_P_KD_Owk","KU_P_KD_OWK-MB","Cherlopalli","Cherlapalle"
"Ku_D_LK_Midthuru_C","KU_D_LK_MIDTHURU_C-MB","Cherukucherla","Cherakucherla"
"KU_D_TB_Dhone (b)","KU_D_TB_DHONE (B)-MB","Cherukulapadu","Cherukulapadu"
"KU_D_TB_ASPARI","KU_D_TB_ASPARI-MB","Cherumanudoddi","Chiramandoddi"
"KU-C_KD_Banaganapalli-(C)-C","KU-C_KD_BANAGANAPALLI(C)-MB","Cheruvupalli","Cherupalle"
"KU_D_TB_PEDDAKADABUR_C","KU_D_TB_PEDDAKADABUR_C-MB","Chetnepalli","Chetnihalli"
"Ku_D_TB_Kalluru(a)","KU-D-TB-KALLURU(A)-MB","Chettla Malla Puram","Chetla Mallapuram"
"Ku_D_TB_Kalluru(a)","KU-D-TB-KALLURU(A)-MB","Chettla Malla Puram","Chetla Mallapuram"
"KU_D_TB_ALUR_C","KU_D_TB_ALUR_C-MB","Chigali","Chigeli"
"Ku_c_kd_Panyam(a)","KU_C_KD_PANYAM(A)-MB","Chilakala","Chilakala"
"KU_D_TB_PEDDAKADABUR_C","KU_D_TB_PEDDAKADABUR_C-MB","Chilakaladona","Chilakaladona"
"Ku_C_Kd_Rudravaram (b)","KU_C_KD_RUDRAVARAM (B)-MB","Chilakaluru","Chandalur-1"
"KU_D_TB_ALUR_C","KU_D_TB_ALUR_C-MB","China Gonehalu","Chinna Gonehal"
"KU_D-TB_GONEGANDLA","KU_D-TB_GONEGANDLA-MB","China Pendekal","Chinnapendekal"
"KU_D_TB_ALUR_C","KU_D_TB_ALUR_C-MB","China.Hotturu","Chinnahothur"
"KU-C_KD_Banaganapalli-(C)-C","KU-C_KD_BANAGANAPALLI(C)-MB","Chinakopperla","Chinna Kopperla"
"ku_c_kd_chagalamarri_C","KU_P_KD_CHAGALAMARRI-MB","Chinavangali","Chinna Vangali"
"Ku_C_kd_Miduthuru-c","KU_C_KD_MIDUTHURU-C-MB","Chindhukur","Chindukuru"
"KU_D_TB_HOLAGUNDA_C","KU_D_TB_HOLAGUNDA_C-MB","Chinna Harivanam","Chinna Harivanam"
"KU_D_VV_HOLAGONDA_C","KU_D_VV_HOLAGONDA_C-MB","Chinna Hythi","Chinnahyta"
"KU_D_TB_ADONI_C","KU_D_TB_ADONI_C-MB","Chinna Kadaburu","Chinna Kadubur"
"KU_D_TB_NANDAVARAM_C","KU_D_TB_NANDAVARAM_C-MB","Chinna Kothiliki","Chinnakothiliki"
"KU_D_TB_ADONI_C","KU_D_TB_ADONI_C-MB","Chinna Tumbalam","Chinnatumbalam"
"ku_c_kd_chagalamarri_C","KU_P_KD_CHAGALAMARRI-MB","Chinnabodanam","Chinna Bodhanam"
"Ku-d-tb_Pathikonda(a)","KU-D-TB_PATHIKONDA(A)-MB","Chinnahulthi","Chinna Hulthi"
"Ku_C_Kd_Rudravaram (b)","KU_C_KD_RUDRAVARAM (B)-MB","Chinnakambaluru","Chinna Kambaloor"
"Ku_D_TB_Kalluru(a)","KU-D-TB-KALLURU(A)-MB","Chinnatekuru","Chinna Tekur"
"Ku_D_TB_Kalluru(a)","KU-D-TB-KALLURU(A)-MB","Chinnatekuru","Chinna Tekur"
"KU_D_VV_CHIPPAGIRI-B_C","KU_D_VV_CIPPAGIRI-B_C-MB","Chinta Kunta","Chinthakunta"
"KU_C_KD_Sanjamala(b)","KU_C_KD_SANJAMALA(B)-MB","Chintakunta","Chintakunta-2"
"KU_D_TB_ADONI_C","KU_D_TB_ADONI_C-MB","Chintakunta","Chintakunta"
"ku_c_kd_chagalamarri_C","KU_P_KD_CHAGALAMARRI-MB","Chintalacheruvu","Chintala Cheruvu"
"Ku_C_KD_Allagadda (A)","KU_C_KD_ALLAGADDA (A)-MB","Chinthakommadinne","Chinta Kommadinne"
"KU_C_KD_Orvakal(a)-Nc","KU_C_KD_ORVAKAL(A)-NC-MB","Chinthalapalli","Chintalapalle"
"KU_C_KD_KOLIMIGUNDLA","KU_C_KD_KOLIMIGUNDLA-MB","Chinthalayapalli","Chintalayapalle"
"KU_D_VV_CHIPPAGIRI-B_C","KU_D_VV_CIPPAGIRI-B_C-MB","Chippagiri","Chippagiri-1"
"KU-D_TB_KOSIGI_C","KU-D_TB_KOSIGI_C-MB","Chitranakallu","Chirthanakal"
"KU_D_TB_KOWTHALAM","KU_D_TB_KOWTHALAM-MB","Chitrapalli","Chirtapalle"
"KU_D_TB_Krishnagiri(a)","KU_D_TB_KRISHNAGIRI(A)-MB","Chityala","Chityala-1"
"KU_C_KD_Orvakal(a)-Nc","KU_C_KD_ORVAKAL(A)-NC-MB","Choutukur","Chowtakur-1"
"KU_D_TB_KOWTHALAM","KU_D_TB_KOWTHALAM-MB","Chudi","Chudi"
"Ku_D_Tb_Krishnagiri(b)","KU_D_TB_KRISHNAGIRI(B)-MB","Chunchu Erragudi","Chunchu Yerragudi"
"KU_D_TB_ALUR_C","KU_D_TB_ALUR_C-MB","Chyagi","Chagi"
"KU_D-TB_GONEGANDLA","KU_D-TB_GONEGANDLA-MB","D.Kotakonda","Dudadudi Kotakonda"
"ku_c_kd_chagalamarri_C","KU_P_KD_CHAGALAMARRI-MB","Dadlavanipenta","Dantalavanipenta"
"Ku_D_TB_Nandikotkuru_C","KU_D_TB_NANDIKOTKURU_C-MB","Damagatla","Damagatla"
"KU_D_TB_ADONI_C","KU_D_TB_ADONI_C-MB","Dayalagudem","Dayyalaguddam"
"KU_D_VV_CHIPPAGIRI-B_C","KU_D_VV_CIPPAGIRI-B_C-MB","Dega-Hal","Degalahal"
"Ku_D_TB_Kurnool (c)_NC","KU_D_TB_KURNOOL (C)_NC-MB","Devamadu","Devamada"
"Ku_D-TB_Aspari(a)","KU_D-TB_ASPARI(A)-MB","Devanabanda","Devanabanda"
"KU_D_TB_Devanakonda(a)","KU_D_TB_DEVANAKONDA(A-MB","Devanakonda","Devanakonda-1"
"KU_C_KD_Orvakal(a)-Nc","KU_C_KD_ORVAKAL(A)-NC-MB","Devanur","Devanur"
"KU_D_TB_Dhone(a)","KU_D_TB_DHONE(A)-MB","Devara Banda","Devarabanda"
"KU-D_TB_KOSIGI_C","KU-D_TB_KOSIGI_C-MB","Devarabetta","Devarabetta"
"Ku_C_KD_Allagadda (A)","KU_C_KD_ALLAGADDA (A)-MB","Devarayapuram","Devarayapuram"
"KU_D_TB_PEDDAKADABUR_C","KU_D_TB_PEDDAKADABUR_C-MB","Devibetta","Devibetta"
"KU_D_TB_ALUR_C","KU_D_TB_ALUR_C-MB","Dhanapuram","Dhanapuram"
"KU_D_TB_NANDAVARAM_C","KU_D_TB_NANDAVARAM_C-MB","Dharmapuram","Dharmapuram"
"KU_D_TB_Dhone (b)","KU_D_TB_DHONE (B)-MB","Dhone","Dhone @ Dronachalam"
"KU_C_KD_Gospadu_c","KU_C_KD_GOSPADU_C-MB","Dibaguntla","Deebaguntla-1"
"KU-D_TB_KOSIGI_C","KU-D_TB_KOSIGI_C-MB","Dibbanadoddi","Dibbanadoddi"
"KU_D_TB_ADONI(A)","KU_D_TB_ADONI(A)-MB","Dibbanakal","Dibbanakal-1"
"Ku_D_TB_Kurnool (A)_NC","KU_D_TB_KURNOOL (A)_NC-MB","Diguvupadu","Diguvapadu"
"Ku_D_TB_Kalluru(a)","KU-D-TB-KALLURU(A)-MB","Dinne  Devarapadu","Dinnedevarapadu-1"
"Ku_D_TB_Kalluru(a)","KU-D-TB-KALLURU(A)-MB","Dinne  Devarapadu","Dinnedevarapadu-1"
"KU_D_TB_YEMMIGANUR_C","KU_D_TB_YEMMIGANUR_C-MB","Divamdinne","Divamdinne"
"KU_D_TB_ADONI_C","KU_D_TB_ADONI_C-MB","Doddanagari","Doddanakeri"
"KU_D_TB_KOWTHALAM(A)_C","KU_D_TB_KOWTHALAM(A)_C-MB","Dombaladinne","Dommaladinne"
"KU_C_KD_Dornipadu-c","KU_C_KD_DORNIPADU-C-MB","Dornipadu","Dornipadu-1"
"KU_D_VV_CHIPPAGIRI-B_C","KU_D_VV_CIPPAGIRI-B_C-MB","Doulathapuram","Doulathapuram"
"KU-D_TB_KOSIGI_C","KU-D_TB_KOSIGI_C-MB","Duddi","Duddi"
"Ku_D_Tb_Pathikonda(b)","KU_D_TB_PATHIKONDA(B)-MB","Dudekonda","Dudekonda"
"Ku_D_lk_Kothapalli(b)","KU_D_LK_KOTHAPALLI (C)-MB","Dudyala","Dudyala-1"
"Ku_D_TB_Kalluru(a)","KU-D-TB-KALLURU(A)-MB","Dupadu","Dupadu-1"
"Ku_D_TB_Kalluru(a)","KU-D-TB-KALLURU(A)-MB","Dupadu","Dupadu-1"
"Ku_c_kd_Panyam(a)","KU_C_KD_PANYAM(A)-MB","Durvesi","Durvesi"
"KU_C_KD_Orvakal(b)-Nc","KU_C_KD_ORVAKAL(B)-NC-MB","Eambai","Emboy"
"KU_C_MP_Tuggali(b)","KU_C_MP_TUGGALI(B)-MB","Edduladoddi","Edduladoddi"
"Ku_D-Lk_Kothapalli(d)","KU_D-LK_KOTHAPALLI(D)-MB","Edurupadu","Edurupadu"
"KU_D_TB_KURNOOL","KU_D_TB_KURNOOL-MB","Edururu","Edurur-1"
"Ku_C_Kd_Bandi Atmakuru (a)_c","KU_C_KD_B.ATMAKURU_-C-MB","Eernapadu","Ernapadu-1"
"KU_C_KD_Sanjamala(a)","KU_C_KD_SANJAMALA(A)-MB","Eggoni","Eggoni"
"KU_D_TB_YEMMIGANUR_C","KU_D_TB_YEMMIGANUR_C-MB","Enigabala","Enigabala"
"KU_D_TB_KOWTHALAM(A)_C","KU_D_TB_KOWTHALAM(A)_C-MB","Erigiri","Yerigiri"
"KU_D_TB_Devanakonda(b)","KU_D_TB_DEVANAKONDA(B)-MB","Errabadu","Errabadu"
"KU_C_KD_KOLIMIGUNDLA","KU_C_KD_KOLIMIGUNDLA-MB","Erragudi","Erragudi-1"
"Ku_C_Kd_Rudravaram (b)","KU_C_KD_RUDRAVARAM (B)-MB","Erragudidinna","Erragudidinne"
"Ku_C_KD_Allagadda (A)","KU_C_KD_ALLAGADDA (A)-MB","Erraguntla","Yerragundla"
"Ku_D_Tb_Krishnagiri(b)","KU_D_TB_KRISHNAGIRI(B)-MB","Erukulacheruvu","Yerukalacheruvu"
"KU_D_VV_CHIPPAGIRI-B_C","KU_D_VV_CIPPAGIRI-B_C-MB","Erur","Yerur"
"Ku_C_MP_Tuggali(a)","KU_C_MP_TUGGALI(A)-MB","G.Erragudi","Gooty Erragudi"
"KU_D_TB_ADONI(A)","KU_D_TB_ADONI(A)-MB","G.Hosahalli","G.Hosalli"
"Ku_C_KD_Allagadda (A)","KU_C_KD_ALLAGADDA (A)-MB","G.Jamuladinne","G.Jambuladinne"
"KU_D_TB_KURNOOL","KU_D_TB_KURNOOL-MB","G.Singavaram","G.Singavaram-1"
"Ku_c_kd_Panyam(a)","KU_C_KD_PANYAM(A)-MB","Gadigarevula","Gadigarevula"
"Ku_C_kd_Miduthuru-c","KU_C_KD_MIDUTHURU-C-MB","Gadivemula","Gadivemula-1"
"KU-C_KD_Banaganapalli-(C)-C","KU-C_KD_BANAGANAPALLI(C)-MB","Gaggaturu","Gaggatur"
"KU_D-TB_GONEGANDLA","KU_D-TB_GONEGANDLA-MB","Gajihalli","Ganjihalli"
"KU_D_VV_HOLAGONDA_C","KU_D_VV_HOLAGONDA_C-MB","Gajjehalli","Gajjehalli"
"KU_C-KD_SIRIVELLA_C","KU_C-KD_SIRIVELLA_C-MB","Gajulapalli","Gajulapalle-1"
"Ku_C_Kd_Bandi Atmakuru (a)_c","KU_C_KD_B.ATMAKURU_-C-MB","Galichennayapalem","Gali Chennaiah Palem"
"Ku_D_LK_Midthuru_C","KU_D_LK_MIDTHURU_C-MB","Ganapuram","Ganapuram"
"KU_D_TB_ADONI(A)","KU_D_TB_ADONI(A)-MB","Ganekal","Ganekal-1"
"KU_C-KD_SIRIVELLA_C","KU_C-KD_SIRIVELLA_C-MB","Gangavaram","Gangavaram-2"
"KU_D_TB_PEDDAKADABUR_C","KU_D_TB_PEDDAKADABUR_C-MB","Gangavaram","Gangavaram-2"
"KU_C_KD_Orvakal(c)-Nc","KU_C_KD_ORVAKAL(C)-NC-MB","Gani","Gani-1"
"Ku_D_TB_Kurnool (A)_NC","KU_D_TB_KURNOOL (A)_NC-MB","Gargeyapuram","Gargeyapuram"
"KU_D_TB_YEMMIGANUR_C","KU_D_TB_YEMMIGANUR_C-MB","Garladinne","Garladinne-1"
"KU_D_TB_KOWTHALAM","KU_D_TB_KOWTHALAM-MB","Gavigatti","Gavigatlu"
"KU_C_KD_Sanjamala(b)","KU_C_KD_SANJAMALA(B)-MB","Giddaluru","Giddalur"
"ku_c_kd_chagalamarri_C","KU_P_KD_CHAGALAMARRI-MB","Godigenuru","Godiganuru"
"Ku_D-Lk_Kothapalli(d)","KU_D-LK_KOTHAPALLI(D)-MB","Gokavaram","Gokavaram-1"
"KU_C_KD_BANAGANAPALLI(a)","KU_C_KD_BANAGANAPALLI(A)-MB","Gollagutta","Gollagutta"
"KU_D_TB_ADONI(A)","KU_D_TB_ADONI(A)-MB","Gonanabavi","Gonabavi"
"KU_C_KD_PANYAM(B)","KU_C_KD_PANYAM(B)-MB","Gonavaram","Gonavaram-1"
"Ku_D_TB_Kurnool (c)_NC","KU_D_TB_KURNOOL (C)_NC-MB","Gondiparla","Gondiparla"
"KU_D_TB_YEMMIGANUR_C","KU_D_TB_YEMMIGANUR_C-MB","Gonegondla","Gonegandla-1"
"Ku_C_KD_Allagadda (A)","KU_C_KD_ALLAGADDA (A)-MB","Gopalapuram","Gopalapuram-2"
"Ku_C_Kd_Bandi Atmakuru (a)_c","KU_C_KD_B.ATMAKURU_-C-MB","Gopavaram","Gopavaram-1"
"Ku_D_Tb_Kodumuru(a)","KU_D_TB_KODUMURU(A)-MB","Gorantla","Gorantla-1"
"Ku_c_kd_Panyam(a)","KU_C_KD_PANYAM(A)-MB","Gorukallu","Gorukallu"
"KU_C_KD_Gospadu_c","KU_C_KD_GOSPADU_C-MB","Gospadu","Gospadu-1"
"KU_D_TB_KOWTHALAM","KU_D_TB_KOWTHALAM-MB","Gothuladoddi","Gothuladoddi"
"Ku_C_KD_Allagadda (A)","KU_C_KD_ALLAGADDA (A)-MB","Gotluru","Gotlur"
"Ku_d_tb_Veldurthi","KU_D_TB_VELDURTHI-MB","Govardhanagiri","Govardhanagiri-1"
"KU_C-KD_SIRIVELLA_C","KU_C-KD_SIRIVELLA_C-MB","Govindapalli","Govindpalle"
"KU_C_KD_UYYALAWADA(A)","KU_C_KD_UYYALAWADA(A)-MB","Govindapalli","Govindpalle"
"KU_D_TB_KOWTHALAM","KU_D_TB_KOWTHALAM-MB","Gowdagallu","Gowdegallu"
"Ku_C_KD_Allagadda (A)","KU_C_KD_ALLAGADDA (A)-MB","Gubagundam","Gubagundam"
"KU_D_TB_YEMMIGANUR-B_C","KU_D_TB_YEMMIGANUR-B_C-MB","Gudikal","Gudikal"
"KU_D_TB_KOWTHALAM","KU_D_TB_KOWTHALAM-MB","Gudikamballi","Gudikambali"
"KU-D-TB-KALLURU(A)","KU_D_TB_KALLURU(A)-MB","Gudipadu","Gudipadu-2"
"KU_C_MP_PEAPULLY(B)","KU_C_MP_PEAPULLY(B)-MB","Gudipadu","Gudipadu-2"
"KU_D_TB_GUDURU_C","KU_D_TB_GUDURU_C-MB","Guduru","Gudur-1"
"KU_C_KD_Banaganapalli(b)","KU_C_KD_BANAGANAPALLI(B)-MB","Gulamaliabad","Gulamaliabad"
"KU_C_KD_Sanjamala(a)","KU_C_KD_SANJAMALA(A)-MB","Gulamnabipeta","Gulam Nabipeta"
"KU_C_KD_Sanjamala(b)","KU_C_KD_SANJAMALA(B)-MB","Gulladurthi","Gulladurthi-1"
"KU_D_V V_ halaharvi(a)","KU_D_V V_ HALAHARVI(A)-MB","Gulyam","Gulyam-1"
"Ku_D-Lk_Kothapalli(d)","KU_D-LK_KOTHAPALLI(D)-MB","Gummadapuram","Gummadapuram"
"KU_D_VV_CHIPPAGIRI-B_C","KU_D_VV_CIPPAGIRI-B_C-MB","Gummanuru","Gummanur"
"Ku_C_KD_Allagadda (A)","KU_C_KD_ALLAGADDA (A)-MB","Gumperamanudinne","Gumparamandinne"
"KU_P_KD_Owk","KU_P_KD_OWK-MB","Gundla Singavaram","Gundla Singavaram"
"Ku_D_Tb_Krishnagiri(b)","KU_D_TB_KRISHNAGIRI(B)-MB","Gundlakonda","Gundlakonda-1"
"KU-D-TB-C.BELAGAL_C","KU-D-TB-C.BELAGAL_C-MB","Gundrevula","Gundrevula-1"
"KU_C_KD_Gospadu_c","KU_C_KD_GOSPADU_C-MB","Gundupapala","Gundupapala"
"Ku_C_KD_B.Atmakuru(b)","KU_C_KD_B.ATMAKURU(B)-MB","Guntakandanala","Gunthakandala"
"KU_C_KD_Gospadu_c","KU_C_KD_GOSPADU_C-MB","Guntanala","Gunthanala"
"KU_D_TB_YEMMIGANUR-B_C","KU_D_TB_YEMMIGANUR-B_C-MB","Gurajala","Gurujala"
"KU_D_TB_KOWTHALAM","KU_D_TB_KOWTHALAM-MB","Gurraladoddi","Gurraladoddi"
"KU_C_KD_Orvakal(a)-Nc","KU_C_KD_ORVAKAL(A)-NC-MB","Guttapadu","Guttapadu"
"KU_C_KD_Banaganapalli(b)","KU_C_KD_BANAGANAPALLI(B)-MB","Gutupalli","Gutupalle"
"KU_D_LK_SRISAILAM(b)","KU_D_LK_SRISAILAM(B)-MB","Guvvalakuntla","Guvvalakunta"
"Ku_D_Tb_Kodumuru(a)","KU_D_TB_KODUMURU(A)-MB","H.Kyaravadi","Handri Khairawadi"
"KU_D_V V_ halaharvi(a)","KU_D_V V_ HALAHARVI(A)-MB","Halaharvi","Halaharvi-2"
"KU_D_TB_NANDAVARAM_C","KU_D_TB_NANDAVARAM_C-MB","Halaharvi","Halaharvi-2"
"KU_D_TB_ALUR_C","KU_D_TB_ALUR_C-MB","Halebidu","Hulebeedu"
"KU_D_TB_ASPARI","KU_D_TB_ASPARI-MB","Halegeri","Haligera"
"KU_D_TB_KOWTHALAM","KU_D_TB_KOWTHALAM-MB","Halvi","Halvi-1"
"KU_C_MP_Tuggali(b)","KU_C_MP_TUGGALI(B)-MB","Hampa","Hampa"
"KU_D_TB_ADONI(A)","KU_D_TB_ADONI(A)-MB","Hanavalu","Hanavalu"
"KU_C_KD_KOLIMIGUNDLA","KU_C_KD_KOLIMIGUNDLA-MB","Hanumanthagundam","Hanumanthagundam"
"KU_D_V V _Chippagiri -c-(b)","KU_D_V V _CHIPPAGIRI -C-(B)-MB","Hardaragiri","Hardagiri"
"KU_C_KD_Dornipadu-c","KU_C_KD_DORNIPADU-C-MB","Harivaram","Harivaram"
"KU_D_V V_ halaharvi(a)","KU_D_V V_ HALAHARVI(A)-MB","Hattibelagal","Hathi Belgal"
"KU_D_TB_HOLAGUNDA_C","KU_D_TB_HOLAGUNDA_C-MB","Hebbatam","Hebbatam"
"KU_D_TB_PEDDAKADABUR_C","KU_D_TB_PEDDAKADABUR_C-MB","Hissaramuruvani","Hissara Murvari"
"KU_D_VV_HOLAGONDA_C","KU_D_VV_HOLAGONDA_C-MB","Holagonda","Holagunda-1"
"KU_D_VV_HOLAGONDA_C","KU_D_VV_HOLAGONDA_C-MB","Honnuru","Honnur"
"KU_D_TB_ADONI(A)","KU_D_TB_ADONI(A)-MB","Honnuru (Huvvanur)","Huvvanur"
"Ku-d-tb_Pathikonda(a)","KU-D-TB_PATHIKONDA(A)-MB","Hosur","Hosur"
"KU_C_KD_Sanjamala(a)","KU_C_KD_SANJAMALA(A)-MB","Hotramanudinne","Hothramandinne"
"KU_D_TB_ADONI_C","KU_D_TB_ADONI_C-MB","Hulikanivi","Hulikanvi"
"KU_C_KD_BANAGANAPALLI(a)","KU_C_KD_BANAGANAPALLI(A)-MB","Hussainapuram","Hussainapuram"
"KU_C_KD_Orvakal(b)-Nc","KU_C_KD_ORVAKAL(B)-NC-MB","Hussainapuram","Hussainapuram"
"KU_D_TB_PEDDAKADABUR_C","KU_D_TB_PEDDAKADABUR_C-MB","Ibharampuram","Ibharampuram"
"KU_C_KD_Sanjamala(a)","KU_C_KD_SANJAMALA(A)-MB","Illurukothapeta","Illurukothapalle"
"KU_D_LK_Atmakuru(a)","KU_D_LK_ATMAKURU(A)-MB","Indireswaram","Indireswaram"
"KU_D_TB_HOLAGUNDA_C","KU_D_TB_HOLAGUNDA_C-MB","Ingaladahal","Ingaladahal"
"KU_C_KD_Dornipadu-c","KU_C_KD_DORNIPADU-C-MB","Injudu","Injedu"
"KU-D_TB_KOSIGI_C","KU-D_TB_KOSIGI_C-MB","Irnagallu","Irangal"
"Ku_D_lk_Kothapalli(b)","KU_D_LK_KOTHAPALLI (C)-MB","Iskala","Iskala"
"KU_D_TB_ADONI(A)","KU_D_TB_ADONI(A)-MB","Isvi","Isvi"
"KU_D_TB_KOWTHALAM(A)_C","KU_D_TB_KOWTHALAM(A)_C-MB","Itchenahal","Echalahal"
"KU_C_KD_Sanjamala(b)","KU_C_KD_SANJAMALA(B)-MB","Itikyala","Itikala"
"KU_D_V V_ halaharvi(a)","KU_D_V V_ HALAHARVI(A)-MB","J.Hosahalli","J.Hosahalli"
"KU_D_TB_Dhone (b)","KU_D_TB_DHONE (B)-MB","Jagadurthi","Jagadurthi-1"
"KU_C_MP_PEAPULLY(B)","KU_C_MP_PEAPULLY(B)-MB","Jakkasanikunta","Jakkasanikuntla"
"KU_C_KD_PEAPULLY_(A)_NC","KU_C_KD_PEAPULLY-MB","Jaladurgam","Jaladurgam-1"
"KU_C_KD_Orvakal(a)-Nc","KU_C_KD_ORVAKAL(A)-NC-MB","Jalakanur","Jalakanur"
"KU_D_TB_PEDDAKADABUR_C","KU_D_TB_PEDDAKADABUR_C-MB","Jalawadi","Jalvadi"
"KU_C_KD_Sanjamala(a)","KU_C_KD_SANJAMALA(A)-MB","Jambuladinne","Jambuladinne"
"KU-D_TB_KOSIGI_C","KU-D_TB_KOSIGI_C-MB","Jampapuram","Jampapuram"
"Ku_C_KD_Allagadda (A)","KU_C_KD_ALLAGADDA (A)-MB","Jeenepalli","Jeenepalle"
"KU_D_TB_Devanakonda(a)","KU_D_TB_DEVANAKONDA(A-MB","Jilledubudukala","Jilledubudakala"
"KU-C_KD_Banaganapalli-(C)-C","KU-C_KD_BANAGANAPALLI(C)-MB","Jillela","Jillella"
"KU_C_KD_Gospadu_c","KU_C_KD_GOSPADU_C-MB","Jillella","Jillela"
"KU_D_TB_NANDAVARAM_C","KU_D_TB_NANDAVARAM_C-MB","Joharapuram","Joharapuram-2"
"KU_D_TB_ALURU","KU_D_TB_ALURU-MB","Joharapuram","Joharapuram-2"
"Ku_D_TB_Kurnool (A)_NC","KU_D_TB_KURNOOL (A)_NC-MB","Johrapuram","Joharapuram"
"KU_C_KD_Gospadu_c","KU_C_KD_GOSPADU_C-MB","Joladarasi","Joladarasi"
"KU_C_MP_Tuggali(b)","KU_C_MP_TUGGALI(B)-MB","Jonnagiri","Jonnagiri-1"
"KU_D_TB_GUDURU_C","KU_D_TB_GUDURU_C-MB","Julakallu","Julakallu"
"KU_C_KD_Gospadu_c","KU_C_KD_GOSPADU_C-MB","Julepalle","Julepalle"
"KU_D_TB_KOWTHALAM","KU_D_TB_KOWTHALAM-MB","Jumaladinne","Zumaladinne"
"KU_P_KD_Owk","KU_P_KD_OWK-MB","Junuthala","Junuthala"
"Ku_D_lk_Kothapalli(b)","KU_D_LK_KOTHAPALLI (C)-MB","Juturu","Jutur"
"Ku_D-TB_Aspari(a)","KU_D-TB_ASPARI(A)-MB","Juturu","Jutur"
"KU_C_KD_Banaganapalli(b)","KU_C_KD_BANAGANAPALLI(B)-MB","Jwalapuram","Jwalapuram"
"KU_D_TB_ADONI_C","KU_D_TB_ADONI_C-MB","Jyalimanchi","Jalibenchi"
"KU-D-TB-KALLURU(A)","KU_D_TB_KALLURU(A)-MB","K.Markapuram","K.Markapuram"
"KU-D-TB-KALLURU(A)","KU_D_TB_KALLURU(A)-MB","K.Nagalapuram","Kuruvanagalapuram"
"KU_D_TB_YEMMIGANUR-B_C","KU_D_TB_YEMMIGANUR-B_C-MB","K.Thimmapuram","K.Thimmapuram"
"KU-D_TB_KOSIGI_C","KU-D_TB_KOSIGI_C-MB","Kachapuram","Kachapuram"
"Ku_C_MP_Tuggali(a)","KU_C_MP_TUGGALI(A)-MB","Kadamakuntla","Kandamakuntla"
"Ku_C_Kd_Bandi Atmakuru (a)_c","KU_C_KD_B.ATMAKURU_-C-MB","Kadamalakalva","Kadamalakalva"
"KU-D_TB_KOSIGI_C","KU-D_TB_KOSIGI_C-MB","Kadidoddi","Kadidoddi"
"KU_D_TB_YEMMIGANUR_C","KU_D_TB_YEMMIGANUR_C-MB","Kadimetla","Kadimetla"
"KU_D_TB_ADONI(A)","KU_D_TB_ADONI(A)-MB","Kadithota","Kadithota"
"KU_D-TB_GONEGANDLA","KU_D-TB_GONEGANDLA-MB","Kadivella","Kadivella"
"Ku_D_LK_Midthuru_C","KU_D_LK_MIDTHURU_C-MB","Kadumuru","Kadumur"
"KU-D_TB_KOSIGI_C","KU-D_TB_KOSIGI_C-MB","Kaggallu","Kaggallu"
"KU-C_KD_Banaganapalli-(C)-C","KU-C_KD_BANAGANAPALLI(C)-MB","Kaipa","Kyapa"
"KU_C_KD_UYYALAWADA(A)","KU_C_KD_UYYALAWADA(A)-MB","Kakarawada","Kakarawada"
"Ku_C_Kd_Bandi Atmakuru (a)_c","KU_C_KD_B.ATMAKURU_-C-MB","Kakunuru","Kakanur"
"Ku_C_MP_Tuggali(a)","KU_C_MP_TUGGALI(A)-MB","Kalachetla","Kalachetla"
"KU-D_TB_KOSIGI_C","KU-D_TB_KOSIGI_C-MB","Kalavalagundu","Kalavalagundu"
"KU_C_KD_Sanjamala(b)","KU_C_KD_SANJAMALA(B)-MB","Kalavatala","Kalvatala"
"KU_D_TB_PEDDAKADABUR_C","KU_D_TB_PEDDAKADABUR_C-MB","Kalladevakunta","Kalludevakunta"
"KU_D_TB_PEDDAKADABUR_C","KU_D_TB_PEDDAKADABUR_C-MB","Kallakunta","Kallukunta"
"KU_D_TB_ADONI(A)","KU_D_TB_ADONI(A)-MB","Kallubavi","Kallubavi"
"KU_C_KD_Gospadu_c","KU_C_KD_GOSPADU_C-MB","Kallugotla","Kalugotla-3"
"KU-D-TB-KALLURU(A)","KU_D_TB_KALLURU(A)-MB","Kalluru","KALLUR-1"
"KU_D_TB_YEMMIGANUR-B_C","KU_D_TB_YEMMIGANUR-B_C-MB","Kalugotla","Kalugotla-1"
"Ku_D_TB_Kalluru(a)","KU-D-TB-KALLURU(A)-MB","Kalugotla","Kalugotla-1"
"Ku_D_TB_Kalluru(a)","KU-D-TB-KALLURU(A)-MB","Kalugotla","Kalugotla-1"
"Ku_C_KD_Allagadda (A)","KU_C_KD_ALLAGADDA (A)-MB","Kalugotlapalli","Kalugotlapalle"
"KU_C_KD_Orvakal(b)-Nc","KU_C_KD_ORVAKAL(B)-NC-MB","Kalva","Kalva"
"Ku_d_tb_Veldurthi","KU_D_TB_VELDURTHI-MB","Kamaganikuntla","Kamaganikuntla"
"KU_C_KD_Sanjamala(a)","KU_C_KD_SANJAMALA(A)-MB","Kamalapuri","Kamalapuri"
"KU-D_TB_KOSIGI_C","KU-D_TB_KOSIGI_C-MB","Kamandoddi","Kamandoddi"
"KU_D_TB_KOWTHALAM(A)_C","KU_D_TB_KOWTHALAM(A)_C-MB","Kamavaram","Kamavaram"
"KU_D_TB_NANDAVARAM_C","KU_D_TB_NANDAVARAM_C-MB","Kambadahall","Kambadahal-1"
"KU_D_TB_YEMMIGANUR_C","KU_D_TB_YEMMIGANUR_C-MB","Kambadalhal","Kambadahal"
"KU_D_TB_PEDDAKADABUR_C","KU_D_TB_PEDDAKADABUR_C-MB","Kambaladinne","Kambaladinne"
"KU_D_TB_KOWTHALAM","KU_D_TB_KOWTHALAM-MB","Kambalanuru","Kumbalanur"
"Ku_D_Tb_Krishnagiri(b)","KU_D_TB_KRISHNAGIRI(B)-MB","Kambalapadu","Kambalapadu-1"
"Ku_D_lk_Kothapalli(b)","KU_D_LK_KOTHAPALLI (C)-MB","Kambhalapalli","Kambalapalle"
"KU_C-KD_SIRIVELLA_C","KU_C-KD_SIRIVELLA_C-MB","Kaminenipalli","Kaminenipalle"
"KU_D_V V _Chippagiri -c-(b)","KU_D_V V _CHIPPAGIRI -C-(B)-MB","Kaminihal","Kaminahal"
"KU_C_KD_Gospadu_c","KU_C_KD_GOSPADU_C-MB","Kampamalla","Kampamalla"
"KU_D_TB_YEMMIGANUR-B_C","KU_D_TB_YEMMIGANUR-B_C-MB","Kanakaveedu","Kanakaveedu"
"KU_C_KD_Gospadu_c","KU_C_KD_GOSPADU_C-MB","Kanala","Kanala"
"KU_C_KD_Sanjamala(b)","KU_C_KD_SANJAMALA(B)-MB","Kanala","Kanala"
"KU_C-KD_SIRIVELLA_C","KU_C-KD_SIRIVELLA_C-MB","Kanalapalli","Kanalapalle"
"KU_D-TB_GONEGANDLA","KU_D-TB_GONEGANDLA-MB","Kandanati","Kandanathi"
"KU-D_TB_KOSIGI_C","KU-D_TB_KOSIGI_C-MB","Kandukuru","Kandukur-2"
"KU_C_KD_Orvakal(a)-Nc","KU_C_KD_ORVAKAL(A)-NC-MB","Kannamadakala","Kannamadakala"
"KU_D_TB_ADONI_C","KU_D_TB_ADONI_C-MB","Kapati","Kapati"
"KU_D_TB_Devanakonda(b)","KU_D_TB_DEVANAKONDA(B)-MB","Kapatralla","Kappatralla"
"KU-C_KD_Banaganapalli-(C)-C","KU-C_KD_BANAGANAPALLI(C)-MB","Kapulapalli","Kapulapalle"
"KU_D_TB_HOLAGUNDA_C","KU_D_TB_HOLAGUNDA_C-MB","Karadigudam","Karadiguddam"
"KU_D_TB_KOWTHALAM","KU_D_TB_KOWTHALAM-MB","Karani","Karani-1"
"Ku_C_KD_B.Atmakuru(b)","KU_C_KD_B.ATMAKURU(B)-MB","Karimaddela","Karimaddala"
"KU_D_TB_Devanakonda(a)","KU_D_TB_DEVANAKONDA(A-MB","Karivemula","Karivemula"
"Ku_D_lk_Kothapalli(b)","KU_D_LK_KOTHAPALLI (C)-MB","Karivena","Karivena"
"KU_D-TB_GONEGANDLA","KU_D-TB_GONEGANDLA-MB","Karumanchi","Karumanchi"
"KU_D_TB_ALUR_C","KU_D_TB_ALUR_C-MB","Katariki","Katriki-1"
"KU_D_TB_Krishnagiri(a)","KU_D_TB_KRISHNAGIRI(A)-MB","Katarukonda","Katarakonda"
"KU_C_KD_Banaganapalli(b)","KU_C_KD_BANAGANAPALLI(B)-MB","Katikavanikunta","Katikavanikunta"
"KU_D_TB_KOWTHALAM","KU_D_TB_KOWTHALAM-MB","Katriki","Katriki"
"Ku_D_TB_Kurnool (A)_NC","KU_D_TB_KURNOOL (A)_NC-MB","Kethavaram","Kethavaram"
"KU_D_VV_CHIPPAGIRI-B_C","KU_D_VV_CIPPAGIRI-B_C-MB","Khajipuram","Khajipuram"
"Ku_D_Tb_Kodumuru(a)","KU_D_TB_KODUMURU(A)-MB","Kodumuru","Kodumur-1"
"KU_D_VV_HOLAGONDA_C","KU_D_VV_HOLAGONDA_C-MB","Kogilathota","Kogilathota"
"KU_C_KD_Sanjamala(b)","KU_C_KD_SANJAMALA(B)-MB","Koilkuntla","Koilkuntla-1"
"KU_D_VV_CHIPPAGIRI-B_C","KU_D_VV_CIPPAGIRI-B_C-MB","Kokkarachedu","Kokkarachedu"
"Ku_D_lk_Kothapalli(b)","KU_D_LK_KOTHAPALLI (C)-MB","Kokkarancha","Kokkerancha"
"KU_C_KD_Sanjamala(b)","KU_C_KD_SANJAMALA(B)-MB","Kolimigundla","Kolimigundla-1"
"Ku_c_kd_Panyam(a)","KU_C_KD_PANYAM(A)-MB","Kolumulapalli","Kolumulapalle"
"KU_C_KD_Orvakal(b)-Nc","KU_C_KD_ORVAKAL(B)-NC-MB","Komaravolu","Komarolu-1"
"KU_D_TB_ALUR_C","KU_D_TB_ALUR_C-MB","Kommarachedu","Kammarachedu-1"
"KU_C_MP_PEAPULLY(B)","KU_C_MP_PEAPULLY(B)-MB","Kommemarri","Kommemarri"
"Ku_c_kd_Panyam(a)","KU_C_KD_PANYAM(A)-MB","Kondajuturu","Kondajutur"
"Ku_C_kd_Rudravaram (a)","KU_C_KD_RUDRAVARAM NC(A)-MB","Kondamayapalli","Kondamayapalle"
"Ku_C_KD_Allagadda (A)","KU_C_KD_ALLAGADDA (A)-MB","Kondapuram","Kondapuram-1"
"KU_C_KD_Dornipadu-c","KU_C_KD_DORNIPADU-C-MB","Kondupalli","Kondupalle"
"Ku_D_TB_Kalluru(a)","KU-D-TB-KALLURU(A)-MB","Konganapadu","Konganapadu"
"Ku_D_TB_Kalluru(a)","KU-D-TB-KALLURU(A)-MB","Konganapadu","Konganapadu"
"KU_C_KD_PANYAM(B)","KU_C_KD_PANYAM(B)-MB","Konidedu","Konidedu"
"Ku_D_TB_Nandikotkuru_C","KU_D_TB_NANDIKOTKURU_C-MB","Konidyala","Konidela-1"
"Ku_C_kd_Miduthuru-c","KU_C_KD_MIDUTHURU-C-MB","Korapoluru","Korrapolur"
"Ku_c_kd_Panyam(a)","KU_C_KD_PANYAM(A)-MB","Koratamaddi","Koratamaddi"
"KU_C_KD_KOLIMIGUNDLA","KU_C_KD_KOLIMIGUNDLA-MB","Korumanpalli","Korumanipalle"
"KU-D_TB_KOSIGI_C","KU-D_TB_KOSIGI_C-MB","Kosigi","Kosigi-1"
"Ku_C_KD_Allagadda (A)","KU_C_KD_ALLAGADDA (A)-MB","Kotakandukuru","Kotha Kandukur"
"Ku_C_Kd_Rudravaram (b)","KU_C_KD_RUDRAVARAM (B)-MB","Kotakonda","Kotakonda"
"KU_C_KD_Sanjamala(b)","KU_C_KD_SANJAMALA(B)-MB","Kotapadu","Kotapadu-4"
"KU_C-KD_SIRIVELLA_C","KU_C-KD_SIRIVELLA_C-MB","Kotapadu","Kotapadu-4"
"KU_D_TB_Dhone(a)","KU_D_TB_DHONE(A)-MB","Kotchervu","Kocheruvu"
"KU_D_TB_KOWTHALAM","KU_D_TB_KOWTHALAM-MB","Kotedoddi","Katedoddi"
"KU_D_TB_PEDDAKADABUR_C","KU_D_TB_PEDDAKADABUR_C-MB","Kotekallu","Kotekal"
"KU_D_TB_Dhone (b)","KU_D_TB_DHONE (B)-MB","Kothaburuju","Kotha Buruju"
"KU_D_TB_GUDURU_C","KU_D_TB_GUDURU_C-MB","Kothakota","Kothakota-1"
"KU_D_TB_Dhone(a)","KU_D_TB_DHONE(A)-MB","Kothakota","Kothakota-1"
"Ku_C_Kd_Bandi Atmakuru (a)_c","KU_C_KD_B.ATMAKURU_-C-MB","Kothapalli","Kothapalle-2"
"KU_C_KD_Sanjamala(b)","KU_C_KD_SANJAMALA(B)-MB","Kothapalli","Kothapalle-2"
"KU_C_KD_Banaganapalli(b)","KU_C_KD_BANAGANAPALLI(B)-MB","Kothapalli","Kothapalle-2"
"Ku_D-Lk_Kothapalli(d)","KU_D-LK_KOTHAPALLI(D)-MB","Kothapalli","Kothapalle-2"
"Ku_C_Kd_Bandi Atmakuru (a)_c","KU_C_KD_B.ATMAKURU_-C-MB","Kottala","Kottala"
"KU-C_KD_Banaganapalli-(C)-C","KU-C_KD_BANAGANAPALLI(C)-MB","Kotturu","Kothuru-1"
"Ku_c_kd_Panyam(a)","KU_C_KD_PANYAM(A)-MB","Kowluru","Kowlur"
"KU_D_TB_KOWTHALAM(A)_C","KU_D_TB_KOWTHALAM(A)_C-MB","Kowthalam","Kowthalam-1"
"KU_C_KD_Banaganapalli(b)","KU_C_KD_BANAGANAPALLI(B)-MB","Krishnagiri","Krishnagiri-2"
"Ku_D_Tb_Krishnagiri(b)","KU_D_TB_KRISHNAGIRI(B)-MB","Krishnagiri","Krishnagiri-2"
"KU_C_KD_ALLAGADDA","KU_C_KD_ALLAGADDA-MB","Krishnapuram","R.Krishnapuram"
"Ku_D_Lk_Atmakuru(b)","KU_D_LK_ATMAKURU(B)-MB","Krishnapuram","R.Krishnapuram"
"KU_C_KD_Dornipadu-c","KU_C_KD_DORNIPADU-C-MB","Kristipadu","Krislipadu"
"KU_D_TB_YEMMIGANUR_C","KU_D_TB_YEMMIGANUR_C-MB","Kulumala","Kulumala"
"KU_D_V V _Chippagiri -c-(b)","KU_D_V V _CHIPPAGIRI -C-(B)-MB","Kundanakurthy","Kundanagurthi"
"KU_D_TB_Devanakonda(a)","KU_D_TB_DEVANAKONDA(A-MB","Kunkanur","Kunkanur"
"KU_C_KD_VELUGODU","KU_C_GKD_VELUGODU-MB","Kunta (U.I)","Abbirajukunta"
"KU_D_TB_KOWTHALAM(A)_C","KU_D_TB_KOWTHALAM(A)_C-MB","Kunthanahallu","Kuntanahal"
"KU_P_KD_Owk","KU_P_KD_OWK-MB","Kunukuntla","Kunukuntla"
"KU_D_TB_ADONI_C","KU_D_TB_ADONI_C-MB","Kuppagallu","Kuppagal"
"KU_D_TB_KURNOOL","KU_D_TB_KURNOOL-MB","Kurnool","Kurnool (Rural)"
"KU_D_TB_Devanakonda(b)","KU_D_TB_DEVANAKONDA(B)-MB","Kurnoor","Kurnur"
"KU_D_VV_HOLAGONDA_C","KU_D_VV_HOLAGONDA_C-MB","Kuruhalli","Kurulehalli"
"KU_D_TB_HOLAGUNDA_C","KU_D_TB_HOLAGUNDA_C-MB","Kurukunda","Kurukunda"
"KU_D_LK_Atmakuru(a)","KU_D_LK_ATMAKURU(A)-MB","Kurukunda","Kurukunda"
"KU_D_V V_ halaharvi(a)","KU_D_V V_ HALAHARVI(A)-MB","Kuruvalli","Kuruvalli"
"KU_D_TB_ASPARI","KU_D_TB_ASPARI-MB","Kyruppala","Khyruppala"
"Ku_d_tb_Veldurthi","KU_D_TB_VELDURTHI-MB","L.Banda","Lanja Banda"
"Ku_D_Tb_Kodumuru(a)","KU_D_TB_KODUMURU(A)-MB","Laddagiri","Laddagiri"
"Ku_D_Tb_Krishnagiri(b)","KU_D_TB_KRISHNAGIRI(B)-MB","Lakkasagaram","Lakkasagaram"
"Ku_D_LK_Pagidyala-C","KU_D_LK_PAGIDYALA_C-MB","Lakshmipuram","Laxmapuram"
"KU_D_TB_KALLURU(B)","KU_D_TB_KALLURU(B)-MB","Laxmipuram","Laxmipuram"
"KU_D_TB_HOLAGUNDA_C","KU_D_TB_HOLAGUNDA_C-MB","Lingada halli","Lingadahalli"
"KU_C_KD_Gospadu_c","KU_C_KD_GOSPADU_C-MB","Lingala","Lingala-1"
"KU_D_TB_Devanakonda(b)","KU_D_TB_DEVANAKONDA(B)-MB","Lingamdinne","Lingamdinne"
"KU_D_TB_KOWTHALAM(A)_C","KU_D_TB_KOWTHALAM(A)_C-MB","Lingamdinne","Lingamdinne"
"KU_D_TB_Krishnagiri(a)","KU_D_TB_KRISHNAGIRI(A)-MB","Linganeniddoddi","Linganenidoddi"
"Ku_D_LK_Midthuru_C","KU_D_LK_MIDTHURU_C-MB","Lingapuram","Lingapuram"
"Ku_D_TB_Kurnool (A)_NC","KU_D_TB_KURNOOL (A)_NC-MB","Loddipalli","Loddipalle"
"KU_C_MP_Tuggali(b)","KU_C_MP_TUGGALI(B)-MB","M.Agraharam","Maddikera Agraharam"
"KU_C_KD_Gospadu_c","KU_C_KD_GOSPADU_C-MB","M.Chintakunta","M.Chintakunta"
"KU_C_KD_Gospadu_c","KU_C_KD_GOSPADU_C-MB","M.Krishnapuram","M.Krishnapuram"
"KU_C_KD_Gospadu_c","KU_C_KD_GOSPADU_C-MB","M.Uppaluru","Mogalai Uppalur"
"KU_D_V V_ halaharvi(a)","KU_D_V V_ HALAHARVI(A)-MB","Machanuru","Machanur"
"KU_D_TB_NANDAVARAM_C","KU_D_TB_NANDAVARAM_C-MB","Machapuram","Machapuram-1"
"KU_D_VV_HOLAGONDA_C","KU_D_VV_HOLAGONDA_C-MB","Maddatamagi","Muddatamagi"
"Ku_D_TB_Nandikotkuru_C","KU_D_TB_NANDIKOTKURU_C-MB","Maddigatla","Maddigatla"
"KU_C_MP_Tuggali(b)","KU_C_MP_TUGGALI(B)-MB","Maddikera(E)","Maddikera (East)"
"KU_D_TB_ALURU","KU_D_TB_ALURU-MB","Maddikera(N)","Maddikera (North)"
"KU_C_MP_Tuggali(b)","KU_C_MP_TUGGALI(B)-MB","Maddikera(W)","Maddikera (West)"
"KU_D_TB_HOLAGUNDA_C","KU_D_TB_HOLAGUNDA_C-MB","Maddilingalahalli","Maddi Lingadahalli"
"Ku_C_KD_B.Atmakuru(b)","KU_C_KD_B.ATMAKURU(B)-MB","Madduru","Maddur-1"
"ku_c_kd_chagalamarri_C","KU_P_KD_CHAGALAMARRI-MB","Madduru","Maddur-1"
"KU_C_KD_Gospadu_c","KU_C_KD_GOSPADU_C-MB","Madduru","Maddur-1"
"KU_D_TB_ADONI_C","KU_D_TB_ADONI_C-MB","Madhavaram","Madhavaram-7"
"KU_C_KD_PEAPULLY_(A)_NC","KU_C_KD_PEAPULLY-MB","Madhavaram","Madhavaram-7"
"KU_D_TB_ADONI(A)","KU_D_TB_ADONI(A)-MB","Madire","Madire-1"
"KU_D_TB_KOWTHALAM","KU_D_TB_KOWTHALAM-MB","Madire","Madire"
"KU_C-KD_SIRIVELLA_C","KU_C-KD_SIRIVELLA_C-MB","Mahadevapuram","Mahadevapuram"
"KU_D_TB_PEDDAKADABUR_C","KU_D_TB_PEDDAKADABUR_C-MB","Malakapuram","Malakapuram"
"KU_D_TB_ADONI_C","KU_D_TB_ADONI_C-MB","Malapalli","Malapalle"
"KU_D_TB_YEMMIGANUR-B_C","KU_D_TB_YEMMIGANUR-B_C-MB","Malasomapuram","Malasomapuram"
"KU_C_KD_PEAPULLY_(A)_NC","KU_C_KD_PEAPULLY-MB","Malkapuram","Malkapuram-1"
"KU_D_TB_KOWTHALAM","KU_D_TB_KOWTHALAM-MB","Mallanahatti","Mallanahatti"
"KU_D_TB_GUDURU_C","KU_D_TB_GUDURU_C-MB","Mallapuram","Mallapuram"
"Ku_d_tb_Veldurthi","KU_D_TB_VELDURTHI-MB","Mallepalli","Mallepalle"
"Ku_C_KD_Allagadda (A)","KU_C_KD_ALLAGADDA (A)-MB","Mallevemula","Nallavemula"
"KU_D_VV_CHIPPAGIRI-B_C","KU_D_VV_CIPPAGIRI-B_C-MB","Mallikajruna Hal","Mallikarjunahalli"
"Ku_D_TB_Nandikotkuru_C","KU_D_TB_NANDIKOTKURU_C-MB","Malyala","Malyala"
"KU_D_TB_KURNOOL","KU_D_TB_KURNOOL-MB","Mamidalapadu","Mamidalapadu"
"Ku_C_kd_Miduthuru-c","KU_C_KD_MIDUTHURU-C-MB","Manchalakatta","Manchalakatta"
"KU_D_TB_ADONI(A)","KU_D_TB_ADONI(A)-MB","Mandagiri","Mandagiri (Rural)"
"Ku_C_kd_Rudravaram (a)","KU_C_KD_RUDRAVARAM NC(A)-MB","Mandaluru","Mandaloor"
"Ku_D_LK_J.Bunglow_C","KU_D_LK_J.BUNGLOW_C-MB","Mandlam","Mandlem"
"KU_C_KD_Sanjamala(b)","KU_C_KD_SANJAMALA(B)-MB","Mangapalle","Mangapalle"
"KU_D_TB_ALUR_C","KU_D_TB_ALUR_C-MB","Manikurti","Manikurthi"
"KU_D_TB_Devanakonda(b)","KU_D_TB_DEVANAKONDA(B)-MB","Mannekunta","Mannegunta"
"KU_D_TB_PEDDAKADABUR_C","KU_D_TB_PEDDAKADABUR_C-MB","Mantralayam","Manchala-1"
"KU_D_TB_ADONI_C","KU_D_TB_ADONI_C-MB","Mantriki","Mantriki"
"KU_D_TB_ALUR_C","KU_D_TB_ALUR_C-MB","Marakattu","Marakattu"
"KU_D_VV_HOLAGONDA_C","KU_D_VV_HOLAGONDA_C-MB","Marla madiki","Marlamadiki-1"
"Ku_D_LK_Midthuru_C","KU_D_LK_MIDTHURU_C-MB","Masapet","Masapeta"
"KU_C-KD_SIRIVELLA_C","KU_C-KD_SIRIVELLA_C-MB","Maseedapuram","Maseedupuram"
"KU_D_TB_Devanakonda(b)","KU_D_TB_DEVANAKONDA(B)-MB","Matchapuram","Machapuram"
"KU_C_KD_UYYALAWADA(A)","KU_C_KD_UYYALAWADA(A)-MB","Mayaluru","Mayalur"
"KU_D_V V _Chippagiri -c-(b)","KU_D_V V _CHIPPAGIRI -C-(B)-MB","Medihal","Medehal"
"KU_C_KD_Orvakal(a)-Nc","KU_C_KD_ORVAKAL(A)-NC-MB","Medivemula","Meedivemula"
"KU_C_KD_BANAGANAPALLI(a)","KU_C_KD_BANAGANAPALLI(A)-MB","Meerapuram","Meerapuram"
"KU_C_KD_Sanjamala(b)","KU_C_KD_SANJAMALA(B)-MB","Meerjapuram","Mirjapuram"
"KU_D_TB_ADONI_C","KU_D_TB_ADONI_C-MB","Mekadona","Myakadona"
"KU_D_TB_Dhone(a)","KU_D_TB_DHONE(A)-MB","Mettu Palli","Mettupalle"
"KU_P_KD_Owk","KU_P_KD_OWK-MB","Mettupalli","Mettupalle-1"
"KU_C_KD_Sanjamala(b)","KU_C_KD_SANJAMALA(B)-MB","Michinenipalli","Mikkinenipalle"
"Ku_D_LK_Midthuru_C","KU_D_LK_MIDTHURU_C-MB","Midthuru","Midthur-1"
"KU_C_KD_Gospadu_c","KU_C_KD_GOSPADU_C-MB","Mitnala","Mitnala"
"KU_D_TB_YEMMIGANUR-B_C","KU_D_TB_YEMMIGANUR-B_C-MB","Mitta Somapuram","Mittasompuram"
"Ku_C_KD_B.Atmakuru(b)","KU_C_KD_B.ATMAKURU(B)-MB","Mittakandala","Mittakandala"
"KU-C_KD_Banaganapalli-(C)-C","KU-C_KD_BANAGANAPALLI(C)-MB","Mittapalle","Mittapalle"
"KU_C_KD_ALLAGADDA","KU_C_KD_ALLAGADDA-MB","Mittapalli","Mittalapalle"
"KU_D_TB_ALURU","KU_D_TB_ALURU-MB","Molagavalli","Molagavalli"
"Ku_C_Kd_Bandi Atmakuru (a)_c","KU_C_KD_B.ATMAKURU_-C-MB","Mothukuru","Mothukur"
"KU_C_KD_Sanjamala(b)","KU_C_KD_SANJAMALA(B)-MB","Muchalapuri","Muchalapuri"
"KU_D_TB_ADONI_C","KU_D_TB_ADONI_C-MB","Muchchigiri","Muchigeri"
"Ku_D_TB_Nandikotkuru_C","KU_D_TB_NANDIKOTKURU_C-MB","Muchumarry","Muchumarri"
"KU_D_TB_HOLAGUNDA_C","KU_D_TB_HOLAGUNDA_C-MB","Muddanageri","Muddanagiri"
"KU_C_KD_Orvakal(b)-Nc","KU_C_KD_ORVAKAL(B)-NC-MB","Muddavaram","Muddavaram"
"KU_C_KD_Sanjamala(a)","KU_C_KD_SANJAMALA(A)-MB","Mudigodu","Mudigedu"
"Ku_D_Tb_Kodumuru(a)","KU_D_TB_KODUMURU(A)-MB","Mudumalagutti","Mudumalagurthy"
"KU-D_TB_KOSIGI_C","KU-D_TB_KOSIGI_C-MB","Mugaladoddi","Moogaladoddi"
"KU_D_V V_ halaharvi(a)","KU_D_V V_ HALAHARVI(A)-MB","Mugamanugundi","Mugumangondi"
"KU_D_TB_NANDAVARAM_C","KU_D_TB_NANDAVARAM_C-MB","Mugati","Mugathi"
"KU_C_KD_Sanjamala(a)","KU_C_KD_SANJAMALA(A)-MB","Mukkamalla","Mukkamalla"
"KU_D_TB_Krishnagiri(a)","KU_D_TB_KRISHNAGIRI(A)-MB","Mukkella","Mukkella"
"KU_D-TB_GONEGANDLA","KU_D-TB_GONEGANDLA-MB","Mulagundam","Mulugundam"
"Ku_C_Kd_Bandi Atmakuru (a)_c","KU_C_KD_B.ATMAKURU_-C-MB","Mulasagaram","Moolasagaram (Rural)"
"Ku_c_kd_Panyam(a)","KU_C_KD_PANYAM(A)-MB","Munagala","Munagala-1"
"KU_D_TB_GUDURU_C","KU_D_TB_GUDURU_C-MB","Munagala","Munagala"
"KU_D_TB_KURNOOL","KU_D_TB_KURNOOL-MB","Munagalapadu","Munagalapadu"
"KU_C_KD_Banaganapalli(b)","KU_C_KD_BANAGANAPALLI(B)-MB","Munimadugu","Munimadugu"
"KU_D_TB_KOWTHALAM","KU_D_TB_KOWTHALAM-MB","Murali","Marali"
"Ku_D_Lk_Kothapalli (c)","KU_D_LK_KOTHAPALLI (C)-2-MB","Musalimadugu","Musalimadugu"
"KU_D_TB_ALUR_C","KU_D_TB_ALUR_C-MB","Musanahalli","Musanahalli"
"Ku_D-TB_Aspari(a)","KU_D-TB_ASPARI(A)-MB","Muthukuru","Muthkur"
"Ku_C_kd_Rudravaram (a)","KU_C_KD_RUDRAVARAM NC(A)-MB","Muthuluru","Muthaloor"
"ku_c_kd_chagalamarri_C","KU_P_KD_CHAGALAMARRI-MB","Mutyalapadu","Muthyalapadu-1"
"KU_D_TB_KOWTHALAM(A)_C","KU_D_TB_KOWTHALAM(A)_C-MB","Myaliganuru","Myaliganur"
"KU_C_KD_Orvakal(a)-Nc","KU_C_KD_ORVAKAL(A)-NC-MB","N.Konthalapadu","N.Konthalapadu"
"KU_D_TB_KOWTHALAM","KU_D_TB_KOWTHALAM-MB","Nadichagi","Nadichagi"
"KU_D_TB_PEDDAKADABUR_C","KU_D_TB_PEDDAKADABUR_C-MB","Nadikairawada","Nadikhairavadi"
"KU_D_TB_NANDAVARAM_C","KU_D_TB_NANDAVARAM_C-MB","Nagaladinne","Nagaladinne-1"
"Ku_D_TB_Nandikotkuru_C","KU_D_TB_NANDIKOTKURU_C-MB","Nagalooti","Nagalooty"
"KU_D_TB_ALUR_C","KU_D_TB_ALUR_C-MB","Naganadhahalli","Naganathana Halli"
"KU_D_V V _Chippagiri -c-(b)","KU_D_V V _CHIPPAGIRI -C-(B)-MB","Nagara Dona","Nagaradona-1"
"KU_D_V V_ halaharvi(a)","KU_D_V V_ HALAHARVI(A)-MB","Nagarakanvi","Nagarakanvi"
"KU_D_TB_ALUR_C","KU_D_TB_ALUR_C-MB","Nagaroor","Nagarur"
"Ku_D_TB_Nandikotkuru_C","KU_D_TB_NANDIKOTKURU_C-MB","Nagaturu","Nagatoor"
"Ku_D-TB_Aspari(a)","KU_D-TB_ASPARI(A)-MB","Nalakadoddi","Nalakadoddi"
"Ku_D_Tb_Krishnagiri(b)","KU_D_TB_KRISHNAGIRI(B)-MB","Nallachelimela","Nallachelimal"
"Ku_C_KD_Allagadda (A)","KU_C_KD_ALLAGADDA (A)-MB","Nallagatla","Nallagatla"
"Ku_D_lk_Kothapalli(b)","KU_D_LK_KOTHAPALLI (C)-MB","Nallakalva","Nallakalva"
"KU_D_V V _Chippagiri -c-(b)","KU_D_V V _CHIPPAGIRI -C-(B)-MB","Namakallu","Nemakal"
"KU_D_VV_CHIPPAGIRI-B_C","KU_D_VV_CIPPAGIRI-B_C-MB","Nan-Cherla","Nancharla"
"KU-C_KD_Banaganapalli-(C)-C","KU-C_KD_BANAGANAPALLI(C)-MB","Nandavaram","Nandavaram-1"
"KU_D_TB_NANDAVARAM_C","KU_D_TB_NANDAVARAM_C-MB","Nandavaram","Nandavaram-1"
"Ku_D_TB_Nandikotkuru_C","KU_D_TB_NANDIKOTKURU_C-MB","Nandikotkur","Nandi Kotkur-1"
"Ku_D_lk_Kothapalli(b)","KU_D_LK_KOTHAPALLI (C)-MB","Nandikunta","Nandikunta"
"KU_C_KD_Sanjamala(b)","KU_C_KD_SANJAMALA(B)-MB","Nandipadu","Nandipadu-1"
"Ku_C_Kd_Bandi Atmakuru (a)_c","KU_C_KD_B.ATMAKURU_-C-MB","Nandipalli","Nandipalle"
"KU-C_KD_Banaganapalli-(C)-C","KU-C_KD_BANAGANAPALLI(C)-MB","Nandivargam","Nandivargam"
"Ku_C_Kd_Bandi Atmakuru (a)_c","KU_C_KD_B.ATMAKURU_-C-MB","Nandyal","Nandyal (Rural)"
"Ku_D_TB_Kurnool (A)_NC","KU_D_TB_KURNOOL (A)_NC-MB","Nanoor","Nannur-1"
"Ku_C_kd_Rudravaram (a)","KU_C_KD_RUDRAVARAM NC(A)-MB","Narasapuram","Narasapuram-2"
"Ku_d_tb_Veldurthi","KU_D_TB_VELDURTHI-MB","Narasapuram","Narasapuram-2"
"Ku_C_Kd_Bandi Atmakuru (a)_c","KU_C_KD_B.ATMAKURU_-C-MB","Narayanapuram","Narayanapuram-1"
"KU-D_TB_KOSIGI_C","KU-D_TB_KOSIGI_C-MB","Narayanapuram","Narayanapuram-1"
"KU_D_TB_ALUR_C","KU_D_TB_ALUR_C-MB","Narayanapuram","Narayanapuram-1"
"Ku_d_tb_Veldurthi","KU_D_TB_VELDURTHI-MB","Narlapuram","Narlapuram"
"KU_C_KD_Dornipadu-c","KU_C_KD_DORNIPADU-C-MB","Narsepalle","Narsepalle"
"KU_C_KD_Sanjamala(a)","KU_C_KD_SANJAMALA(A)-MB","Natlakothur","Natla Kothur"
"KU_D_TB_ADONI_C","KU_D_TB_ADONI_C-MB","Naulikallu","Nowlekal"
"Ku_D_TB_Kalluru(a)","KU-D-TB-KALLURU(A)-MB","Nayakallu","Nayakallu"
"Ku_D_TB_Kalluru(a)","KU-D-TB-KALLURU(A)-MB","Nayakallu","Nayakallu"
"Ku_D_TB_Nandikotkuru_C","KU_D_TB_NANDIKOTKURU_C-MB","Nehrunagar(Murvakonda)","Murvakonda"
"KU-D_TB_KOSIGI_C","KU-D_TB_KOSIGI_C-MB","Nelakosigi","Nelakosigi"
"Ku_C_KD_Allagadda (A)","KU_C_KD_ALLAGADDA (A)-MB","Nelampadu","Nelampadu"
"KU_D_TB_HOLAGUNDA_C","KU_D_TB_HOLAGUNDA_C-MB","Neraniki","Neraniki"
"Ku_c_kd_Panyam(a)","KU_C_KD_PANYAM(A)-MB","Nerawada","Nerawada"
"KU_C_MP_PEAPULLY(B)","KU_C_MP_PEAPULLY(B)-MB","Nereducherla","Nereducherla"
"KU_D_TB_Devanakonda(a)","KU_D_TB_DEVANAKONDA(A-MB","Neruduppala","Neruduppala"
"KU_D-TB_GONEGANDLA","KU_D-TB_GONEGANDLA-MB","Nettekallu","Nettekal"
"KU_P_KD_Owk","KU_P_KD_OWK-MB","Nichenametla","Nichenametla"
"KU_D_TB_KURNOOL","KU_D_TB_KURNOOL-MB","Nidzuru","Nidzur"
"KU_C_KD_Sanjamala(a)","KU_C_KD_SANJAMALA(A)-MB","Niluvugondla","Niluvugondla"
"KU_D_V V_ halaharvi(a)","KU_D_V V_ HALAHARVI(A)-MB","Nitravatti","Nitravatti"
"KU_C_KD_UYYALAWADA(A)","KU_C_KD_UYYALAWADA(A)-MB","Nossam","Nossam"
"KU_C_KD_Gospadu_c","KU_C_KD_GOSPADU_C-MB","Nunepalle","Noonepalle (Rural)"
"Ku_D_TB_Kurnool (A)_NC","KU_D_TB_KURNOOL (A)_NC-MB","Nuthanapalli","Noothanapalle"
"KU_C_KD_ALLAGADDA","KU_C_KD_ALLAGADDA-MB","Obulampalli","Obulampalle"
"KU_C_KD_Orvakal(a)-Nc","KU_C_KD_ORVAKAL(A)-NC-MB","Orvakal","Orvakal-1"
"KU_P_KD_Owk","KU_P_KD_OWK-MB","Owk","Owk-1"
"KU_D_TB_Devanakonda(b)","KU_D_TB_DEVANAKONDA(B)-MB","P.Kotakonda","P.Kotakonda"
"KU_D_V V_ halaharvi(a)","KU_D_V V_ HALAHARVI(A)-MB","Pacharlapalli","Patcharahalli"
"KU_C_KD_ALLAGADDA","KU_C_KD_ALLAGADDA-MB","Padakandla","Padakandla"
"KU_C_KD_Dornipadu-c","KU_C_KD_DORNIPADU-C-MB","Padigapadu","Padigepad"
"KU_C_MP_Tuggali(b)","KU_C_MP_TUGGALI(B)-MB","Pagidirai","Pagidiroy"
"Ku_D_LK_Pagidyala-C","KU_D_LK_PAGIDYALA_C-MB","Pagidyala","Pagidyala-1"
"KU_C_KD_Orvakal(b)-Nc","KU_C_KD_ORVAKAL(B)-NC-MB","Palakolanu","Palakolanu"
"KU_D_TB_Devanakonda(a)","KU_D_TB_DEVANAKONDA(A-MB","Palakurthi","Palakurthy"
"Ku_D_LK_Pagidyala-C","KU_D_LK_PAGIDYALA_C-MB","Palamarri(U.I.)","Pathakota(East)"
"Ku_C_KD_Allagadda (A)","KU_C_KD_ALLAGADDA (A)-MB","Palasagaram","Palasagaram"
"KU-C_KD_Banaganapalli-(C)-C","KU-C_KD_BANAGANAPALLI(C)-MB","Palkur","Palukur-1"
"KU_D_TB_ADONI_C","KU_D_TB_ADONI_C-MB","Pallepadu","Pallipadu"
"Ku_D_lk_Kothapalli(b)","KU_D_LK_KOTHAPALLI (C)-MB","Pamulapadu","Pamulapadu-1"
"Ku_D_TB_Kurnool (c)_NC","KU_D_TB_KURNOOL (C)_NC-MB","Panchalingala","Panchalingala-1"
"KU_D_TB_KOWTHALAM(A)_C","KU_D_TB_KOWTHALAM(A)_C-MB","Pandavagallu","Pandavagallu"
"Ku_D_Tb_Pathikonda(b)","KU_D_TB_PATHIKONDA(B)-MB","Pandikona","Pandikona"
"KU_D_TB_KALLURU(B)","KU_D_TB_KALLURU(B)-MB","Pandipadu","Pandipadu"
"KU-C_KD_Banaganapalli-(C)-C","KU-C_KD_BANAGANAPALLI(C)-MB","Pandlapuram","Pandlapuram"
"KU_D_TB_YEMMIGANUR_C","KU_D_TB_YEMMIGANUR_C-MB","Pannakaladinne","Ponakaladinne"
"Ku_c_kd_Panyam(a)","KU_C_KD_PANYAM(A)-MB","Panyam","Panyam-1"
"Ku_C_KD_B.Atmakuru(b)","KU_C_KD_B.ATMAKURU(B)-MB","Paramaturu","Paramatur"
"KU-D-TB-KALLURU(A)","KU_D_TB_KALLURU(A)-MB","Parla","Parla"
"KU_D_TB_YEMMIGANUR_C","KU_D_TB_YEMMIGANUR_C-MB","Parlapalli","Parlapalle"
"Ku_C_Kd_Bandi Atmakuru (a)_c","KU_C_KD_B.ATMAKURU_-C-MB","Parnapalli","Parnapalle"
"Ku_D_LK_Midthuru_C","KU_D_LK_MIDTHURU_C-MB","Parumanchala","Parumanchala-1"
"KU_D_TB_ADONI(A)","KU_D_TB_ADONI(A)-MB","Parvathapuram","Parvathapuram"
"KU_C_KD_PEAPULLY_(A)_NC","KU_C_KD_PEAPULLY-MB","Pasupula","Pasupula-2"
"Ku_D_TB_Kurnool (A)_NC","KU_D_TB_KURNOOL (A)_NC-MB","Pasupula","Pasupula-2"
"KU_C_KD_Gospadu_c","KU_C_KD_GOSPADU_C-MB","Pasurupadu","Pasurapadu"
"KU_C_KD_Banaganapalli(b)","KU_C_KD_BANAGANAPALLI(B)-MB","Patapadu","Pathapadu-1"
"Ku_C_KD_Allagadda (A)","KU_C_KD_ALLAGADDA (A)-MB","Patha Kandukuru","Patha Kandukur"
"Ku-d-tb_Pathikonda(a)","KU-D-TB_PATHIKONDA(A)-MB","Pathikonda","Pattikonda"
"KU_D_TB_Dhone(a)","KU_D_TB_DHONE(A)-MB","Peapully","Peapally-1"
"KU_D_TB_Dhone(a)","KU_D_TB_DHONE(A)-MB","Pedda  Podilla","Peddapodilla"
"Ku_C_Kd_Bandi Atmakuru (a)_c","KU_C_KD_B.ATMAKURU_-C-MB","Pedda Devalapuram","Pedda Devalapuram"
"KU_D_TB_HOLAGUNDA_C","KU_D_TB_HOLAGUNDA_C-MB","Pedda Harivanam","Pedda Harivanam"
"Ku-d-tb_Pathikonda(a)","KU-D-TB_PATHIKONDA(A)-MB","Pedda Hulthi","Pedda Hulthi"
"KU_D_VV_HOLAGONDA_C","KU_D_VV_HOLAGONDA_C-MB","Pedda Hytiya","Peddahyta"
"KU_D_TB_NANDAVARAM_C","KU_D_TB_NANDAVARAM_C-MB","Pedda Kothiliki","Peddakothiliki"
"KU_D_TB_KURNOOL","KU_D_TB_KURNOOL-MB","Pedda Padu","Peddapadu"
"KU_D_TB_ADONI_C","KU_D_TB_ADONI_C-MB","Pedda Tumbalam","Pedda Thumbalam"
"KU_C_KD_KOLIMIGUNDLA","KU_C_KD_KOLIMIGUNDLA-MB","Pedda Venthurla","Peddaventhurla"
"KU_C_KD_Dornipadu-c","KU_C_KD_DORNIPADU-C-MB","Pedda Yemmanuru","Pedda Emmanur"
"KU_D_TB_ALUR_C","KU_D_TB_ALUR_C-MB","Pedda.Hotturu","Peddahottur"
"ku_c_kd_chagalamarri_C","KU_P_KD_CHAGALAMARRI-MB","Peddabodanam","Pedda Bodhanam-1"
"Ku_C_KD_Allagadda (A)","KU_C_KD_ALLAGADDA (A)-MB","PeddaChinthakuta","Peddachintakunta"
"KU_D_TB_HOLAGUNDA_C","KU_D_TB_HOLAGUNDA_C-MB","Peddagonehal","Pedda Gonehal"
"KU_D_TB_PEDDAKADABUR_C","KU_D_TB_PEDDAKADABUR_C-MB","Peddakadaburu","Pedda Kadubur-1"
"Ku_C_Kd_Rudravaram (b)","KU_C_KD_RUDRAVARAM (B)-MB","Peddakambaluru","Pedda Kambaloor"
"KU-C_KD_Banaganapalli-(C)-C","KU-C_KD_BANAGANAPALLI(C)-MB","Peddakopperla","Pedda Kopperla"
"KU_D_TB_YEMMIGANUR_C","KU_D_TB_YEMMIGANUR_C-MB","Peddamarrivedu","Pedda Marriveedu"
"KU-D-TB-C.BELAGAL_C","KU-D-TB-C.BELAGAL_C-MB","Peddanelture","Pedda Nelatur"
"Ku_D_TB_Kalluru(a)","KU-D-TB-KALLURU(A)-MB","Peddatekuru","Pedda Tekur"
"Ku_D_TB_Kalluru(a)","KU-D-TB-KALLURU(A)-MB","Peddatekuru","Pedda Tekur"
"ku_c_kd_chagalamarri_C","KU_P_KD_CHAGALAMARRI-MB","Peddavangali","Pedda Vangali"
"KU-D-TB-KALLURU(A)","KU_D_TB_KALLURU(A)-MB","Penchikalapadu","Penchikalapadu"
"KU_D_TB_Krishnagiri(a)","KU_D_TB_KRISHNAGIRI(A)-MB","Pendekal","Pendikallu"
"Ku_d_tb_Veldurthi","KU_D_TB_VELDURTHI-MB","Pendekal","Pendikallu"
"KU-D_TB_KOSIGI_C","KU-D_TB_KOSIGI_C-MB","Pendekallu","Pendekal"
"KU_C_MP_Tuggali(b)","KU_C_MP_TUGGALI(B)-MB","Peravali","Peravali-1"
"Ku_C_Kd_Rudravaram (b)","KU_C_KD_RUDRAVARAM (B)-MB","Perur","Perur"
"KU_C_KD_Sanjamala(b)","KU_C_KD_SANJAMALA(B)-MB","Perusomula","Perusomala-1"
"KU_D_TB_ADONI_C","KU_D_TB_ADONI_C-MB","Pesalabanda","Pesalabanda"
"KU_D_TB_YEMMIGANUR_C","KU_D_TB_YEMMIGANUR_C-MB","Pesaladinne","Pesaladinne"
"Ku_C_KD_B.Atmakuru(b)","KU_C_KD_B.ATMAKURU(B)-MB","Pesaravai","Pesaravayi"
"KU_C_KD_Sanjamala(b)","KU_C_KD_SANJAMALA(B)-MB","Petnikota","Petnikota"
"KU-D_TB_KOSIGI_C","KU-D_TB_KOSIGI_C-MB","Pikkalabetta","Peekalabetta"
"Ku_c_kd_Panyam(a)","KU_C_KD_PANYAM(A)-MB","Pinnapuram","Pinnapuram-1"
"Ku_D_Lk_Atmakuru(b)","KU_D_LK_ATMAKURU(B)-MB","Pinnapuram(Venkatapuram)","Pinnapuram"
"KU_D_TB_KOWTHALAM","KU_D_TB_KOWTHALAM-MB","Podalakunta","Podalakunta"
"KU-D-TB-C.BELAGAL_C","KU-D-TB-C.BELAGAL_C-MB","Polukallu","Polakal"
"KU-D-TB-C.BELAGAL_C","KU-D-TB-C.BELAGAL_C-MB","Polukudoddi","Palukudoddi"
"Ku_c_kd_Panyam(a)","KU_C_KD_PANYAM(A)-MB","Poluru","Polur"
"KU_D_TB_GUDURU_C","KU_D_TB_GUDURU_C-MB","Ponnekkalu","Ponnakallu"
"KU_C_MP_PEAPULLY(B)","KU_C_MP_PEAPULLY(B)-MB","Pothudoddi","Pothidoddi"
"KU_D_TB_Devanakonda(b)","KU_D_TB_DEVANAKONDA(B)-MB","Pothugallu","Pothugal"
"KU_D_TB_Devanakonda(a)","KU_D_TB_DEVANAKONDA(A-MB","Potlapadu","Potlapadu"
"KU_C_KD_Sanjamala(b)","KU_C_KD_SANJAMALA(B)-MB","Pottipadu","Pottipadu-1"
"KU_D_TB_ADONI_C","KU_D_TB_ADONI_C-MB","Pramandoddi (Omnagaram)","Paramandoddi"
"Ku_D_LK_Pagidyala-C","KU_D_LK_PAGIDYALA_C-MB","Prathakota West","Pathakota(West)"
"Ku-d-tb_Pathikonda(a)","KU-D-TB_PATHIKONDA(A)-MB","Puchakayalamada","Putchakayalamada"
"Ku_D_TB_Kurnool (A)_NC","KU_D_TB_KURNOOL (A)_NC-MB","Pudicherla","Puricherla"
"Ku_D_TB_Kurnool (c)_NC","KU_D_TB_KURNOOL (C)_NC-MB","Puduru","Pudur"
"KU_D_TB_NANDAVARAM_C","KU_D_TB_NANDAVARAM_C-MB","Pulachintha","Poolachinta"
"KU-D-TB-C.BELAGAL_C","KU-D-TB-C.BELAGAL_C-MB","Pulakurti","Pulakurthy"
"Ku_C_KD_B.Atmakuru(b)","KU_C_KD_B.ATMAKURU(B)-MB","Pulimaddi","Pulimaddi"
"Ku_D_TB_Kalluru(a)","KU-D-TB-KALLURU(A)-MB","Pulla gummi","Pullagummi"
"Ku_D_TB_Kalluru(a)","KU-D-TB-KALLURU(A)-MB","Pulla gummi","Pullagummi"
"KU_C_KD_Gospadu_c","KU_C_KD_GOSPADU_C-MB","pusuluru","Pusulur-1"
"KU_D_TB_KALLURU(B)","KU_D_TB_KALLURU(B)-MB","Pusuluru","Pusulur-1"
"KU-D_TB_KOSIGI_C","KU-D_TB_KOSIGI_C-MB","Puttakunta","Puttakunta"
"KU-D-TB-KALLURU(A)","KU_D_TB_KALLURU(A)-MB","Pyalakurhi","Pyalakurthy"
"KU_C_KD_Dornipadu-c","KU_C_KD_DORNIPADU-C-MB","R.Jammuladinne","Reddivari Jambuladinne"
"KU_D_TB_KURNOOL","KU_D_TB_KURNOOL-MB","R.Kontalapadu","R.Kanthalapadu"
"KU_C_KD_Sanjamala(b)","KU_C_KD_SANJAMALA(B)-MB","R.lingamdinne","Lingam Dinne"
"Ku_C_kd_Rudravaram (a)","KU_C_KD_RUDRAVARAM NC(A)-MB","R.Nagulavaram","R.Nagulavaram"
"KU_C_KD_Dornipadu-c","KU_C_KD_DORNIPADU-C-MB","R.Papampalli","R.Papampalle"
"KU_C_KD_Banaganapalli(b)","KU_C_KD_BANAGANAPALLI(B)-MB","Racherla","Racherla-2"
"Ku_C_KD_Allagadda (A)","KU_C_KD_ALLAGADDA (A)-MB","Rajoli","Rajole"
"KU_D_TB_YEMMIGANUR_C","KU_D_TB_YEMMIGANUR_C-MB","Ralladoddi","Ralladoddi"
"KU_C_KD_Sanjamala(a)","KU_C_KD_SANJAMALA(A)-MB","Rallakothur","Rallakothuru"
"KU_C_KD_Sanjamala(b)","KU_C_KD_SANJAMALA(B)-MB","Ramabadrapalle","Ramabhadrunipalle"
"KU_C_KD_Dornipadu-c","KU_C_KD_DORNIPADU-C-MB","Ramachandrapuram","Ramachandrapuram-4"
"KU_D_V V _Chippagiri -c-(b)","KU_D_V V _CHIPPAGIRI -C-(B)-MB","Ramadurgam","Ramadurgam"
"Ku_d_tb_Veldurthi","KU_D_TB_VELDURTHI-MB","Ramallakota","Ramallakota"
"Ku_C_Kd_Bandi Atmakuru (a)_c","KU_C_KD_B.ATMAKURU_-C-MB","Ramapuram","Ramapuram-2"
"KU-D_TB_KOSIGI_C","KU-D_TB_KOSIGI_C-MB","Ramapuram","Ramapuram-2"
"KU_P_KD_Owk","KU_P_KD_OWK-MB","Ramapuram","Ramapuram-2"
"KU-C_KD_Banaganapalli-(C)-C","KU-C_KD_BANAGANAPALLI(C)-MB","Ramateertham","Namatheertham"
"KU_P_KD_Owk","KU_P_KD_OWK-MB","Ramavaram","Ramavaram"
"Ku_C_KD_Allagadda (A)","KU_C_KD_ALLAGADDA (A)-MB","Rampalli","Rampalle"
"KU_D_TB_ADONI_C","KU_D_TB_ADONI_C-MB","Rangapuram","Rangapuram-1"
"KU_C_KD_Banaganapalli(b)","KU_C_KD_BANAGANAPALLI(B)-MB","Rangapuram","Rangapuram-1"
"KU-D-TB-C.BELAGAL_C","KU-D-TB-C.BELAGAL_C-MB","Rangapuram(kondapuram)","Kondapuram-8"
"Ku-d-tb_Pathikonda(a)","KU-D-TB_PATHIKONDA(A)-MB","Ratana","Ratana"
"KU_D_TB_YEMMIGANUR-B_C","KU_D_TB_YEMMIGANUR-B_C-MB","Rayachotti","Rayachoty-1"
"Ku_c_kd_Panyam(a)","KU_C_KD_PANYAM(A)-MB","Rayamallapuram","Rayamalpuram"
"KU-C_KD_Banaganapalli-(C)-C","KU-C_KD_BANAGANAPALLI(C)-MB","Rayapadu","Rayapadu"
"Ku_C_KD_B.Atmakuru(b)","KU_C_KD_B.ATMAKURU(B)-MB","Regadaguduru","Regadigudur"
"KU_D_TB_GUDURU_C","KU_D_TB_GUDURU_C-MB","Regadikhanapuram","Regadi Khanapuram"
"KU_D_TB_KALLURU(B)","KU_D_TB_KALLURU(B)-MB","Remaduru","Remadur"
"KU_D_TB_KURNOOL","KU_D_TB_KURNOOL-MB","Remata","Remata"
"KU_C_KD_BANAGANAPALLI(a)","KU_C_KD_BANAGANAPALLI(A)-MB","Reserve Forest","Forest-26"
"KU-C_KD_Banaganapalli-(C)-C","KU-C_KD_BANAGANAPALLI(C)-MB","Reserve Forest","Forest-26"
"Ku_c_kd_Panyam(a)","KU_C_KD_PANYAM(A)-MB","Reserve Forest","Forest-26"
"Ku_C_Kd_Rudravaram (b)","KU_C_KD_RUDRAVARAM (B)-MB","Reserve Forest","Forest-26"
"KU_C_KD_VELUGODU","KU_C_GKD_VELUGODU-MB","Reserve Forest","Forest-26"
"KU_C_KD_ALLAGADDA","KU_C_KD_ALLAGADDA-MB","Reserve forest","Forest-26"
"KU_C_KD_MAHANANDI(RF)","KU_C_KD_MAHANANDI(RF)-MB","RESERVE FOREST","Forest-26"
"KU_C_KD_PEAPULLY_(A)_NC","KU_C_KD_PEAPULLY-MB","Reserve Forest","Forest-26"
"KU_C_KD_Banaganapalli(b)","KU_C_KD_BANAGANAPALLI(B)-MB","Reserve Forest","Forest-26"
"KU_D_LK_Atmakuru(a)","KU_D_LK_ATMAKURU(A)-MB","Reserve forest","Forest-26"
"Ku_D_Lk_Atmakuru(b)","KU_D_LK_ATMAKURU(B)-MB","Reserve forest","Forest-26"
"Ku_D_Lk_Kothapalli (a)","KU_D_LK_KOTHAPALLI (A)-MB","Reserve forest","Forest-26"
"Ku_D-Lk_Kothapalli(d)","KU_D-LK_KOTHAPALLI(D)-MB","RESERVE FOREST","Forest-26"
"Ku_c_Gkd_Velugodu","KU_C_KD_VELUGODU-MB","Reserve forest","Forest-26"
"KU_C_KD_Gospadu_c","KU_C_KD_GOSPADU_C-MB","Revanuru","Revanur"
"Ku_C_Kd_Bandi Atmakuru (a)_c","KU_C_KD_B.ATMAKURU_-C-MB","RF","Forest-24"
"KU_D_TB_Devanakonda(b)","KU_D_TB_DEVANAKONDA(B)-MB","RF","Forest-24"
"Ku_C_kd_Rudravaram (a)","KU_C_KD_RUDRAVARAM NC(A)-MB","RF","Forest-24"
"KU_C_KD_Orvakal(a)-Nc","KU_C_KD_ORVAKAL(A)-NC-MB","RF","Forest-24"
"KU_C_MP_PEAPULLY(B)","KU_C_MP_PEAPULLY(B)-MB","RF","Forest-24"
"Ku_C_MP_Tuggali(a)","KU_C_MP_TUGGALI(A)-MB","RF","Forest-24"
"KU_D_TB_Devanakonda(a)","KU_D_TB_DEVANAKONDA(A-MB","RF","Forest-24"
"Ku-d-tb_Pathikonda(a)","KU-D-TB_PATHIKONDA(A)-MB","RF","Forest-24"
"KU_C_KD_Orvakal(b)-Nc","KU_C_KD_ORVAKAL(B)-NC-MB","RF Area","Forest-21"
"KU_C_KD_Orvakal(b)-Nc","KU_C_KD_ORVAKAL(B)-NC-MB","RF Area","Forest-21"
"KU_C_KD_Orvakal(c)-Nc","KU_C_KD_ORVAKAL(C)-NC-MB","RF area","Forest-21"
"KU_D_LK_SRISAILAM(b)","KU_D_LK_SRISAILAM(B)-MB","RF Area","Forest-21"
"KU_C_KD_VELUGODU","KU_C_GKD_VELUGODU-MB","RF(Abbirajugunta)","Abbirajukunta"
"KU_D_LK_Atmakuru(a)","KU_D_LK_ATMAKURU(A)-MB","RF(Bairlutti gudem)","Forest-398"
"Ku_d_tb_Veldurthi","KU_D_TB_VELDURTHI-MB","RF(Dhone)","Dhone @ Dronachalam"
"KU_D_LK_SRISAILAM (a)","KU_D_LK_SRISAILAM_A(PART ONGOL-MB","RF(Gudem Devastanam )","Srisailamgudem Devasthanam (CT)"
"Ku_D_Lk_Kothapalli (c)","KU_D_LK_KOTHAPALLI (C)-2-MB","RF(Guvvala Konda)","Guvvalakunta"
"KU_D_LK_SRISAILAM (a)","KU_D_LK_SRISAILAM_A(PART ONGOL-MB","RF(Hatakesularam )","Hatakeswaram"
"KU_D_LK_Atmakuru(a)","KU_D_LK_ATMAKURU(A)-MB","RF(Indireswaram gudem)","Indireswaram"
"KU_D_LK_Atmakuru(a)","KU_D_LK_ATMAKURU(A)-MB","RF(Nagalootigudem)","Forest-398"
"KU_P_KD_Owk","KU_P_KD_OWK-MB","RF(Owk)","Owk-1"
"KU_C_KD_VELUGODU","KU_C_GKD_VELUGODU-MB","RF(Pangidiguduru)","Pangidigudem-1"
"KU_C_KD_PANYAM(B)","KU_C_KD_PANYAM(B)-MB","RF(Panyam)","Panyam-1"
"ku_c_kd_chagalamarri_C","KU_P_KD_CHAGALAMARRI-MB","RF(Rudravaram)","Forest-41"
"KU_D_LK_Atmakuru(a)","KU_D_LK_ATMAKURU(A)-MB","RF(Sanjeevanagarthanda)","Forest-398"
"KU_D_LK_SRISAILAM (a)","KU_D_LK_SRISAILAM_A(PART ONGOL-MB","RF(Sikharam )","Sikharam"
"KU_D_LK_SRISAILAM (a)","KU_D_LK_SRISAILAM_A(PART ONGOL-MB","RF(Srisailam Project & Sunnipenta)","Srisailam Project (Right Flank Colony) T"
"Ku_d_tb_Veldurthi","KU_D_TB_VELDURTHI-MB","RF(Veldurthi)","Veldurthi-1"
"KU_D_TB_ADONI_C","KU_D_TB_ADONI_C-MB","Rochumarri","Rachumarri"
"KU_D_TB_KURNOOL","KU_D_TB_KURNOOL-MB","Roja","Roja"
"Ku_C_kd_Miduthuru-c","KU_C_KD_MIDUTHURU-C-MB","Rollapadu","Rollapadu"
"KU_D_TB_KOWTHALAM(A)_C","KU_D_TB_KOWTHALAM(A)_C-MB","Rouduru","Rowdur"
"Ku_C_kd_Rudravaram (a)","KU_C_KD_RUDRAVARAM NC(A)-MB","Rudravaram","Rudravaram-3"
"Ku_D_TB_Kurnool (A)_NC","KU_D_TB_KURNOOL (A)_NC-MB","Rudravaram","Rudravaram-3"
"KU_C_KD_UYYALAWADA(A)","KU_C_KD_UYYALAWADA(A)-MB","Rupanagudi","Rupamagudi"
"Ku_d_tb_Veldurthi","KU_D_TB_VELDURTHI-MB","S.Boyanapalli","Sho.Boyanapalle"
"KU_C_KD_KOLIMIGUNDLA","KU_C_KD_KOLIMIGUNDLA-MB","S.Chennampalli","Shotrium Chennampalle"
"KU_C_KD_Sanjamala(b)","KU_C_KD_SANJAMALA(B)-MB","S.Dattapuram","Dattapuram"
"KU_D_TB_Devanakonda(b)","KU_D_TB_DEVANAKONDA(B)-MB","S.Erragudi","Shotrium Yerragudi"
"Ku_C_Kd_Bandi Atmakuru (a)_c","KU_C_KD_B.ATMAKURU_-C-MB","S.Juturu","Santhajutur"
"KU_D_TB_ADONI(A)","KU_D_TB_ADONI(A)-MB","S.Kondapuram","S.Kondapuram"
"KU_C_KD_Gospadu_c","KU_C_KD_GOSPADU_C-MB","S.Kulluru","S.Kuluru"
"Ku_C_KD_Allagadda (A)","KU_C_KD_ALLAGADDA (A)-MB","S.Lingamdinne","S.Lingamdinne"
"KU_C_KD_Gospadu_c","KU_C_KD_GOSPADU_C-MB","S.Nagulavaram","S.Nagulavaram"
"Ku_d_tb_Veldurthi","KU_D_TB_VELDURTHI-MB","S.Peremula","Sho.Peremula"
"Ku_C_MP_Tuggali(a)","KU_C_MP_TUGGALI(A)-MB","S.Ramayampeta","Shrotrium Rayampeta"
"Ku_C_MP_Tuggali(a)","KU_C_MP_TUGGALI(A)-MB","S.Rangapuram","Shrotrium Rangapuram"
"KU_C_KD_PEAPULLY_(A)_NC","KU_C_KD_PEAPULLY-MB","S.Valasala","Shotrium Valasala"
"KU-D_TB_KOSIGI_C","KU-D_TB_KOSIGI_C-MB","Sajjalagadda","Sajjalaguddam"
"KU_D-TB_GONEGANDLA","KU_D-TB_GONEGANDLA-MB","Salakalakonda","Salakalakonda"
"KU_C_KD_Banaganapalli(b)","KU_C_KD_BANAGANAPALLI(B)-MB","salamabad","Salamabad"
"KU-D-TB-KALLURU(A)","KU_D_TB_KALLURU(A)-MB","Salkapuram","Salkapuram"
"KU_D_VV_HOLAGONDA_C","KU_D_VV_HOLAGONDA_C-MB","Samatigiri","Sammathagiri"
"KU_D-TB_GONEGANDLA","KU_D-TB_GONEGANDLA-MB","Sambagallu","Sambagallu"
"KU_C_KD_Gospadu_c","KU_C_KD_GOSPADU_C-MB","Sambavaram","Sambavaram"
"KU_P_KD_Owk","KU_P_KD_OWK-MB","Sangapatnam","Sangapatnam"
"Ku_D_Lk_Kothapalli (c)","KU_D_LK_KOTHAPALLI (C)-2-MB","Sangmeswaram","Sangamesvaram"
"KU_C_KD_Sanjamala(a)","KU_C_KD_SANJAMALA(A)-MB","Sanjamala","Sanjamala-1"
"KU-C_KD_Banaganapalli-(C)-C","KU-C_KD_BANAGANAPALLI(C)-MB","Sankalapuram","Sankalapuram"
"Ku_D-TB_Aspari(a)","KU_D-TB_ASPARI(A)-MB","Sankarabanda","Sankarabanda"
"KU_D_TB_ADONI(A)","KU_D_TB_ADONI(A)-MB","Santekulluru","Santhekudlur"
"KU_D_TB_YEMMIGANUR-B_C","KU_D_TB_YEMMIGANUR-B_C-MB","Sardarpuram","Sardarpuram"
"Ku_d_tb_Veldurthi","KU_D_TB_VELDURTHI-MB","Sarparajapuram","Sarparajapuram"
"KU_C_KD_Dornipadu-c","KU_C_KD_DORNIPADU-C-MB","Sarvaipalli","Sarvaipalle"
"Ku_D_TB_Nandikotkuru_C","KU_D_TB_NANDIKOTKURU_C-MB","Satanikota","Santhanikota"
"KU-D_TB_KOSIGI_C","KU-D_TB_KOSIGI_C-MB","Satanuru","Sathanur"
"KU_C_KD_Orvakal(c)-Nc","KU_C_KD_ORVAKAL(C)-NC-MB","Sekunala","Sakunala"
"ku_c_kd_chagalamarri_C","KU_P_KD_CHAGALAMARRI-MB","Settiveedu","Settiveedu"
"Ku_C_MP_Tuggali(a)","KU_C_MP_TUGGALI(A)-MB","Sho-Nallaballe","Shrotrium Nallaballe"
"KU_D_TB_Dhone (b)","KU_D_TB_DHONE (B)-MB","Shotrium  Gundala","Shotrium Gundala"
"KU_D_V V_ halaharvi(a)","KU_D_V V_ HALAHARVI(A)-MB","Siddapuram","Siddapuram-1"
"Ku_D_Lk_Atmakuru(b)","KU_D_LK_ATMAKURU(B)-MB","Siddapuram","Siddapuram"
"Ku_D_Lk_Atmakuru(b)","KU_D_LK_ATMAKURU(B)-MB","Siddepalli","Siddepalle"
"Ku_D_Lk_Kothapalli (c)","KU_D_LK_KOTHAPALLI (C)-2-MB","Siddeswaram","Siddheswaram"
"KU_P_KD_Owk","KU_P_KD_OWK-MB","Singanapalli","Singanapalle"
"KU_D_TB_ADONI_C","KU_D_TB_ADONI_C-MB","Singarajanipalli","Singarajanahalli"
"KU_C-KD_SIRIVELLA_C","KU_C-KD_SIRIVELLA_C-MB","Sirivella","Sirvel-1"
"KU_D_VV_CHIPPAGIRI-B_C","KU_D_VV_CIPPAGIRI-B_C-MB","Sirugapuram","Sirugapuram"
"Ku_D-Lk_Kothapalli(d)","KU_D-LK_KOTHAPALLI(D)-MB","Sivapuram","Sivapuram-4"
"KU_C_KD_Sanjamala(a)","KU_C_KD_SANJAMALA(A)-MB","Sivavaram","Sivavaram"
"KU_D_TB_YEMMIGANUR-B_C","KU_D_TB_YEMMIGANUR-B_C-MB","Soganuru","Soganur"
"KU_C_KD_Orvakal(b)-Nc","KU_C_KD_ORVAKAL(B)-NC-MB","Somayajulapalli","Somyajulapalle"
"KU_C_KD_Sanjamala(a)","KU_C_KD_SANJAMALA(A)-MB","Soudaradinne","Soulderdinne"
"KU_D_TB_ADONI_C","KU_D_TB_ADONI_C-MB","Sowlehalli","Sowla Halli"
"KU_D_VV_CHIPPAGIRI-B_C","KU_D_VV_CIPPAGIRI-B_C-MB","SreedarHal","Sreedarahal"
"Ku_C_Kd_Rudravaram (b)","KU_C_KD_RUDRAVARAM (B)-MB","Sreerangapuram","Sreerangapuram"
"KU_C_KD_Dornipadu-c","KU_C_KD_DORNIPADU-C-MB","Suddamalla","Suddamalla"
"Ku_d_tb_Veldurthi","KU_D_TB_VELDURTHI-MB","Sudepalli","Sudepalle"
"KU_D_TB_PEDDAKADABUR_C","KU_D_TB_PEDDAKADABUR_C-MB","Suguru","Sugur"
"KU_D_TB_KOWTHALAM","KU_D_TB_KOWTHALAM-MB","Sulakeri","Sulakeri"
"KU_D_TB_ADONI_C","KU_D_TB_ADONI_C-MB","Sultanapuram","Sulthanapuram"
"KU_D_V V_ halaharvi(a)","KU_D_V V_ HALAHARVI(A)-MB","Suluyi","Suluvoy"
"KU_C_KD_Sanjamala(b)","KU_C_KD_SANJAMALA(B)-MB","Sunkesula","Sunkesula-3"
"KU_D_TB_KURNOOL","KU_D_TB_KURNOOL-MB","Sunkesula","Sunkesula"
"KU_C_KD_Orvakal(a)-Nc","KU_C_KD_ORVAKAL(A)-NC-MB","Sunkesula","Sunkesula-3"
"KU_D_TB_ADONI_C","KU_D_TB_ADONI_C-MB","Sunkeswari","Sunkeswari"
"Ku_C_kd_Rudravaram (a)","KU_C_KD_RUDRAVARAM NC(A)-MB","T.Lingamdinne","T.Lingamdinne"
"KU_D_TB_YEMMIGANUR-B_C","KU_D_TB_YEMMIGANUR-B_C-MB","T.Sallagudur","Tsallakudlur"
"Ku_C_kd_Miduthuru-c","KU_C_KD_MIDUTHURU-C-MB","Talamudipi","Talamudipi"
"KU_D_TB_ASPARI","KU_D_TB_ASPARI-MB","Tangaradona","Tangaradona"
"KU-C_KD_Banaganapalli-(C)-C","KU-C_KD_BANAGANAPALLI(C)-MB","Tangaturu","Tangutoor"
"KU_D_TB_ADONI_C","KU_D_TB_ADONI_C-MB","Tarapuram","Tarapuram"
"Ku_D_LK_Midthuru_C","KU_D_LK_MIDTHURU_C-MB","Tarigopula","Tarigopula"
"Ku_D_LK_J.Bunglow_C","KU_D_LK_J.BUNGLOW_C-MB","Tarthuru","Tartur"
"Ku_D_LK_J.Bunglow_C","KU_D_LK_J.BUNGLOW_C-MB","Tatipadu","Tatipadu-1"
"KU_C_KD_Gospadu_c","KU_C_KD_GOSPADU_C-MB","Tellapuri","Tellapuri"
"KU_D_TB_Devanakonda(a)","KU_D_TB_DEVANAKONDA(A-MB","Ternekal","Ternekal"
"Ku_D_TB_Kurnool (A)_NC","KU_D_TB_KURNOOL (A)_NC-MB","Thadakalapalli","Thadakanapalle"
"KU_D_TB_Dhone (b)","KU_D_TB_DHONE (B)-MB","Thalla  Gokulapadu","Tallagokulapadu"
"Ku_C_Kd_Bandi Atmakuru (a)_c","KU_C_KD_B.ATMAKURU_-C-MB","Thammadapalli","Thammadapalle"
"KU_C_KD_Sanjamala(a)","KU_C_KD_SANJAMALA(A)-MB","Thammadapalli","Thammadapalle"
"Ku_c_kd_Panyam(a)","KU_C_KD_PANYAM(A)-MB","Thammarajupalli","Thammarajupalle"
"Ku_D_LK_J.Bunglow_C","KU_D_LK_J.BUNGLOW_C-MB","Thangadancha","Tangadancha"
"KU_C_KD_KOLIMIGUNDLA","KU_C_KD_KOLIMIGUNDLA-MB","Thimmanayanipeta","Thimmanayunipeta"
"Ku_C_Kd_Bandi Atmakuru (a)_c","KU_C_KD_B.ATMAKURU_-C-MB","Thimmapuram","Thimmapuram-2"
"KU_D_TB_Devanakonda(b)","KU_D_TB_DEVANAKONDA(B)-MB","Thimmapuram","Thimmapuram-2"
"KU_D_V V _Chippagiri -c-(b)","KU_D_V V _CHIPPAGIRI -C-(B)-MB","Thimmapuram","Thimmapuram-2"
"Ku_D_LK_Midthuru_C","KU_D_LK_MIDTHURU_C-MB","Thimmapuram","Thimmapuram-2"
"KU_D_TB_KOWTHALAM","KU_D_TB_KOWTHALAM-MB","Thippaaldoddi","Thippaladoddi"
"KU_D_TB_Devanakonda(b)","KU_D_TB_DEVANAKONDA(B)-MB","Thippanuru","Thippanur"
"Ku_c_kd_Panyam(a)","KU_C_KD_PANYAM(A)-MB","Thirupadu","Thirupadu"
"ku_c_kd_chagalamarri_C","KU_P_KD_CHAGALAMARRI-MB","Thodendlapalli","Thodendlapalle"
"Ku_D_Tb_Krishnagiri(b)","KU_D_TB_KRISHNAGIRI(B)-MB","Thogarachedu","Thogarchedu"
"KU_C_KD_KOLIMIGUNDLA","KU_C_KD_KOLIMIGUNDLA-MB","Tholamadugu","Thollamadugu"
"KU_C_KD_UYYALAWADA(A)","KU_C_KD_UYYALAWADA(A)-MB","Thudumuladinne","Thudumuladinne"
"KU_D_TB_ALUR_C","KU_D_TB_ALUR_C-MB","Thummalabedu","Thumbalabeedu"
"KU_C_KD_KOLIMIGUNDLA","KU_C_KD_KOLIMIGUNDLA-MB","Thummalapenta","Thummalamenta"
"Ku_D_LK_Midthuru_C","KU_D_LK_MIDTHURU_C-MB","Thummaluru","Thummalur"
"KU-C_KD_Banaganapalli-(C)-C","KU-C_KD_BANAGANAPALLI(C)-MB","Tiimmapuram","Thimmapuram-3"
"KU_C_KD_Orvakal(c)-Nc","KU_C_KD_ORVAKAL(C)-NC-MB","Tippayapalle","Thippayapalle"
"KU_C_KD_Gospadu_c","KU_C_KD_GOSPADU_C-MB","Togarachedu","Thogarchedu-1"
"KU_D_TB_KOWTHALAM(A)_C","KU_D_TB_KOWTHALAM(A)_C-MB","Tovi","Thovi"
"Ku_C_KD_B.Atmakuru(b)","KU_C_KD_B.ATMAKURU(B)-MB","Tudicherla","Thudicherla"
"KU_C_MP_Tuggali(b)","KU_C_MP_TUGGALI(B)-MB","Tuggali","Tuggali-1"
"KU-D_TB_KOSIGI_C","KU-D_TB_KOSIGI_C-MB","Tunbiganuru","Thumbiganur-1"
"KU_D_TB_ASPARI","KU_D_TB_ASPARI-MB","Turuvagaallu","Thurvagal"
"KU_D_TB_Dhone (b)","KU_D_TB_DHONE (B)-MB","Udumulapadu","Udumulapadu"
"Ku_c_kd_Panyam(a)","KU_C_KD_PANYAM(A)-MB","Udumulapuram","Udumalpuram"
"KU_D_TB_KURNOOL","KU_D_TB_KURNOOL-MB","Ulchela","Ulchala"
"Ku_D_TB_Kalluru(a)","KU-D-TB-KALLURU(A)-MB","Ulindakonda","Ulindakonda"
"Ku_D_TB_Kalluru(a)","KU-D-TB-KALLURU(A)-MB","Ulindakonda","Ulindakonda"
"KU_D_TB_Dhone (b)","KU_D_TB_DHONE (B)-MB","Ungarani gundla","Ungaranigundla"
"KU_P_KD_Owk","KU_P_KD_OWK-MB","Uppalapadu","Uppalapadu-1"
"KU_C_KD_Orvakal(a)-Nc","KU_C_KD_ORVAKAL(A)-NC-MB","Uppalapadu","Uppalapadu"
"KU_D_TB_KOWTHALAM(A)_C","KU_D_TB_KOWTHALAM(A)_C-MB","Upparahallu","Upparahal"
"KU_D_TB_KOWTHALAM(A)_C","KU_D_TB_KOWTHALAM(A)_C-MB","Urukunda","Urukunda"
"KU_C_KD_Dornipadu-c","KU_C_KD_DORNIPADU-C-MB","Uyyalawada","Uyyalawada-2"
"KU_C_KD_Orvakal(a)-Nc","KU_C_KD_ORVAKAL(A)-NC-MB","Uyyalawada","Uyyalawada-2"
"KU_D_TB_ADONI(A)","KU_D_TB_ADONI(A)-MB","V.Kondapuram","V.Kondapuram"
"Ku_D_TB_Nandikotkuru_C","KU_D_TB_NANDIKOTKURU_C-MB","Vaddemanu","Vaddamanu"
"KU_D_LK_Atmakuru(a)","KU_D_LK_ATMAKURU(A)-MB","Vadla Ramapuram","Vadla Ramapuram"
"KU_D_TB_PEDDAKADABUR_C","KU_D_TB_PEDDAKADABUR_C-MB","Vagarur","Hagaruru Thimmapuram"
"KU_C_KD_Banaganapalli(b)","KU_C_KD_BANAGANAPALLI(B)-MB","Vajragiri","Vajragiri"
"KU-C_KD_Banaganapalli-(C)-C","KU-C_KD_BANAGANAPALLI(C)-MB","Vallampadu","Vallampadu"
"KU_D_TB_KOWTHALAM","KU_D_TB_KOWTHALAM-MB","Valluru","Vallur-3"
"Ku_C_kd_Miduthuru-c","KU_C_KD_MIDUTHURU-C-MB","Vanala","Vanala"
"KU_D_TB_KOWTHALAM","KU_D_TB_KOWTHALAM-MB","Vandagallu","Vandagallu"
"Ku_C_KD_Allagadda (A)","KU_C_KD_ALLAGADDA (A)-MB","Vanikamdinne","Vanikemdinne"
"KU_C_KD_Gospadu_c","KU_C_KD_GOSPADU_C-MB","Vantivelagala","Vantivelagala"
"Ku_D_Tb_Kodumuru(a)","KU_D_TB_KODUMURU(A)-MB","Varkuru","Varkur"
"KU_C_KD_Sanjamala(a)","KU_C_KD_SANJAMALA(A)-MB","Vasantapuram","Vasanthapuram"
"Ku_D_LK_J.Bunglow_C","KU_D_LK_J.BUNGLOW_C-MB","Veepanagundla","Veepanagandla"
"Ku_D_Lk_Kothapalli (a)","KU_D_LK_KOTHAPALLI (A)-MB","Veerabhadra Durgam","Veerabhadradurgam"
"Ku_D_TB_Nandikotkuru_C","KU_D_TB_NANDIKOTKURU_C-MB","Veerapuram","Pathakota(East)"
"Ku_C_kd_Rudravaram (a)","KU_C_KD_RUDRAVARAM NC(A)-MB","Velagalapall","Velagalapalle"
"KU-C_KD_Banaganapalli-(C)-C","KU-C_KD_BANAGANAPALLI(C)-MB","Velagaturu","Velagatur"
"Ku_d_tb_Veldurthi","KU_D_TB_VELDURTHI-MB","Veldurthi","Veldurthi-1"
"Ku_C_KD_B.Atmakuru(b)","KU_C_KD_B.ATMAKURU(B)-MB","Velpanuru","Velpanur"
"KU_C_KD_VELUGODU","KU_C_GKD_VELUGODU-MB","Velugodu","Velgode-1"
"KU_C_KD_Dornipadu-c","KU_C_KD_DORNIPADU-C-MB","Vemgampalli","Vengampalle"
"Ku_C_KD_B.Atmakuru(b)","KU_C_KD_B.ATMAKURU(B)-MB","Vempenta","Vempenta"
"Ku_D_Tb_Kodumuru(a)","KU_D_TB_KODUMURU(A)-MB","Vemugodu","Vemugodu"
"KU_P_KD_Owk","KU_P_KD_OWK-MB","Vemulapadu","Vemulapadu"
"KU_D_VV_HOLAGONDA_C","KU_D_VV_HOLAGONDA_C-MB","Vendavagulu","Vandavagali"
"KU_D_TB_Dhone(a)","KU_D_TB_DHONE(A)-MB","Vengalam Palli","Vengalampalle"
"KU_D_TB_ADONI(A)","KU_D_TB_ADONI(A)-MB","Vengalapuram","Vengalapuram"
"KU-C_KD_Banaganapalli-(C)-C","KU-C_KD_BANAGANAPALLI(C)-MB","Venkatapuram","Venkatapuram-1"
"KU_D_TB_Dhone (b)","KU_D_TB_DHONE (B)-MB","Venkatapuram","Venkatapuram"
"KU_D_TB_KOWTHALAM(A)_C","KU_D_TB_KOWTHALAM(A)_C-MB","Virladinne","Veerladinne"
"KU_D_TB_ADONI(A)","KU_D_TB_ADONI(A)-MB","Virupapuram","Virupapuram"
"KU_D_V V_ halaharvi(a)","KU_D_V V_ HALAHARVI(A)-MB","Virupapuram","Virupapuram"
"KU-C_KD_Banaganapalli-(C)-C","KU-C_KD_BANAGANAPALLI(C)-MB","Vittalapuram","Vittalapuram"
"KU_C_KD_Gospadu_c","KU_C_KD_GOSPADU_C-MB","w.Govindinne","W.Govindinne"
"KU_C_MP_Tuggali(b)","KU_C_MP_TUGGALI(B)-MB","Yadavali","Edavali"
"KU_C_KD_ALLAGADDA","KU_C_KD_ALLAGADDA-MB","Yadawada","Yadawada"
"KU_C_KD_BANAGANAPALLI(a)","KU_C_KD_BANAGANAPALLI(A)-MB","Yagantipalli","Yagantipalle-1"
"Ku_D_Tb_Pathikonda(b)","KU_D_TB_PATHIKONDA(B)-MB","Yalamakuru","Velamakuru"
"KU_C_KD_Gospadu_c","KU_C_KD_GOSPADU_C-MB","Yalluru","Yalluru"
"KU_C_KD_BANAGANAPALLI(a)","KU_C_KD_BANAGANAPALLI(A)-MB","Yanagandla","Enakandla-1"
"KU-D_TB_KOSIGI_C","KU-D_TB_KOSIGI_C-MB","Yandapalli","Yandapalle"
"KU_D_TB_Dhone (b)","KU_D_TB_DHONE (B)-MB","Yapa  Dinne","Yapadinne"
"Ku_D_TB_Kalluru(a)","KU-D-TB-KALLURU(A)-MB","Yaparlapadu","Yaparlapadu"
"Ku_D_TB_Kalluru(a)","KU-D-TB-KALLURU(A)-MB","Yaparlapadu","Yaparlapadu"
"KU_D_TB_ASPARI","KU_D_TB_ASPARI-MB","Yatakallu","Yatakallu"
"KU_D_TB_ADONI(A)","KU_D_TB_ADONI(A)-MB","Yedavalli","Yadavalle"
"KU_D_TB_Dhone (b)","KU_D_TB_DHONE (B)-MB","Yeddu Penta","Eddupenta"
"Ku_D_TB_Nandikotkuru_C","KU_D_TB_NANDIKOTKURU_C-MB","Yellala","Pathakota(West)"
"KU_D_TB_HOLAGUNDA_C","KU_D_TB_HOLAGUNDA_C-MB","Yellarthi","Yellarthy-1"
"Ku_C_Kd_Rudravaram (b)","KU_C_KD_RUDRAVARAM (B)-MB","Yellavathulla","Ellavathula"
"KU_D_TB_YEMMIGANUR-B_C","KU_D_TB_YEMMIGANUR-B_C-MB","Yemmiganur","Yemmiganur (M)"
"KU_D_TB_KALLURU(B)","KU_D_TB_KALLURU(B)-MB","Yerradoddi","Yerradoddi"
"KU_C_KD_BANAGANAPALLI(a)","KU_C_KD_BANAGANAPALLI(A)-MB","Yerragudi","Yerragudi"
"Ku_C_KD_B.Atmakuru(b)","KU_C_KD_B.ATMAKURU(B)-MB","Yerraguntla","Yerraguntla-2"
"Ku_D_Lk_Kothapalli (c)","KU_D_LK_KOTHAPALLI (C)-2-MB","Yerramattam","Erramatam"
